latitude,longitude,area,hour,crime_category,risk_score,risk_label
12.974908023769473,77.57872710405549,Residential Area,8,Assault,0.4934153908688816,1
13.090142861281983,77.594687131875,Suburbs,5,Stalking,0.5024236708543379,1
13.04639878836228,77.67090947864044,Park/Isolation Zone,19,Safe,0.50212159724852,1
13.019731696839408,77.56800087721199,Industrial Area,2,Assault,0.9426384138570537,2
12.931203728088487,77.67392993696244,Industrial Area,7,Safe,0.2685349992622312,0
12.93119890406724,77.51762688619534,Industrial Area,2,Assault,0.8608979422364921,2
12.91161672243364,77.65535968744173,Downtown,0,Assault,0.9135842009133541,2
13.073235229154987,77.66950952661095,Downtown,19,Safe,0.40567927728817094,1
13.020223002348642,77.53636353056747,Industrial Area,12,Safe,0.32671208895363196,0
13.041614515559209,77.58606930647444,Residential Area,20,Assault,0.6036156920029243,1
12.904116898859161,77.53309995493274,Residential Area,4,Assault,0.546035509307164,1
13.093981970432399,77.64132082579884,Downtown,15,Safe,0.2102601695023129,0
13.066488528160084,77.60706955361233,Industrial Area,20,Safe,0.5169726707947765,1
12.942467822135656,77.62706466934166,Residential Area,23,Harassment,0.6159468081035504,1
12.93636499344142,77.53929739339124,Downtown,15,Harassment,0.4901608135101969,1
12.936680901970687,77.54234917241048,Industrial Area,23,Harassment,0.8459458196638646,2
12.960848448591907,77.50829946510198,Suburbs,11,Stalking,0.3008136155407979,0
13.004951286326447,77.56441350703915,Industrial Area,12,Assault,0.6329747566694672,1
12.986389003728423,77.61194893226674,Industrial Area,3,Theft,0.7840506643865781,2
12.958245828039608,77.67158698279947,Park/Isolation Zone,8,Stalking,0.5592232461492749,1
13.022370578944475,77.63338548949174,Park/Isolation Zone,15,Assault,0.6795877554133997,2
12.927898772130408,77.58707926467996,Suburbs,0,Theft,0.5240316559751885,1
12.958428929707043,77.69062402287884,Suburbs,4,Harassment,0.4130941153901174,1
12.973272368658739,77.64384904011517,Industrial Area,20,Theft,0.5934925637319955,1
12.991213996843408,77.68603304057251,Residential Area,4,Safe,0.2257083951808926,0
13.057035192278603,77.60551759465443,Suburbs,23,Safe,0.38007271334792525,1
12.939934756431672,77.55178085495862,Industrial Area,18,Assault,0.813423167555798,2
13.002846887682722,77.51056533727295,Downtown,8,Stalking,0.5499044095748894,1
13.018482913772408,77.64521697029677,Park/Isolation Zone,7,Harassment,0.5882289519849471,1
12.909290082544,77.5242605996011,Residential Area,18,Assault,0.6088204707836068,1
13.021508970380287,77.5605550256544,Industrial Area,17,Harassment,0.5819689415726154,1
12.934104824737458,77.60649418157678,Downtown,14,Safe,0.28295040785669623,0
12.913010318597056,77.61288331755595,Park/Isolation Zone,3,Stalking,0.9402250183838656,2
13.089777107450667,77.62011663939742,Downtown,14,Stalking,0.49184755441266265,1
13.093126406614912,77.53325106606994,Industrial Area,12,Safe,0.28066925156943523,0
13.061679469623291,77.57594748096433,Suburbs,17,Theft,0.2688015331797848,0
12.960922753834675,77.6234388454234,Park/Isolation Zone,19,Stalking,0.7953107941609533,2
12.919534422801277,77.69396377292676,Downtown,4,Theft,0.5587221668048585,1
13.036846605302431,77.64552622753995,Suburbs,17,Harassment,0.2683420723393424,0
12.98803049874792,77.68452075141879,Residential Area,7,Stalking,0.2858200678173174,0
12.924407646968955,77.65244241166283,Industrial Area,0,Safe,0.5209236549215173,1
12.999035382022255,77.61834339377849,Industrial Area,18,Theft,0.6021273573973701,1
12.906877704223044,77.53840467382727,Park/Isolation Zone,22,Harassment,0.8907981184730932,2
13.081864080415755,77.63333713037851,Downtown,16,Harassment,0.33484694074147786,0
12.951755996320003,77.62467591319198,Residential Area,1,Stalking,0.6196263227680429,1
13.032504456870797,77.62049383409145,Park/Isolation Zone,18,Stalking,0.7114685817528554,2
12.962342215217882,77.59795717359765,Park/Isolation Zone,15,Assault,0.7189633023645238,2
13.004013604235562,77.60573132079786,Downtown,17,Assault,0.5666595833523926,1
13.009342055868656,77.56688850542362,Residential Area,1,Stalking,0.5884772912702688,1
12.936970891105105,77.60386253852846,Downtown,5,Assault,0.7195506975832419,2
13.09391692555291,77.5395111811357,Industrial Area,6,Safe,0.4117150514885853,1
13.055026564672223,77.66103487947208,Suburbs,5,Safe,0.2506494596950857,0
13.087899788312837,77.53715539093974,Industrial Area,5,Assault,0.7892604052457013,2
13.07896547008553,77.51699325797789,Industrial Area,8,Stalking,0.5721240720384236,1
13.019579995762218,77.58724920527143,Park/Isolation Zone,7,Safe,0.34968748005815914,0
13.084374847004623,77.63166148790121,Industrial Area,23,Harassment,0.8507483742595023,2
12.917698500410385,77.58754336498671,Residential Area,21,Stalking,0.4776029395032356,1
12.93919657248383,77.55535082639027,Industrial Area,20,Theft,0.6310052959919141,1
12.909045457782108,77.61163423677809,Residential Area,8,Theft,0.2658925459107234,0
12.965066066152653,77.56940046708245,Downtown,11,Stalking,0.4852301015173485,1
12.977735457937897,77.68657353802533,Park/Isolation Zone,17,Assault,0.7343992005357813,2
12.954269806354779,77.68452902792072,Residential Area,22,Safe,0.35988880794286426,1
13.065747501830385,77.60047436399442,Industrial Area,5,Safe,0.5119918346107566,1
12.971350665338718,77.56557679880365,Park/Isolation Zone,22,Stalking,0.8611813890879776,2
12.956186901937476,77.64742648279133,Park/Isolation Zone,3,Harassment,0.7829676030527866,2
13.00853921663165,77.50734258869662,Residential Area,6,Assault,0.5290630988882417,1
12.928184844994952,77.59495380120873,Residential Area,17,Harassment,0.30455453932422966,0
13.060439396150807,77.56726467885407,Suburbs,19,Stalking,0.4717917373538011,1
12.914910128735954,77.68410717702051,Suburbs,4,Stalking,0.5090619889015784,1
13.097377387320103,77.50240060545454,Park/Isolation Zone,17,Harassment,0.49486592612051283,1
13.054448953859332,77.61056297514367,Suburbs,9,Theft,0.27434923171508085,0
12.939743136306834,77.64813271621333,Industrial Area,7,Stalking,0.5592033371904166,1
12.901104423424721,77.59700359750481,Downtown,0,Assault,0.8771256614432086,2
13.063092285690967,77.51708060603255,Park/Isolation Zone,14,Harassment,0.5812426873404566,1
13.041371468769523,77.69449227800558,Downtown,2,Theft,0.7287529899195483,2
13.045801433608197,77.60360208627522,Suburbs,14,Harassment,0.30460378225652995,0
13.054254069337189,77.6228372488638,Residential Area,13,Theft,0.29436410182477274,0
12.914808930346819,77.5473219565415,Park/Isolation Zone,0,Theft,0.8555249493617889,2
12.971693145708855,77.59669961702136,Suburbs,20,Assault,0.5605721591158386,1
12.923173811905027,77.58582989839167,Industrial Area,7,Stalking,0.606622814833858,1
13.072620685175119,77.5149791684004,Park/Isolation Zone,6,Theft,0.6050466000910059,1
13.024659625365512,77.52123207070949,Park/Isolation Zone,8,Stalking,0.638577025054145,1
12.96617960497053,77.66749450392376,Residential Area,17,Assault,0.4973604953962817,1
12.912711670057204,77.54796399044132,Park/Isolation Zone,11,Stalking,0.5912674102622617,1
12.962196464343133,77.53899165429972,Residential Area,7,Safe,0.09733683733930436,0
12.96503666440535,77.60098229025003,Suburbs,7,Theft,0.235048577255657,0
13.045921235667613,77.6537494262725,Industrial Area,5,Assault,0.7587795242772255,2
13.027511494271042,77.51238930371579,Industrial Area,2,Harassment,0.7681108607095872,2
13.077442548515265,77.61536158392765,Park/Isolation Zone,1,Assault,1.0,2
12.99444298503239,77.52384208856812,Park/Isolation Zone,13,Theft,0.5427847920051564,1
12.923918849187661,77.50729221016512,Suburbs,7,Assault,0.4492781205714121,1
13.042648957444598,77.51054879043244,Residential Area,5,Harassment,0.3994944987268851,1
13.052157009723379,77.66683282164169,Industrial Area,3,Safe,0.5426878604953586,1
13.012255439513899,77.52359449672561,Residential Area,4,Theft,0.39469413008853876,1
13.054193435990912,77.50903027288246,Suburbs,20,Theft,0.37362028203534264,1
12.998759119272878,77.58757997742859,Industrial Area,12,Assault,0.7093106657021254,2
13.0045465658764,77.66879869438841,Industrial Area,8,Stalking,0.5148856631377119,1
12.98550820367171,77.55248167529786,Downtown,12,Stalking,0.529868965979548,1
12.90508382534882,77.58434252350519,Suburbs,8,Harassment,0.26896919879819847,0
12.921578285398661,77.50798450651276,Suburbs,23,Safe,0.3858250819277076,1
12.906285837137347,77.58981570282698,Downtown,23,Safe,0.5586072704331135,1
13.027282082252755,77.61552261612742,Residential Area,15,Assault,0.47597914138425057,1
12.962871196215266,77.61418141075043,Downtown,11,Assault,0.6211279988966344,1
13.001714138232941,77.56648533843487,Suburbs,1,Stalking,0.6220060437211133,1
13.081513294785218,77.56310663613263,Residential Area,18,Safe,0.25501737958756765,0
12.949858445829776,77.52132472378732,Industrial Area,15,Safe,0.28126069052202146,0
12.982076584607126,77.57335966412926,Downtown,23,Safe,0.4784364066505439,1
13.051110227708609,77.5198989337746,Residential Area,12,Harassment,0.31144637166630434,0
12.945759633098325,77.65331918894242,Residential Area,4,Harassment,0.5131352308436424,1
12.915395981965759,77.69325485954964,Residential Area,22,Assault,0.8272091726978261,2
12.957950290582755,77.69401489133334,Downtown,23,Stalking,0.8158692184068964,2
12.932244257450801,77.67301421987509,Industrial Area,5,Theft,0.6125962631004631,1
13.085939530468515,77.62015842986793,Residential Area,20,Stalking,0.369033426453608,1
13.061624075912883,77.64017313944878,Downtown,23,Harassment,0.8863663923775621,2
13.026680751302084,77.55704116053609,Suburbs,16,Harassment,0.3715484228952445,1
13.074292118037544,77.62615408403452,Downtown,16,Assault,0.6379567957198029,1
13.060734415379823,77.59112990988798,Downtown,16,Theft,0.40359987778450634,1
12.937314011777207,77.59640346795538,Downtown,2,Safe,0.4384577314318049,1
13.078511799697996,77.65155531207503,Residential Area,12,Theft,0.2591152724570241,0
13.00786844838313,77.55638367111945,Downtown,11,Theft,0.4015884165704538,1
13.061488031032813,77.5636079223389,Suburbs,5,Theft,0.32953712461949397,0
13.079218259984698,77.68492835822573,Residential Area,21,Assault,0.6224080935315384,1
12.963600694994373,77.5112448589702,Suburbs,20,Harassment,0.5118306934904183,1
12.922010384905535,77.59712685968267,Park/Isolation Zone,12,Safe,0.3670281097236582,1
12.945587032508389,77.68256016008158,Downtown,13,Theft,0.41686450675555775,1
12.985421557725251,77.62207260156363,Residential Area,6,Safe,0.2700746965868215,0
13.063602953184498,77.60928141484243,Residential Area,4,Theft,0.3838614353200539,1
13.072146116651268,77.54994883584587,Downtown,13,Harassment,0.48791686772086074,1
12.90139042610624,77.5686550978129,Industrial Area,17,Safe,0.37618975428698626,1
13.002149460515513,77.67040968316094,Industrial Area,3,Stalking,0.8520630261779427,2
12.983482200629755,77.61184362635369,Suburbs,0,Harassment,0.5622314255804202,1
12.944421562094146,77.60294843875135,Downtown,6,Safe,0.33072349187326144,0
12.923973073466737,77.51991594270801,Downtown,19,Theft,0.5750473763393963,1
12.967523034280726,77.50320563129102,Park/Isolation Zone,12,Theft,0.5307109256572455,1
13.088581940782504,77.69273703773742,Industrial Area,3,Harassment,0.818197299526834,2
12.964640586404151,77.57539723345737,Industrial Area,12,Harassment,0.48821888052037343,1
13.003758124348673,77.6206426124199,Downtown,3,Theft,0.7138564135610813,2
13.040603791779036,77.51594301463746,Suburbs,2,Safe,0.37321946944836576,1
12.97272592047586,77.63662285714462,Downtown,7,Stalking,0.4644606690924736,1
13.094356416544192,77.68651334174119,Suburbs,19,Assault,0.5501850963262863,1
13.092489458988421,77.61513305059948,Industrial Area,7,Harassment,0.4507055939391667,1
12.950356459165073,77.52522306447509,Park/Isolation Zone,16,Theft,0.5265220760822373,1
12.999449701178477,77.61634430549469,Residential Area,14,Safe,0.08653652878236856,0
12.960175661963355,77.65326944262094,Industrial Area,3,Harassment,0.7659305390288207,2
12.956968098875494,77.5812833073148,Suburbs,5,Safe,0.18190432357538333,0
12.907377389470907,77.6759675495883,Downtown,23,Harassment,0.7835530829221884,2
13.02191286679598,77.62973659067147,Industrial Area,21,Theft,0.6534872164098873,2
13.000535804645772,77.67984978365784,Park/Isolation Zone,5,Safe,0.44879306281079023,1
12.910295750249999,77.62470106224947,Suburbs,9,Theft,0.24376714301309008,0
12.955729292847323,77.52625759440096,Downtown,3,Safe,0.503371883152582,1
13.081653177193331,77.56193834222104,Residential Area,8,Harassment,0.2929107131493257,0
12.947912378133395,77.54035898965049,Suburbs,15,Assault,0.4803953540119551,1
12.928978974418245,77.68176529954337,Downtown,6,Assault,0.8309168813503888,2
12.997890552055512,77.65208001345749,Residential Area,13,Stalking,0.3276483987421788,0
13.09713009082212,77.63527967378201,Downtown,5,Stalking,0.6849956342488399,2
12.9484110543023,77.56019326392632,Residential Area,0,Theft,0.5862164457015365,1
13.034427109481175,77.53680895441005,Residential Area,17,Safe,0.09244347757387052,0
13.052323923065744,77.65129021759779,Residential Area,11,Stalking,0.4080049896286787,1
12.94752750879848,77.59483158917581,Downtown,21,Harassment,0.5836142867624562,1
13.045643269722373,77.54515791043012,Residential Area,14,Assault,0.471770077074213,1
12.97355662654385,77.62332439563306,Suburbs,0,Safe,0.37131887333424946,1
13.026461166118716,77.50806677042769,Park/Isolation Zone,14,Assault,0.726575717568268,2
13.026705942152178,77.56523405082565,Park/Isolation Zone,14,Safe,0.3715605319958322,1
13.00715493681495,77.59371139891823,Residential Area,15,Stalking,0.4093680609669295,1
12.918057954010882,77.52959166682189,Park/Isolation Zone,20,Stalking,0.8417786986191413,2
13.067060499117847,77.69693089551816,Park/Isolation Zone,0,Theft,0.8457912882764808,2
12.964156012994348,77.54181947291792,Residential Area,2,Safe,0.43353300656055743,1
12.937303702079971,77.52607062600865,Residential Area,11,Harassment,0.28046591534403753,0
12.908155028310953,77.54070697477738,Suburbs,6,Stalking,0.38671668930404374,1
13.018178588637648,77.65381222663194,Industrial Area,4,Theft,0.6649151543979921,2
13.035512872368457,77.58510113185437,Downtown,0,Stalking,0.8928091819909487,2
12.90331756578557,77.61308318795051,Residential Area,0,Assault,0.7656490704331119,2
13.002418611659856,77.50420183139727,Residential Area,14,Stalking,0.2996946054250845,0
12.945299155039589,77.50688626171467,Park/Isolation Zone,7,Safe,0.41889313736792017,1
13.02903455808189,77.5891651099654,Suburbs,10,Theft,0.3052541522364393,0
12.934873285800998,77.66333104864033,Park/Isolation Zone,13,Safe,0.24813398863719677,0
13.038187547620494,77.67704777574151,Residential Area,22,Harassment,0.6070204927527647,1
12.977347069260107,77.51734131351913,Residential Area,12,Harassment,0.3121400964601827,0
13.087345997747347,77.6076726204202,Park/Isolation Zone,18,Stalking,0.669779061019142,2
12.927504188829198,77.68264593725586,Residential Area,11,Theft,0.1960566088401843,0
12.968213270210052,77.57759455087958,Industrial Area,21,Theft,0.6545780420993433,2
12.922694704248118,77.66591316628568,Downtown,18,Theft,0.553486685108194,1
13.084938723655712,77.52673913087989,Downtown,3,Theft,0.6525028634645057,2
13.075467870676196,77.68707889793356,Downtown,3,Stalking,0.7665295091857284,2
12.951588325543032,77.65028466350627,Industrial Area,2,Safe,0.5399443426407544,1
13.031996809206836,77.68826687855739,Residential Area,5,Stalking,0.5037709765417706,1
13.063444440040243,77.6353234467105,Park/Isolation Zone,4,Safe,0.5376151900403701,1
13.011040162319892,77.57268078639989,Suburbs,10,Assault,0.5088336352852091,1
13.005930115671202,77.68763623450495,Residential Area,8,Assault,0.41660083621334426,1
12.94837045818009,77.55511335526184,Industrial Area,2,Safe,0.5823108130306173,1
12.91862055356118,77.56643450441234,Industrial Area,8,Stalking,0.5750579589304173,1
13.079443151590665,77.64016168360035,Downtown,11,Harassment,0.4976303912552405,1
13.080083611432666,77.65306325990508,Residential Area,2,Stalking,0.6685389928753077,2
13.026620291454654,77.68588069676983,Downtown,19,Harassment,0.6633766533463417,2
12.967805958209741,77.54096048181124,Suburbs,16,Stalking,0.44084528424269154,1
12.969841914922533,77.65959960704384,Downtown,20,Theft,0.4684992898970054,1
13.045191135774047,77.6477092106794,Suburbs,11,Theft,0.3259508412842528,0
13.079422051990516,77.51275891125071,Industrial Area,17,Assault,0.7149284524489214,2
13.077417284853023,77.57744462824205,Downtown,3,Assault,0.8412224052202892,2
13.055975109171525,77.55655309141203,Downtown,9,Safe,0.27318898412315035,0
13.028406329230858,77.5608980848708,Park/Isolation Zone,17,Harassment,0.5817986969849502,1
12.91682799299901,77.69658937591095,Industrial Area,7,Theft,0.39550919482563873,1
12.932325742818923,77.62855548269599,Park/Isolation Zone,8,Stalking,0.5969457275027821,1
13.079710837705415,77.6435352315587,Suburbs,18,Safe,0.25781992996704567,0
13.021285811931918,77.695323527463,Suburbs,12,Stalking,0.29600345125244937,0
12.901839410323326,77.57544035649153,Industrial Area,5,Theft,0.583054168072915,1
12.920294308573206,77.66036803369056,Suburbs,21,Theft,0.47005887347443487,1
13.03270035382161,77.5869061926609,Industrial Area,6,Theft,0.6841662046568135,2
12.901012316769243,77.673906734363,Suburbs,20,Theft,0.3448208535108223,0
12.9321616102835,77.53613150826226,Residential Area,5,Stalking,0.36676321681661705,1
13.009746757873318,77.68953723541286,Downtown,10,Safe,0.3118678898213635,0
13.038379039538539,77.54375434168217,Residential Area,16,Theft,0.341120642756214,0
13.03039225190052,77.56524410139619,Industrial Area,18,Assault,0.8438382803090797,2
12.944853861892112,77.65123844682135,Industrial Area,11,Safe,0.2856499070814295,0
13.042435844269507,77.57875102831308,Residential Area,20,Assault,0.5458136574655374,1
12.94744981749936,77.6216422753533,Downtown,20,Stalking,0.680838783990788,2
12.965079939631854,77.58891470021389,Downtown,23,Theft,0.7527339489150899,2
13.049298281023605,77.64847398741796,Park/Isolation Zone,12,Safe,0.31700955618354265,0
13.029926579809443,77.54566625047373,Suburbs,17,Theft,0.2637529034158152,0
13.069844682098836,77.51169159744738,Park/Isolation Zone,6,Theft,0.6282644735047278,1
13.031522578460068,77.55998587949462,Downtown,22,Safe,0.5876967802491728,1
13.013661720667095,77.59486173297368,Residential Area,4,Theft,0.2970578876373668,0
12.918734953565618,77.53360401043854,Suburbs,15,Theft,0.26983362632703844,0
12.973543160611888,77.57095945793128,Residential Area,21,Harassment,0.431702587638748,1
12.953040473536346,77.57999660365871,Park/Isolation Zone,3,Harassment,0.9416034434996519,2
12.948797928675816,77.51147836873766,Industrial Area,22,Safe,0.6155994843598124,1
13.094602110950488,77.61666144963684,Residential Area,0,Safe,0.4353870584821402,1
12.978619544933352,77.67686868559426,Park/Isolation Zone,3,Theft,0.7528423388163559,2
13.078409311035422,77.5303485825906,Park/Isolation Zone,2,Assault,0.9889286248453263,2
13.026227725199453,77.6195616026803,Park/Isolation Zone,3,Safe,0.6697253372410448,2
13.058962260708329,77.63294784098217,Industrial Area,0,Theft,0.732028921428027,2
13.000527418621038,77.58386693608387,Industrial Area,11,Assault,0.6378867864332338,1
13.015380776925271,77.64021951747286,Industrial Area,12,Harassment,0.5131481581808411,1
12.998503538763773,77.5821463086982,Suburbs,1,Safe,0.31433727391932753,0
12.939048597559609,77.60092745759549,Industrial Area,8,Theft,0.42377922719407213,1
13.0444904230523,77.50147060891088,Industrial Area,6,Harassment,0.6894398220876392,2
12.956154472488171,77.63834402282694,Industrial Area,12,Stalking,0.5303177820448608,1
12.90486319328629,77.63226853578895,Residential Area,21,Harassment,0.5668286111278591,1
13.029094459181433,77.50768017546527,Industrial Area,1,Theft,0.754537222610067,2
12.93542213588141,77.57365002147903,Suburbs,0,Assault,0.6573987413433208,2
13.088091716870583,77.69580636815833,Park/Isolation Zone,17,Stalking,0.6221937400446618,1
13.090785715400518,77.58414731251372,Residential Area,6,Stalking,0.44720386093982434,1
13.082972878044089,77.60038908102636,Downtown,17,Stalking,0.5169996774432593,1
12.974031740051089,77.68198603163195,Industrial Area,18,Safe,0.42171359028973066,1
12.903091323305773,77.64345237517315,Park/Isolation Zone,7,Theft,0.4750287927134033,1
13.085663712517544,77.61641402622485,Park/Isolation Zone,22,Stalking,0.9517578841181425,2
12.985636829663463,77.65956093626822,Residential Area,11,Harassment,0.2208257049727977,0
13.093330963808734,77.6728732532912,Downtown,10,Assault,0.5757372621351532,1
13.09272399541785,77.59137761434745,Suburbs,8,Theft,0.22014900514460575,0
13.070601891093471,77.59502167298636,Park/Isolation Zone,3,Harassment,0.9168519562952508,2
12.958889778413917,77.57721018713036,Park/Isolation Zone,6,Safe,0.4825542799445488,1
12.977019545720385,77.69334122800369,Park/Isolation Zone,16,Stalking,0.5529211374700209,1
13.070227334303372,77.63943325085808,Park/Isolation Zone,10,Harassment,0.5615621758646346,1
12.963384401031256,77.51664461324161,Residential Area,1,Theft,0.5052856908025687,1
12.933898549337218,77.67259192466261,Downtown,22,Harassment,0.712531462211672,2
13.01136025249167,77.59611198816725,Park/Isolation Zone,17,Safe,0.3845059108279925,1
13.087230954832156,77.5137507812845,Suburbs,21,Assault,0.45669641960555385,1
13.039205959334994,77.60994345103266,Suburbs,11,Stalking,0.3017985833835232,0
13.014012234017873,77.58343285579514,Industrial Area,8,Theft,0.41616158486979293,1
12.919435298754154,77.67554988097253,Park/Isolation Zone,10,Stalking,0.6772563433512355,2
13.023001445339833,77.54079892072188,Park/Isolation Zone,4,Stalking,0.7722665407927453,2
13.098010770020853,77.66529292189844,Park/Isolation Zone,6,Stalking,0.7484136673774212,2
12.928016803047305,77.61153773823709,Park/Isolation Zone,0,Harassment,0.8448399025038301,2
13.003665930472748,77.5109220606427,Park/Isolation Zone,23,Harassment,0.8561734269069143,2
13.075474614385591,77.6943690602651,Suburbs,4,Assault,0.6122801231163449,1
13.048153723550842,77.60252304882064,Downtown,5,Safe,0.4062767768995275,1
13.039403148199053,77.55817537084631,Downtown,12,Theft,0.49732869632316257,1
13.040496816797422,77.59388136839786,Industrial Area,10,Harassment,0.4780398280822069,1
12.971898230243951,77.6715715567035,Suburbs,7,Stalking,0.3587193814503842,1
12.9587183688529,77.56098062487702,Park/Isolation Zone,19,Safe,0.5018996053234105,1
13.061872231095702,77.53853527929734,Downtown,1,Theft,0.746963952074154,2
13.062022678935836,77.52581424938617,Residential Area,14,Theft,0.21533878597114064,0
13.07341446371602,77.55957187967805,Residential Area,9,Theft,0.23165918016200618,0
13.082648110511293,77.65600961740802,Residential Area,7,Theft,0.1744173142032887,0
13.002268479772187,77.59432527303905,Park/Isolation Zone,1,Assault,1.0,2
13.00030325893744,77.5454963207387,Park/Isolation Zone,20,Theft,0.5738551376757097,1
13.059659035793354,77.53323699992195,Industrial Area,14,Safe,0.3269778226558403,0
13.029992786155553,77.56654589530207,Industrial Area,5,Harassment,0.7340547846664353,2
13.04039337545154,77.68798487457714,Industrial Area,4,Safe,0.54628677102293,1
13.05915853388722,77.56860534251801,Residential Area,21,Stalking,0.484701575142739,1
13.078001068363513,77.69762481519093,Park/Isolation Zone,21,Assault,0.8327061199997998,2
12.967599031370307,77.59704609115308,Residential Area,2,Assault,0.7462940539652745,2
12.975116590527989,77.53583278365804,Industrial Area,10,Stalking,0.5950369665136597,1
12.918796387968174,77.67822801835871,Park/Isolation Zone,10,Safe,0.34339520225631887,0
13.015656028199235,77.59207107462697,Suburbs,15,Safe,0.08631308267981513,0
12.907188454759348,77.64193426870091,Downtown,2,Stalking,0.8536352836813547,2
12.993119603626493,77.69674231664183,Downtown,8,Theft,0.40218376421724195,1
13.008528926941516,77.51003507006399,Industrial Area,2,Theft,0.7423455608686476,2
12.957308250425656,77.51933891195752,Residential Area,18,Harassment,0.4061934119090427,1
13.018166652113802,77.64409134829255,Suburbs,10,Safe,0.1513515191732033,0
12.90610004998781,77.5563650006591,Park/Isolation Zone,13,Safe,0.36235390674279555,1
12.907469637749843,77.53686027939003,Residential Area,1,Stalking,0.6494138725433194,1
13.064520112131932,77.50787237596394,Industrial Area,6,Stalking,0.6069012617999175,1
12.972038128282252,77.50436934239724,Residential Area,9,Theft,0.29772491976958326,0
12.925412102530377,77.65489712062396,Industrial Area,9,Safe,0.24328760655739476,0
13.00444865201096,77.52688668547391,Downtown,19,Safe,0.4225959480509782,1
13.053998710619721,77.59354412319423,Downtown,0,Assault,0.8610732842642362,2
12.943164205499368,77.62117936303589,Residential Area,5,Harassment,0.39634505283466037,1
13.0245780951638,77.58567036011377,Suburbs,20,Harassment,0.4964075742236335,1
12.917069492998754,77.50542133046724,Park/Isolation Zone,13,Theft,0.5050828949621493,1
12.910336344233722,77.65670030051758,Industrial Area,1,Safe,0.602052005932557,1
13.00627092631363,77.50210264490833,Park/Isolation Zone,5,Assault,0.9475254744529763,2
13.008127024322022,77.65237797887549,Downtown,0,Safe,0.6467517867716777,1
13.027485980299641,77.67866089875763,Suburbs,2,Stalking,0.6376522949273559,1
13.045218266744532,77.58656798421144,Suburbs,3,Theft,0.4846426866635134,1
13.095170415892506,77.60710849461957,Park/Isolation Zone,12,Harassment,0.6206905911113966,1
13.00326006966024,77.59539667852353,Downtown,2,Safe,0.4827695723463266,1
12.96459129458825,77.57784172372469,Park/Isolation Zone,14,Theft,0.5237599471382748,1
13.05903723895374,77.67748490707407,Residential Area,12,Harassment,0.28660537791508484,0
12.954166450252416,77.678786702134,Suburbs,21,Safe,0.2537999710325976,0
12.987794284141128,77.56716327292831,Suburbs,10,Assault,0.5113145785424287,1
12.915691276268454,77.62301395080294,Residential Area,3,Theft,0.510657780156141,1
12.905070148683091,77.68538151242917,Downtown,16,Safe,0.21959196379265009,0
13.092529682935584,77.69241169978827,Suburbs,4,Harassment,0.4879026200015655,1
13.06719602410244,77.60179180808441,Industrial Area,20,Harassment,0.7394409153518462,2
13.03919484121874,77.59056496105687,Industrial Area,23,Assault,1.0,2
12.981790588882854,77.55573886318571,Downtown,7,Theft,0.32745946637284506,0
12.93465886401417,77.69177437463809,Residential Area,20,Theft,0.3790194686866844,1
12.931287408534217,77.52856286089457,Park/Isolation Zone,23,Safe,0.5984228569326728,1
12.95004857963292,77.61596591520954,Downtown,9,Harassment,0.4923275837699277,1
13.009845332941223,77.55651005350373,Park/Isolation Zone,6,Harassment,0.7030433706763787,2
13.042919184540013,77.55580165806956,Downtown,16,Assault,0.6438893687481875,1
13.032039475343547,77.58099371747524,Industrial Area,6,Assault,0.7802442798692379,2
12.955986779389189,77.69975858716313,Residential Area,23,Theft,0.5849764002215144,1
13.090973056132638,77.51099326136796,Industrial Area,18,Harassment,0.6410529884125185,1
13.047579383339153,77.6157083636407,Residential Area,8,Safe,0.10711152421034341,0
13.01087081050228,77.51651443160705,Park/Isolation Zone,23,Stalking,0.871187951522483,2
13.022344149246871,77.53090416599811,Downtown,1,Safe,0.6180021807612531,1
12.983920012485559,77.58791258835458,Suburbs,21,Assault,0.536864131519853,1
12.949546197900231,77.60209202626929,Suburbs,19,Safe,0.24431349510161313,0
12.971194535730252,77.5517584816729,Residential Area,18,Harassment,0.5390441991469459,1
13.051569222092875,77.56329142617489,Residential Area,5,Theft,0.463799086761442,1
12.902878697725951,77.51739340405119,Industrial Area,9,Stalking,0.5078391089142369,1
12.923214528101383,77.56064395676886,Suburbs,12,Theft,0.21038185148758598,0
12.909200528404352,77.69331168787612,Industrial Area,1,Stalking,0.8757037349306248,2
12.908145760463794,77.6889414763345,Park/Isolation Zone,9,Stalking,0.6324966866345191,1
13.071092116802202,77.5669756580274,Suburbs,9,Harassment,0.3594951860227267,1
13.040731571876005,77.61417078725576,Park/Isolation Zone,4,Harassment,0.6295370126702179,1
12.994834765817465,77.6819190782222,Downtown,21,Assault,0.8157896706359801,2
12.9195668321302,77.50123676452817,Industrial Area,3,Assault,0.9049284899613503,2
12.998323175023366,77.66213671406751,Residential Area,22,Stalking,0.7167336892067838,2
12.994694354156113,77.68967391055779,Suburbs,1,Assault,0.6692288458550445,2
12.934640373982003,77.51826514686671,Industrial Area,6,Harassment,0.594302291395103,1
12.986770329847594,77.53228953720658,Residential Area,17,Assault,0.5360507737212523,1
12.979700946879476,77.69214926055427,Downtown,16,Stalking,0.5888018818630077,1
13.023170019610443,77.60750802872808,Suburbs,10,Theft,0.2550167670414056,0
13.027018730173529,77.50283932689435,Park/Isolation Zone,20,Safe,0.48353552579978615,1
12.909060801954409,77.5515263997527,Downtown,17,Assault,0.5991973135228473,1
12.974922522925294,77.58998873485378,Residential Area,7,Harassment,0.3207363975461246,0
13.025171983142847,77.63858178220495,Suburbs,11,Theft,0.27524053118408615,0
13.000627251716018,77.64663207562737,Suburbs,23,Harassment,0.5852633715352645,1
13.071297968237664,77.69908430258509,Downtown,0,Assault,0.8032263376914967,2
13.03173872632379,77.55750223987675,Suburbs,19,Stalking,0.47281482159201327,1
12.932586885416287,77.6076440203737,Residential Area,20,Safe,0.1722498358165441,0
12.914113749480086,77.60666470957192,Downtown,11,Safe,0.2882905310827997,0
13.028483855641262,77.58112905188945,Park/Isolation Zone,5,Theft,0.6684446750790182,2
12.905302262108325,77.53383237876848,Downtown,2,Safe,0.5444375609489168,1
13.017155116254692,77.69549131263678,Downtown,4,Stalking,0.6374616287656393,1
13.08804604828499,77.67066343733332,Park/Isolation Zone,13,Harassment,0.6483052120291968,1
13.015094835575177,77.59966660565885,Residential Area,11,Stalking,0.40731968377695693,1
12.977633985241305,77.62064908453681,Industrial Area,12,Theft,0.46026605337770027,1
13.02865764368847,77.54545221071193,Industrial Area,12,Theft,0.4230975425252508,1
12.991650578098303,77.60875741407835,Park/Isolation Zone,16,Safe,0.4144998618514643,1
13.009123357863187,77.6389940266243,Residential Area,23,Stalking,0.6555250196373276,2
13.088292961755304,77.60303340567732,Suburbs,14,Harassment,0.2675835679326286,0
12.977220527560155,77.69805703411699,Park/Isolation Zone,5,Stalking,0.720470712965637,2
13.092238112764782,77.62226833124954,Industrial Area,11,Harassment,0.5330930859195528,1
13.081070128391213,77.57419474251843,Residential Area,1,Harassment,0.6476160070882533,1
12.93915822695786,77.65443040552317,Downtown,3,Stalking,0.8317800204134865,2
12.913872260175033,77.53409250231633,Residential Area,19,Assault,0.6328778391982882,1
12.920155600275486,77.57690316274126,Residential Area,20,Stalking,0.4847864577331037,1
12.90364436513031,77.56939179007551,Industrial Area,11,Harassment,0.4727909160413057,1
12.918888592151186,77.58636141902156,Industrial Area,2,Theft,0.7574290665741203,2
13.03660135468327,77.65635596518575,Suburbs,16,Theft,0.24589876746978756,0
12.914237729692045,77.59683460643268,Suburbs,5,Safe,0.19996034694009762,0
12.963795126058752,77.6588028900532,Park/Isolation Zone,23,Theft,0.7983875053667226,2
13.068975062193891,77.61529778062797,Downtown,16,Assault,0.6344983585319054,1
12.904654387147165,77.56841388693151,Suburbs,16,Harassment,0.28048081563171934,0
13.062893696517786,77.6619957487367,Industrial Area,10,Stalking,0.6293626039287685,1
12.95637095495468,77.54765793411062,Residential Area,22,Stalking,0.5874091787301748,1
12.923632965524332,77.54487659595996,Park/Isolation Zone,6,Assault,0.8087923303250192,2
13.03934743307283,77.60090058481097,Suburbs,1,Theft,0.5213607102090004,1
13.025788569355976,77.55216984919242,Residential Area,18,Harassment,0.49112451586028066,1
13.075494402705411,77.50181740699024,Residential Area,1,Theft,0.5606190656288026,1
13.047014208760777,77.62965950545976,Suburbs,21,Safe,0.20569728553218075,0
13.060696186076969,77.60221876429448,Downtown,12,Theft,0.30638643264885845,0
12.956406914514261,77.58910356289863,Downtown,23,Safe,0.4906628593173255,1
12.935487908755945,77.69339370292367,Park/Isolation Zone,23,Stalking,0.8123358761672326,2
13.050122950328172,77.61423983679258,Downtown,15,Harassment,0.4936737828040236,1
13.061366947853452,77.67268631555788,Park/Isolation Zone,16,Safe,0.2970458289829062,0
13.098101028400134,77.52789004724103,Industrial Area,10,Theft,0.4840281421468748,1
12.982523535382285,77.61384129262589,Suburbs,8,Theft,0.27719016116324624,0
12.974403617158556,77.67359592534618,Residential Area,23,Stalking,0.709579419815756,2
13.0552825921484,77.61662115145599,Park/Isolation Zone,8,Assault,0.6642671441840092,2
12.968160708050604,77.6436028356254,Downtown,13,Assault,0.6202363007466855,1
13.086151465120713,77.57440871356245,Park/Isolation Zone,12,Theft,0.5060841713566603,1
13.071682550368601,77.51848990340741,Park/Isolation Zone,10,Assault,0.7062233325298184,2
12.985798805475003,77.59158005902542,Downtown,11,Harassment,0.4490492023774905,1
13.0501742135583,77.57889587816777,Downtown,21,Assault,0.7920957433885193,2
13.050908574816937,77.6734120364758,Suburbs,2,Harassment,0.636628230893382,1
12.920624773767187,77.5487990604705,Residential Area,0,Theft,0.5498740032668483,1
13.080510581335913,77.69334684550702,Suburbs,7,Theft,0.22703008903351782,0
13.001050474489572,77.6916276239609,Suburbs,18,Theft,0.3712816233527069,1
13.065291493221547,77.54952632861429,Downtown,12,Stalking,0.5017714073958764,1
12.964009920206122,77.56961039109547,Downtown,6,Assault,0.7610911292633908,2
13.079104645699239,77.67911114817478,Residential Area,12,Safe,0.09542696478214556,0
12.977840335746833,77.69332444417923,Park/Isolation Zone,5,Safe,0.43541018878345666,1
12.90216753029606,77.58868782056722,Suburbs,2,Theft,0.5347670647711187,1
13.081076395283853,77.56419940912818,Residential Area,5,Assault,0.5736459477299615,1
12.918257335357227,77.60521880265031,Suburbs,2,Harassment,0.60075397474964,1
12.963862727518084,77.63755384127315,Park/Isolation Zone,12,Safe,0.47680790504363274,1
13.090012393410161,77.554694903075,Suburbs,12,Theft,0.27150769047476553,0
13.09012142938751,77.64729463492381,Industrial Area,12,Safe,0.3631120678536704,1
13.014687577624658,77.51033147142293,Residential Area,0,Safe,0.36579582189199666,1
13.02636744243396,77.50985889855288,Downtown,7,Safe,0.25109436456556866,0
12.989689104395664,77.57725754102911,Suburbs,4,Theft,0.46143379077184843,1
12.958642154339612,77.57069463841215,Residential Area,19,Theft,0.3209778834817013,0
12.965732909073983,77.56312664307343,Residential Area,16,Stalking,0.33832925885380105,0
13.034503691215408,77.59820395253378,Suburbs,8,Stalking,0.38103273057936965,1
13.050474905887535,77.56414671646232,Downtown,12,Stalking,0.4963708941416959,1
13.058315808745169,77.53845158369361,Downtown,12,Safe,0.22160534127625947,0
13.05792362855891,77.56189390981773,Suburbs,4,Assault,0.5744138892083461,1
12.918241220609739,77.69498085456205,Residential Area,13,Theft,0.26576982202547544,0
12.998884060940517,77.58222268339897,Downtown,10,Stalking,0.42147559345446206,1
12.91151175200333,77.58894255537167,Suburbs,13,Assault,0.45623137874266995,1
13.009905776464747,77.61530899799023,Suburbs,6,Stalking,0.5362926825897039,1
12.988306100274675,77.69666815368285,Suburbs,23,Stalking,0.6318934221522834,1
13.077540836551659,77.54832025528715,Residential Area,16,Assault,0.3720010898543197,1
12.970183002510415,77.63625642210648,Downtown,3,Stalking,0.7743981323579163,2
12.92341340328552,77.64319693870834,Residential Area,9,Safe,0.09381170624139516,0
12.928598336410568,77.62146488335861,Industrial Area,9,Safe,0.24617341511174434,0
13.052302126343495,77.51771566792733,Downtown,14,Safe,0.251531615361186,0
13.023643612663252,77.63537445516552,Residential Area,19,Harassment,0.45860236103033036,1
12.920224535224559,77.51281894220723,Downtown,11,Stalking,0.5601293275424669,1
12.916821361223,77.61922852990998,Industrial Area,8,Harassment,0.49175382105428744,1
13.040193826291825,77.64791623544436,Park/Isolation Zone,2,Theft,0.8055861865161483,2
12.914552601272838,77.54219397812399,Suburbs,14,Assault,0.4224524260476472,1
13.06437201185807,77.66832440150856,Residential Area,11,Theft,0.22614130156768236,0
13.041248445431298,77.5060707611066,Industrial Area,14,Harassment,0.5352094372005985,1
12.916269756128381,77.66876257273167,Industrial Area,0,Safe,0.5882751920360311,1
12.916967542817039,77.59206581012856,Downtown,14,Stalking,0.5413301137095747,1
13.097327915700236,77.54351758798633,Downtown,10,Stalking,0.49766056836348843,1
12.974854159151224,77.5267556289988,Suburbs,4,Safe,0.19280834306105402,0
12.974128429413378,77.69066143351648,Downtown,6,Stalking,0.6153549102192306,1
13.0625599134515,77.51453311751624,Residential Area,11,Assault,0.5709194966615401,1
13.089449715476771,77.53981868398719,Residential Area,19,Assault,0.5949769191575287,1
13.097200212764573,77.56956446948661,Residential Area,5,Assault,0.5192335360871643,1
13.050675637051787,77.62404696979223,Park/Isolation Zone,21,Theft,0.5930845540249088,1
12.975251917106183,77.60896021705523,Residential Area,2,Safe,0.3643571943878041,1
12.916700143339733,77.52512869848246,Downtown,9,Assault,0.5553357319318504,1
13.055429383185487,77.55794559674764,Downtown,20,Harassment,0.5450396439344022,1
13.011680849947162,77.5477503542172,Residential Area,21,Assault,0.6731182942718645,2
12.984844401849395,77.54270857089807,Industrial Area,3,Theft,0.7832331284104568,2
13.081270877018946,77.582228867296,Industrial Area,12,Harassment,0.49000891744821123,1
12.92223949646123,77.64080629051833,Industrial Area,18,Safe,0.42063653786145283,1
12.998525020858171,77.54349058644345,Suburbs,4,Safe,0.2419152696474307,0
12.902270728953484,77.57333577594059,Park/Isolation Zone,22,Assault,1.0,2
12.993732128398825,77.57818348536823,Residential Area,21,Harassment,0.4067480777325665,1
12.911260655136369,77.69529130588708,Suburbs,17,Harassment,0.2211417355382001,0
12.923763583253615,77.69093327137581,Industrial Area,0,Assault,0.9833676655074832,2
12.923505249355422,77.66002751655041,Residential Area,20,Assault,0.6504066948083781,2
13.029842060423213,77.54833178416384,Suburbs,20,Stalking,0.5725817139665408,1
13.049208975853084,77.51360746281833,Downtown,15,Stalking,0.4823830870760515,1
13.016673753019433,77.56338082754412,Industrial Area,15,Assault,0.6329059794194187,1
13.092434509694908,77.55335890988677,Suburbs,15,Theft,0.35061405023720565,1
12.974974115904741,77.60118516002927,Downtown,21,Stalking,0.6797749864041548,2
12.957142417256373,77.65554558201356,Industrial Area,18,Assault,0.7957461950351328,2
13.073719825637891,77.67166458777578,Park/Isolation Zone,15,Harassment,0.5751683542165258,1
12.94471916770389,77.6689728170821,Industrial Area,0,Stalking,0.8282000081976447,2
13.092644507888123,77.57193511224462,Park/Isolation Zone,19,Theft,0.6650612405030383,2
12.902430894937964,77.63744686869214,Park/Isolation Zone,19,Safe,0.5142495131075712,1
13.093975765341527,77.56256683950484,Park/Isolation Zone,9,Harassment,0.5917086731767307,1
12.908631982390116,77.51218110864704,Residential Area,1,Theft,0.5007534822418653,1
13.078228622739614,77.6403130531206,Residential Area,13,Theft,0.26777139867746247,0
13.00554022181726,77.50196551051395,Park/Isolation Zone,7,Theft,0.4416705626734422,1
13.09859295922386,77.5818365174917,Downtown,5,Harassment,0.6937759722408012,2
12.91475931294708,77.56587585386042,Park/Isolation Zone,2,Theft,0.7790397969491792,2
13.010770856880264,77.63867550770377,Suburbs,15,Safe,0.017255294828706094,0
13.09386050712382,77.65324909455208,Park/Isolation Zone,16,Stalking,0.7388680428419362,2
13.00461956883403,77.56081892719426,Residential Area,11,Harassment,0.27394625721029325,0
13.025879727627052,77.66232540288897,Residential Area,18,Theft,0.404748214561576,1
13.039149737796924,77.55878335210099,Suburbs,23,Assault,0.665232740420522,2
12.990908212953554,77.58926527199732,Suburbs,19,Stalking,0.49734964358713457,1
13.025511616016813,77.64540370540283,Industrial Area,2,Harassment,0.8836356915254369,2
13.01686286238462,77.63858404584496,Downtown,12,Assault,0.6352470533245287,1
13.080231602098198,77.69747369446245,Downtown,15,Assault,0.5149582186456302,1
12.909089276068292,77.54503220484318,Downtown,10,Theft,0.36184105492551233,1
12.956192637918447,77.63246358270791,Residential Area,19,Harassment,0.4959090589154389,1
13.09008229681531,77.62193638165516,Downtown,15,Theft,0.4318321325599757,1
13.078052756778183,77.683019690898,Industrial Area,19,Safe,0.42569923697283757,1
12.991131350557142,77.53127242832898,Industrial Area,1,Assault,0.9698534513259137,2
13.024026519560307,77.65035963271738,Downtown,3,Safe,0.49009213475722324,1
12.955476236596226,77.61365372325376,Suburbs,3,Theft,0.484649585945517,1
12.937624231944753,77.55493317395758,Industrial Area,16,Stalking,0.42533542425212395,1
12.992739680987997,77.59488698282944,Suburbs,0,Assault,0.796269350367139,2
12.970670445605212,77.56675531941396,Residential Area,0,Stalking,0.6447412264949001,1
13.016731222370174,77.6158626805577,Industrial Area,4,Harassment,0.6502111059879296,2
12.915546927392997,77.67780012216294,Suburbs,21,Assault,0.44650799640805805,1
13.094878961533233,77.61386099688244,Downtown,11,Safe,0.247518313066528,0
13.097242148895921,77.62634448366532,Residential Area,5,Stalking,0.5275527753957073,1
13.039632342803948,77.60374956942294,Park/Isolation Zone,5,Harassment,0.5955276609275324,1
13.007219273268824,77.51023310128909,Park/Isolation Zone,16,Assault,0.7022099959174128,2
12.961905523257265,77.54657171137522,Downtown,21,Harassment,0.5966746727348805,1
13.06275900394139,77.59840034588642,Residential Area,12,Safe,0.07673490805643683,0
13.036946234510776,77.56204705674894,Residential Area,7,Assault,0.5153811396889527,1
12.93252338786898,77.53635271955224,Residential Area,23,Harassment,0.6533838639973963,2
13.082185436898769,77.6008265683837,Residential Area,11,Theft,0.41588435269924945,1
13.064507448584633,77.56456195868957,Park/Isolation Zone,14,Assault,0.6393536262161875,1
13.089959982658385,77.55162152863468,Suburbs,18,Assault,0.6214320717050738,1
13.045143901677672,77.59279708348808,Residential Area,20,Assault,0.6749936579314043,2
13.022683039187157,77.52665685161644,Suburbs,19,Assault,0.5653902438496545,1
12.983648607258123,77.68554914661509,Residential Area,16,Theft,0.33456279271579015,0
13.086545696670802,77.67354041958384,Industrial Area,8,Safe,0.31824519640064003,0
13.073212777900082,77.64152411714811,Industrial Area,20,Theft,0.5126651785277679,1
12.909043734021239,77.5212427655177,Industrial Area,17,Theft,0.3857063690747164,1
12.905273394899451,77.65517545089394,Residential Area,1,Harassment,0.5709822729535552,1
12.97529267337561,77.66159146562181,Suburbs,10,Stalking,0.34558845002208,0
13.062110666156366,77.65355292354288,Park/Isolation Zone,22,Stalking,0.9619220516124616,2
13.097455225862989,77.52279317742385,Downtown,19,Harassment,0.5955165068607036,1
12.930083378220706,77.62878159141356,Park/Isolation Zone,16,Theft,0.5599646757427139,1
13.018826143070427,77.66686495914988,Residential Area,20,Harassment,0.4553975824084679,1
12.976178171326204,77.61547068024393,Industrial Area,17,Assault,0.6506189834127052,2
13.09398287956292,77.62928147504562,Industrial Area,14,Harassment,0.4854028349029519,1
13.068423784627141,77.59167269588526,Suburbs,6,Harassment,0.4991012280449424,1
13.067665740942227,77.60574146397681,Residential Area,15,Assault,0.45647388616084444,1
12.993738631958994,77.50687537167035,Park/Isolation Zone,0,Stalking,0.8633722658837215,2
12.982963900467533,77.62779260439466,Residential Area,17,Assault,0.46660398029796235,1
12.954681414386142,77.51628944257823,Residential Area,21,Safe,0.22713376447611508,0
12.911275099330187,77.58700291886805,Industrial Area,7,Harassment,0.47437056645029985,1
13.07294447525101,77.55853101953348,Park/Isolation Zone,6,Harassment,0.7591324264247827,2
13.062580201826016,77.60908559004234,Downtown,1,Stalking,0.792031685702378,2
13.099943534657227,77.52668326710464,Industrial Area,11,Theft,0.5567297775711123,1
13.09932736741478,77.63832868039466,Park/Isolation Zone,15,Assault,0.7367632189927729,2
13.011086341120526,77.65900230738569,Suburbs,8,Theft,0.21171108583449838,0
13.053797483036101,77.53267088994863,Industrial Area,19,Safe,0.4082785508289249,1
13.088953145976486,77.52086261747037,Suburbs,10,Assault,0.3879620091181537,1
13.069929478135482,77.52910309655748,Industrial Area,14,Safe,0.33029714355890716,0
12.94946962034864,77.6754255123797,Residential Area,2,Safe,0.35716923863441224,1
12.990108827062018,77.60563785235128,Park/Isolation Zone,22,Safe,0.536719211682694,1
12.9258318830303,77.59345219920151,Suburbs,20,Assault,0.5174282098094269,1
13.090810205451744,77.52134236382047,Industrial Area,12,Assault,0.5947930311898915,1
13.021234926890177,77.62991120135139,Suburbs,20,Stalking,0.5168426708056969,1
12.945728561100692,77.67359991837903,Industrial Area,12,Harassment,0.49586884010689225,1
13.034340136881172,77.6656371738647,Industrial Area,1,Theft,0.7971421087666246,2
13.02362564809158,77.62521094179617,Downtown,5,Theft,0.5046404688101003,1
12.971632543606567,77.51505574333034,Downtown,5,Safe,0.3837821408701481,1
12.922711518439925,77.5224794054352,Downtown,11,Assault,0.6873666730270247,2
13.03431463911856,77.50986179742196,Suburbs,3,Assault,0.7329410451087588,2
13.004061540180759,77.5514958432985,Residential Area,4,Safe,0.2612227251821001,0
13.054463678347128,77.52713229343208,Industrial Area,22,Harassment,0.7671852740956835,2
13.004032700222398,77.55200960805048,Park/Isolation Zone,7,Theft,0.4887228153804025,1
13.070436300063708,77.57701161114379,Downtown,5,Stalking,0.6737634061057339,2
13.010381367754897,77.68859655681423,Suburbs,20,Harassment,0.482854676136411,1
13.012187594307077,77.62207521195634,Suburbs,2,Assault,0.7559064577041797,2
13.07533072053167,77.66699475713659,Suburbs,22,Safe,0.3870082231254398,1
12.98069657324248,77.64207030014246,Park/Isolation Zone,7,Theft,0.5065102940612503,1
12.926803045690129,77.52250062610533,Park/Isolation Zone,18,Safe,0.46319357148114304,1
12.905756535262668,77.64718408127479,Downtown,20,Assault,0.739225111126945,2
13.051027451134724,77.55501977631182,Park/Isolation Zone,10,Safe,0.3666169701417179,1
13.024061910270692,77.62782156939895,Downtown,17,Theft,0.44934958412332665,1
13.040815953619845,77.5681923947286,Park/Isolation Zone,9,Safe,0.30442414855218936,0
12.942592832301782,77.69953445265294,Park/Isolation Zone,19,Theft,0.6411399380036995,1
12.927274295117353,77.55271029589936,Park/Isolation Zone,11,Safe,0.29974591149069574,0
12.902908933133578,77.55582609415485,Downtown,19,Safe,0.3777778604493672,1
12.97011751176132,77.68613445111248,Industrial Area,7,Theft,0.5000252088565589,1
13.017983537370927,77.50492888092727,Downtown,18,Safe,0.3731736699413003,1
12.978448809019946,77.63933779757464,Industrial Area,20,Harassment,0.6452002366905372,1
12.987494984404746,77.64506527814717,Suburbs,15,Stalking,0.28816032300640887,0
13.08083173889875,77.66727571548208,Suburbs,20,Harassment,0.4219439690091615,1
12.96965109340466,77.6948878621277,Downtown,17,Stalking,0.4225815848282648,1
13.002797897831963,77.69512038383134,Industrial Area,8,Harassment,0.513936621359959,1
13.056730602548228,77.51305535151329,Industrial Area,3,Stalking,0.8684046752892877,2
12.979308556464254,77.66436786455058,Industrial Area,8,Safe,0.316844455545964,0
13.024417340045575,77.62926198673148,Suburbs,1,Theft,0.5700551184401286,1
13.07247274174935,77.62946842687462,Downtown,8,Theft,0.4169356653751176,1
13.089904124731529,77.52566998532293,Residential Area,8,Assault,0.37368552844724034,1
12.929414696185807,77.63003743328913,Industrial Area,17,Stalking,0.5106107426654325,1
13.085317525032298,77.69649651612025,Industrial Area,10,Assault,0.5378134120050349,1
12.998423258615908,77.68236371390789,Residential Area,12,Assault,0.42682127766166955,1
12.951648877659792,77.58782613216097,Downtown,5,Stalking,0.6064634178634771,1
12.991827151247652,77.50798959465722,Industrial Area,8,Theft,0.44806559356555153,1
13.096006515057095,77.57245869800005,Downtown,15,Stalking,0.622973132404182,1
12.998523618798574,77.66527806232011,Industrial Area,3,Safe,0.6391138739597733,1
12.965750322057502,77.64029982029304,Park/Isolation Zone,1,Assault,1.0,2
13.026680170863346,77.5918687311188,Industrial Area,6,Assault,0.8410707535273313,2
12.948029123755639,77.51102030703177,Park/Isolation Zone,14,Stalking,0.5949962486229523,1
12.915172665621734,77.58537894556466,Downtown,5,Assault,0.7495149881467327,2
12.92577594438213,77.59380498794357,Industrial Area,10,Theft,0.4932292621959155,1
12.925609167791555,77.68571110657884,Suburbs,19,Assault,0.6124175498934817,1
12.93038053870246,77.62821722071644,Suburbs,16,Stalking,0.33560195992374614,0
12.927765434529883,77.56233058333093,Residential Area,3,Theft,0.6213232717736917,1
13.028174948960643,77.60506365289015,Suburbs,18,Theft,0.42223651329237644,1
12.93637601687983,77.51321106156443,Park/Isolation Zone,6,Assault,0.7787414510433144,2
12.969133456664773,77.69451364712995,Suburbs,10,Stalking,0.34098153783707236,0
13.079357681981202,77.57201198038615,Suburbs,12,Assault,0.4525118844263052,1
12.994792328052574,77.59557347098263,Suburbs,20,Safe,0.2297815590891158,0
13.033511547704205,77.57105679484738,Industrial Area,2,Safe,0.5807419763818065,1
12.934463974240327,77.63650234602324,Residential Area,13,Theft,0.22913596352151613,0
12.938457803761734,77.63244643166593,Downtown,1,Assault,0.8107647312461501,2
12.908173723253297,77.64306446210583,Residential Area,17,Safe,0.0018733258643521544,0
12.933787012614433,77.55362864592239,Park/Isolation Zone,4,Harassment,0.6673303369473316,2
12.955718067806393,77.56313369623281,Industrial Area,12,Safe,0.2799751630986975,0
12.93540209685535,77.52505024621924,Industrial Area,12,Assault,0.5830352229192299,1
12.91774050675141,77.63110199436922,Suburbs,23,Assault,0.6987886137181911,2
12.92412717422012,77.50795942546713,Suburbs,23,Safe,0.38734353148974915,1
12.992155753606545,77.6195364671047,Park/Isolation Zone,13,Assault,0.7515529273204941,2
12.941266743681158,77.67393917697034,Industrial Area,11,Assault,0.6982649682356951,2
12.972853972209615,77.67816642965794,Downtown,20,Harassment,0.6499409603624027,1
13.000683454170971,77.58980755207399,Residential Area,12,Theft,0.19948377423107133,0
13.038078965725873,77.59186073764262,Industrial Area,17,Assault,0.6388858776069474,1
12.90786242796822,77.5153938366016,Downtown,12,Stalking,0.5617821540408243,1
13.059882079781808,77.6341530050886,Downtown,3,Theft,0.6117654282415534,1
13.025580077898182,77.66425188407457,Residential Area,22,Theft,0.5270275644734083,1
12.916351806389775,77.54893101092094,Downtown,21,Stalking,0.6611083670497003,2
13.074715724821354,77.58426017632668,Park/Isolation Zone,9,Safe,0.264743517653406,0
13.084174480106363,77.66776786735305,Downtown,22,Harassment,0.7714430245162817,2
12.912215591970973,77.67542409353246,Park/Isolation Zone,4,Assault,0.9273496537289814,2
12.95537552962944,77.54863599605285,Downtown,17,Safe,0.3112292370794856,0
13.061240255958612,77.61011412690827,Suburbs,7,Stalking,0.3411121836820292,0
13.049651938076732,77.53849863012717,Downtown,13,Harassment,0.4907197514739427,1
12.936904203871276,77.52037575282792,Park/Isolation Zone,1,Harassment,0.764183493476561,2
12.941869864667343,77.68222410027839,Downtown,7,Harassment,0.46391764281234665,1
12.974094420558277,77.66410150084643,Downtown,15,Stalking,0.48476628315725995,1
12.996904597038204,77.65200698036064,Downtown,6,Safe,0.39252824502869316,1
13.02365095430606,77.50975326376263,Park/Isolation Zone,2,Assault,1.0,2
12.973782727913955,77.66874575854206,Downtown,3,Harassment,0.769381593100212,2
12.99250694322663,77.58760881518108,Residential Area,6,Harassment,0.377395525944313,1
13.04949418762675,77.56847902465917,Residential Area,3,Safe,0.3509771371088376,1
12.90733664057812,77.60929527220507,Park/Isolation Zone,8,Harassment,0.5371869346504483,1
12.950487388868805,77.51827064854471,Suburbs,22,Harassment,0.5110669439819755,1
13.04266991717691,77.65132930987048,Residential Area,16,Stalking,0.35686247014413663,1
13.079041367537439,77.61648701537766,Industrial Area,16,Theft,0.49163591224715264,1
13.002335488423133,77.53731801937464,Residential Area,19,Safe,0.31960714131269125,0
13.006422697053063,77.5376464399538,Industrial Area,13,Safe,0.3048209815172125,0
12.921434402267955,77.53684973031453,Park/Isolation Zone,13,Safe,0.44431925043249815,1
12.98948247336469,77.51140047751039,Suburbs,12,Stalking,0.34824781327901166,0
13.006523453291004,77.61755968987434,Industrial Area,3,Stalking,0.7871605855743437,2
12.948494100726947,77.66806963551771,Industrial Area,12,Assault,0.6472023069471822,1
12.953848646189876,77.50349964279748,Residential Area,20,Stalking,0.48971635640124284,1
12.975456832620925,77.50980092899425,Industrial Area,16,Safe,0.3258078818336877,0
12.904014239555545,77.6145540553374,Park/Isolation Zone,14,Assault,0.7135313009212558,2
12.964415833116636,77.66389913707721,Park/Isolation Zone,17,Theft,0.5099637206258778,1
12.94228960139931,77.56534777811373,Park/Isolation Zone,10,Harassment,0.5983455079702636,1
12.965499470435583,77.56992287976155,Residential Area,3,Harassment,0.5785020864153635,1
12.92395242636385,77.61926929949935,Suburbs,19,Assault,0.6269362260193524,1
13.078105456147979,77.55484257782483,Residential Area,10,Theft,0.2640433259602131,0
13.01871849071081,77.50532167321553,Park/Isolation Zone,9,Harassment,0.5556972725322653,1
13.035820463828898,77.64704570362032,Residential Area,21,Assault,0.5967147593847297,1
13.057834247721468,77.62512998258829,Park/Isolation Zone,12,Stalking,0.5364359728087874,1
12.999688439785812,77.61615119981113,Downtown,21,Safe,0.38730436822003383,1
12.917384057617484,77.64833682579837,Downtown,7,Theft,0.3905103067483786,1
13.007421308363709,77.63504616751241,Industrial Area,12,Harassment,0.4638637655021906,1
13.017368223604176,77.54117639763567,Suburbs,8,Safe,0.03210574942532579,0
13.049087894836866,77.57049620938866,Downtown,0,Assault,0.8721737646051241,2
12.986331909245935,77.52522202833572,Park/Isolation Zone,0,Harassment,0.8263287330141638,2
12.925516060559113,77.52597140268358,Residential Area,14,Safe,0.032984386553954734,0
12.956755181159744,77.63523914927131,Residential Area,21,Stalking,0.4329320907737892,1
12.972616459279728,77.6717200213965,Industrial Area,3,Theft,0.645402916371151,1
13.02918344826632,77.69254651677223,Residential Area,19,Assault,0.614753658609029,1
13.014155660933783,77.62566942350989,Downtown,0,Harassment,0.7989018402542972,2
12.97121934517957,77.53682026467219,Residential Area,11,Stalking,0.35080511229909755,1
13.097303049758596,77.52113006908979,Downtown,10,Theft,0.3797842678236792,1
13.021154963871377,77.66257019430735,Downtown,18,Theft,0.4804995567921873,1
12.9474453583472,77.615751295272,Suburbs,14,Stalking,0.23975604663819058,0
12.92035649452408,77.62365700420274,Industrial Area,20,Harassment,0.6483513273173933,1
12.930571827836866,77.65629241775095,Park/Isolation Zone,9,Theft,0.5307834222072777,1
12.949191545676902,77.64065544554649,Downtown,0,Assault,0.8583795763046166,2
12.932136274651912,77.66689165057122,Industrial Area,23,Safe,0.6527704857446152,2
12.937313404810261,77.51124278109198,Park/Isolation Zone,2,Assault,0.9655555950749786,2
12.957019033738769,77.6495041273493,Residential Area,13,Theft,0.30424991414268393,0
12.93467471905895,77.67017055146442,Industrial Area,14,Safe,0.2609602023126755,0
13.079353084925284,77.55722700849167,Industrial Area,0,Stalking,0.7168533978643556,2
12.91604674913233,77.62808945479865,Industrial Area,9,Safe,0.33131778530433104,0
13.00490227791405,77.56283241276739,Residential Area,21,Safe,0.2038576710052249,0
12.982079365397933,77.6915942132965,Residential Area,0,Safe,0.3228768004625243,0
13.09647572338172,77.50668471448711,Industrial Area,14,Theft,0.47407965075636715,1
12.92240778043361,77.61595856876659,Suburbs,2,Harassment,0.555531497984645,1
12.97957111980915,77.5333007094099,Downtown,20,Theft,0.4793550047458817,1
13.093894086655073,77.64244404103543,Residential Area,19,Harassment,0.5155704597826998,1
13.073101425178796,77.53517805668373,Suburbs,22,Stalking,0.6397625986071761,1
13.063414414189856,77.54707665237967,Residential Area,21,Stalking,0.42824537878990315,1
12.951580565408989,77.59887416220916,Industrial Area,11,Stalking,0.5268436023146258,1
12.934177517478014,77.68296698999937,Suburbs,18,Stalking,0.6066281544313404,1
13.033728643984887,77.5423428744296,Park/Isolation Zone,15,Stalking,0.6056180270839785,1
13.085875197825517,77.52884800422362,Downtown,7,Assault,0.5679077259477411,1
13.011352578602786,77.6517953663708,Downtown,23,Theft,0.7250688297868576,2
13.01432253789398,77.60012390646679,Residential Area,13,Harassment,0.27728305754054017,0
12.955995818732058,77.68235702247635,Downtown,17,Stalking,0.4745296249843223,1
13.053898586638388,77.52932291143198,Park/Isolation Zone,22,Assault,0.967181573367701,2
12.937408749711505,77.6291855786046,Suburbs,0,Assault,0.7926974478266517,2
12.96473584728085,77.54657582923036,Suburbs,1,Assault,0.7597377203606948,2
12.985087287723283,77.53135208573033,Industrial Area,23,Theft,0.8211121919565887,2
13.00152207573689,77.63668588303146,Suburbs,11,Stalking,0.36534426594790825,1
12.948481946483016,77.61873692398174,Residential Area,16,Assault,0.5263800190099897,1
12.92296736494784,77.65096549167247,Park/Isolation Zone,1,Assault,1.0,2
13.022124008488326,77.56189251528924,Industrial Area,16,Stalking,0.537002584896474,1
12.957726110648052,77.58959433127644,Residential Area,20,Theft,0.39323121942333217,1
13.016247644284523,77.58109433526609,Residential Area,6,Assault,0.6913936058586878,2
12.930872543054841,77.6968178927933,Residential Area,5,Harassment,0.5151908625752577,1
12.996228020370964,77.55844979134788,Downtown,5,Safe,0.47733789175996466,1
13.006517886510316,77.55896344766936,Residential Area,21,Safe,0.1996274895966578,0
12.910364707364486,77.57090964176572,Downtown,7,Safe,0.15624155666360978,0
12.967320855638784,77.61291881625806,Suburbs,4,Theft,0.35784166720915855,1
12.926882935387795,77.55046454885274,Downtown,14,Assault,0.6082741216403935,1
12.912674994094553,77.68305798807586,Residential Area,6,Safe,0.2177218789241437,0
13.097992046477989,77.55313711297326,Park/Isolation Zone,2,Safe,0.6513704263651633,2
12.964470768994945,77.67916314631204,Park/Isolation Zone,9,Stalking,0.5774394845631767,1
13.061974889170926,77.52069501272932,Suburbs,2,Assault,0.6617650408088585,2
12.950928130952754,77.63131254047994,Residential Area,13,Assault,0.47144479269790557,1
13.036300544444785,77.68139710368766,Downtown,21,Stalking,0.6515433687272408,2
13.052045571977937,77.53374988767965,Park/Isolation Zone,2,Assault,1.0,2
13.01912774812157,77.69366539201985,Industrial Area,0,Harassment,0.8079927876219262,2
12.994315237710031,77.5905766720831,Residential Area,0,Theft,0.5891325023174818,1
12.982368182829454,77.68914302168821,Residential Area,18,Stalking,0.4590364513883886,1
12.969773653308598,77.63536400872601,Industrial Area,3,Safe,0.6173504086339473,1
13.085905828849565,77.56031737397471,Park/Isolation Zone,1,Assault,1.0,2
13.066123881557546,77.53766050498342,Industrial Area,10,Harassment,0.5278182694487338,1
13.093005382133303,77.56074700924502,Suburbs,23,Harassment,0.5886725866877517,1
12.924859444697109,77.51860348185254,Downtown,11,Theft,0.4175224905625151,1
13.046173495040728,77.52877359326867,Downtown,12,Harassment,0.4811373441239008,1
13.087668091364208,77.5209320880693,Park/Isolation Zone,15,Assault,0.7600694285776096,2
12.936246613233132,77.58458870874831,Industrial Area,15,Assault,0.6219442254930875,1
12.913299253473356,77.65911567525151,Residential Area,18,Harassment,0.3941589934334801,1
13.048224129858012,77.52827671084327,Residential Area,22,Assault,0.7084344137267173,2
13.014894622635982,77.52606408663446,Residential Area,19,Assault,0.6072700757284284,1
13.068365755351655,77.62868578990347,Suburbs,20,Safe,0.2502195548701763,0
12.927954475325258,77.53943659639361,Suburbs,19,Stalking,0.5313658714558809,1
13.059053462371978,77.5195220076218,Residential Area,8,Assault,0.49153883723055136,1
12.940325464009549,77.53336971564111,Park/Isolation Zone,15,Assault,0.6057397574405123,1
12.932731188573142,77.68474627917536,Suburbs,6,Theft,0.3759463421571829,1
12.932853159586198,77.66429425055524,Suburbs,12,Stalking,0.36061168897905804,1
13.062914944046277,77.57081291247103,Downtown,3,Stalking,0.8557589428194302,2
13.03303944413924,77.63116415346548,Downtown,12,Stalking,0.4973309725788879,1
13.004613084953824,77.60745513473361,Park/Isolation Zone,7,Harassment,0.6182725972562357,1
12.9717660968247,77.63542485269652,Suburbs,1,Safe,0.42756898475264926,1
13.07544010816262,77.63653423049256,Suburbs,6,Safe,0.26903880492847315,0
12.978489021484528,77.625746803012,Industrial Area,10,Theft,0.44448878936431996,1
13.063319887894314,77.55322027370747,Park/Isolation Zone,16,Stalking,0.5987694593014229,1
12.987826981714043,77.50780128415256,Park/Isolation Zone,23,Stalking,0.9165391283048526,2
12.975388885884982,77.59111335639803,Industrial Area,13,Assault,0.6402310098036036,1
12.99253595713392,77.67819477693814,Industrial Area,12,Harassment,0.5556280796298521,1
12.960275574832828,77.61389945170372,Downtown,14,Harassment,0.4939788898644454,1
13.04952187603525,77.66647820834038,Park/Isolation Zone,21,Theft,0.70989974906486,2
13.000544078018496,77.69832486859225,Park/Isolation Zone,20,Safe,0.44800510271572813,1
12.946442539029364,77.53272324082765,Industrial Area,8,Stalking,0.4963629366231476,1
13.079914914654914,77.6383555278284,Residential Area,2,Theft,0.5743952183426587,1
12.976778244274643,77.63485871474,Residential Area,12,Harassment,0.2959691847369593,0
13.008710572222798,77.69599108947166,Downtown,12,Harassment,0.4629420354063457,1
13.08129442219291,77.69712014679057,Residential Area,8,Harassment,0.24412899612996078,0
13.024847599182799,77.63733572234483,Residential Area,17,Stalking,0.27710164539063215,0
12.923379608141673,77.54872295839644,Residential Area,4,Stalking,0.511629003564689,1
13.087966424722694,77.65971116762613,Suburbs,10,Stalking,0.31200575848640927,0
13.025541610614283,77.52140582684221,Downtown,1,Assault,0.9357052966172908,2
12.966981122931417,77.65613986083433,Industrial Area,16,Safe,0.26923143287193996,0
12.927854414532678,77.68203922482894,Residential Area,22,Harassment,0.5556263611105635,1
13.058805037854059,77.57656667895368,Suburbs,19,Harassment,0.33666738814067537,0
13.024014551185703,77.62612705899662,Residential Area,20,Assault,0.6623773270157235,2
13.006692218395264,77.58602854641937,Suburbs,3,Harassment,0.6348775224438967,1
13.07877851661019,77.58755301099762,Downtown,21,Harassment,0.5252151273832799,1
13.057719442244906,77.56207417782163,Residential Area,17,Stalking,0.2501271822918616,0
12.93033497594655,77.65242592409007,Suburbs,23,Stalking,0.6201461669137723,1
12.96234441355911,77.68723531283331,Park/Isolation Zone,19,Safe,0.547366051985155,1
12.949697827962893,77.6881501718469,Park/Isolation Zone,7,Harassment,0.5236457978169305,1
13.048789258514535,77.534956256975,Suburbs,18,Theft,0.38964416917512446,1
12.906706486947156,77.67494872993132,Residential Area,11,Harassment,0.3495293122657037,0
13.013977936974264,77.64748628828542,Residential Area,10,Harassment,0.2505865944588701,0
13.052491737148138,77.55056748013806,Downtown,15,Safe,0.21589418320313228,0
13.075353127352349,77.5134569225843,Downtown,4,Theft,0.5609792878670671,1
12.968416349743181,77.55359945337688,Industrial Area,2,Harassment,0.7859904016280853,2
13.064251460934402,77.68244164735631,Downtown,11,Theft,0.35614035263755534,1
12.922126347391043,77.62663573497916,Residential Area,14,Stalking,0.38536247386645045,1
13.069290458346904,77.64421093217958,Industrial Area,15,Stalking,0.575891872149253,1
12.925497732466397,77.55143047022182,Downtown,12,Theft,0.4416088695359206,1
12.979457458112073,77.64387763111496,Suburbs,6,Harassment,0.44233488996143744,1
13.05945907315591,77.50562430125558,Park/Isolation Zone,14,Theft,0.41195563344624647,1
12.929983485469755,77.57506426915461,Downtown,2,Theft,0.7005377329311637,2
12.945850279046528,77.62535066970847,Downtown,11,Stalking,0.4414101232145319,1
13.044450513678614,77.52921931310827,Suburbs,7,Theft,0.14865378271287294,0
13.044007307309215,77.66460071488939,Residential Area,11,Assault,0.43626432298387247,1
13.028229526577059,77.54700625976238,Suburbs,17,Assault,0.4550881373957993,1
13.03878968889342,77.6304562225637,Downtown,2,Stalking,0.8799138833874557,2
13.008544888669519,77.58103942851507,Residential Area,11,Harassment,0.2397197721222147,0
12.950359811781391,77.61920871909552,Industrial Area,22,Harassment,0.8338526502292235,2
12.969139198700784,77.52149011052578,Downtown,20,Stalking,0.5700541319694012,1
12.936319543360286,77.50338255998432,Suburbs,22,Harassment,0.6635055836993065,2
13.081690112266726,77.68191288547607,Industrial Area,1,Safe,0.5649677084911027,1
13.016678358953223,77.55392600175344,Park/Isolation Zone,13,Assault,0.683258438141212,2
12.980170283352727,77.6639354005561,Industrial Area,13,Safe,0.2838990425068471,0
12.992401160728827,77.69987006009444,Suburbs,3,Safe,0.4379479447296268,1
13.089456667922363,77.54228625159978,Industrial Area,16,Safe,0.22747632952723945,0
12.930670280623216,77.55303414823668,Suburbs,14,Stalking,0.34112974078163244,0
13.01724596640336,77.63257195752693,Downtown,15,Safe,0.21793428123814018,0
13.001177735776894,77.69308972692012,Residential Area,4,Theft,0.5099023925126389,1
13.02229084708693,77.68316286963815,Park/Isolation Zone,23,Harassment,0.7957510822386639,2
12.903622036764169,77.60057510401312,Residential Area,16,Stalking,0.22089679559518874,0
13.07442478178883,77.65902205650535,Residential Area,22,Theft,0.634729769351698,1
13.086423656496722,77.52714917061998,Residential Area,6,Theft,0.42456695525568233,1
13.013026636717841,77.69548763684081,Suburbs,22,Assault,0.7106312557208798,2
13.039330164775379,77.6928706468072,Suburbs,14,Assault,0.44838948159827674,1
13.084499876235459,77.53274579157583,Park/Isolation Zone,16,Theft,0.4599503021317464,1
13.04144772686268,77.55988462496062,Suburbs,11,Assault,0.3521501132298312,1
12.930507808582853,77.52003099950136,Suburbs,10,Harassment,0.29178627080562053,0
13.015257672033362,77.55434351977964,Suburbs,18,Harassment,0.441428236926096,1
13.02134300927657,77.66319115788305,Suburbs,10,Assault,0.4669673505693261,1
12.984826134260476,77.57566312143305,Downtown,1,Safe,0.5013502253115024,1
13.047288847124944,77.51767939342935,Park/Isolation Zone,14,Theft,0.4612636433146216,1
13.086873402953803,77.56844510495579,Suburbs,4,Harassment,0.43117167571999565,1
13.085113702581355,77.69627666684826,Park/Isolation Zone,17,Assault,0.6509576476689802,2
12.990167874280827,77.62593671905184,Industrial Area,20,Assault,0.8568381543952366,2
12.922647609168152,77.58323218928123,Downtown,20,Harassment,0.6424561301200366,1
13.096968239792467,77.53330770269946,Suburbs,15,Harassment,0.2742057551131951,0
13.067779617289187,77.69723535945674,Downtown,3,Safe,0.576729181444937,1
12.924932536240654,77.66416980185262,Downtown,22,Assault,0.8380856532507314,2
13.084168376523474,77.55629546049019,Industrial Area,9,Assault,0.6269324008706754,1
13.073979272412425,77.51401373914423,Park/Isolation Zone,21,Stalking,0.8231789009757827,2
13.003767611425214,77.51132511147551,Downtown,1,Safe,0.5822937105417626,1
13.018255087148987,77.5240756299011,Residential Area,14,Harassment,0.31445410930907486,0
12.979800540774026,77.61615371672289,Industrial Area,3,Harassment,0.7820726182942986,2
12.910952327764406,77.6857526842411,Residential Area,15,Theft,0.24790310845927233,0
12.96703944832918,77.5993486856012,Industrial Area,6,Harassment,0.576580595056826,1
13.060570689719603,77.66858909649125,Residential Area,11,Assault,0.43383063364784474,1
12.900926404600922,77.58917732397197,Residential Area,2,Harassment,0.61880155308501,1
12.966699834338229,77.64171670915357,Downtown,16,Assault,0.5986789307859084,1
12.979633738718189,77.6463745474573,Downtown,8,Assault,0.5986792607671402,1
13.007479120587584,77.53479274118067,Industrial Area,7,Safe,0.26728016336246385,0
13.083971123282552,77.57224321179517,Park/Isolation Zone,22,Harassment,0.8046126206621059,2
12.969269198873192,77.62746043130761,Downtown,5,Safe,0.3500387385596868,1
12.969390640379245,77.51413932163688,Downtown,14,Assault,0.5874059932067216,1
13.04750024962195,77.57230803755259,Suburbs,9,Harassment,0.3367121791643042,0
12.990443588177962,77.60695989325625,Downtown,22,Harassment,0.7070733152128909,2
12.944920964587997,77.69924489860892,Park/Isolation Zone,5,Safe,0.502038058086746,1
12.990487903226539,77.59490671252449,Suburbs,14,Safe,0.10077396802871912,0
12.928171404075961,77.66321135142287,Residential Area,13,Assault,0.4965064957972551,1
12.935277397301245,77.58641345701332,Residential Area,18,Assault,0.6006690954893419,1
12.999673554547895,77.65927814452394,Suburbs,12,Harassment,0.22560753108842674,0
12.983785089900909,77.61908296032402,Suburbs,13,Harassment,0.4062438622740092,1
13.08296918021362,77.67731908830048,Suburbs,2,Stalking,0.6985845363119072,2
12.972478779823327,77.58218851047002,Industrial Area,3,Stalking,0.8741595460474156,2
13.016117670055609,77.6208608839643,Park/Isolation Zone,13,Theft,0.4712251597842271,1
13.026452857583905,77.62600373612376,Park/Isolation Zone,13,Assault,0.6840535013524988,2
12.902618891317667,77.5834765883601,Residential Area,7,Theft,0.17888060810627687,0
13.032707474403342,77.5288624087375,Residential Area,9,Theft,0.23331333693891199,0
12.93560719337395,77.51871188138247,Residential Area,8,Safe,0.10878482498128712,0
13.092214063493891,77.50333431011993,Downtown,13,Safe,0.24873949547757768,0
12.929732545550623,77.67470685284904,Residential Area,7,Stalking,0.43762784138133,1
12.982924824745405,77.54729498244774,Suburbs,10,Theft,0.2835493367754215,0
12.917069933615728,77.54230134985636,Residential Area,9,Stalking,0.39868013442741607,1
13.09937485036919,77.64720708008521,Suburbs,17,Assault,0.47700828480582397,1
13.000439002066248,77.56400322261747,Industrial Area,3,Harassment,0.8081319479880082,2
13.019077003464009,77.60120893848237,Downtown,3,Safe,0.5727406744440974,1
12.913415295477686,77.53250221305949,Downtown,11,Assault,0.5007937462334429,1
13.049992094079835,77.6919491442924,Park/Isolation Zone,17,Assault,0.686981538892805,2
12.941981118619116,77.67031628000345,Industrial Area,7,Safe,0.23011153736502463,0
13.079610857888142,77.672757924593,Suburbs,2,Safe,0.3410025964676216,0
12.941027928096402,77.58135474971441,Industrial Area,17,Theft,0.5096811392712589,1
12.938137544132733,77.65247224274144,Downtown,6,Stalking,0.5961729005712547,1
12.90730993356962,77.52877523107796,Suburbs,0,Assault,0.6838171633965007,2
12.994413389022,77.50172380051836,Industrial Area,21,Theft,0.619478979456409,1
13.012968226652523,77.5039945865156,Downtown,12,Theft,0.39656604064030637,1
12.913141727885671,77.61732034748091,Suburbs,2,Assault,0.7723132225982299,2
13.055105523339002,77.59107898104959,Suburbs,2,Assault,0.8377952677054684,2
12.990657766949605,77.60360306978171,Downtown,14,Harassment,0.47863793478085254,1
13.004878053865516,77.50149262808344,Suburbs,20,Stalking,0.4224695045424325,1
12.988152549387646,77.58453732393149,Downtown,18,Assault,0.7966448576622849,2
12.980152612175065,77.64361363224018,Residential Area,3,Safe,0.389003797516587,1
13.011928066261644,77.58853874039349,Residential Area,12,Harassment,0.30839726131899836,0
12.931048049186142,77.64644384126245,Suburbs,12,Stalking,0.26732947194704065,0
12.936385626099055,77.54660379287937,Suburbs,14,Safe,0.12516257372637546,0
13.072357124202703,77.66262840089635,Downtown,18,Safe,0.3349262628257099,0
13.089223092426726,77.61768624809069,Suburbs,15,Stalking,0.37671246720676427,1
12.974661863255951,77.54215261988598,Park/Isolation Zone,6,Harassment,0.6638567597674834,2
12.95414893462871,77.54734409517077,Residential Area,2,Safe,0.43610821793285787,1
13.028799908647803,77.62560609291391,Suburbs,19,Theft,0.33524724372974124,0
12.981746834219619,77.66598791864249,Suburbs,1,Stalking,0.5719615886651654,1
12.90507727113207,77.58312555640583,Industrial Area,17,Stalking,0.522930589264648,1
12.931230519473239,77.55166008582552,Suburbs,10,Assault,0.46331598508977645,1
13.04319444576948,77.67340232138213,Park/Isolation Zone,0,Harassment,0.7927421098726759,2
13.03178478838203,77.63385365835016,Residential Area,15,Theft,0.2601915367026383,0
12.905419198500697,77.58961709745661,Industrial Area,16,Theft,0.4937203094745196,1
12.94439443238659,77.59758003905586,Downtown,15,Assault,0.5338196983783634,1
12.946214959317615,77.54085129358728,Downtown,9,Safe,0.26026869982587847,0
13.034378548719745,77.62536052601297,Residential Area,16,Safe,0.12698919834518396,0
12.903942107550874,77.57174850210858,Downtown,2,Theft,0.6903560558659382,2
12.920821716396915,77.69912903533488,Park/Isolation Zone,17,Harassment,0.5458758119357069,1
13.059983217074638,77.59603670305238,Suburbs,18,Safe,0.17955522324562023,0
12.935708932410867,77.59717712123792,Residential Area,13,Stalking,0.3718727975521171,1
13.030549221570375,77.61317035748213,Industrial Area,20,Assault,0.8030606536033374,2
12.947636556209346,77.68335120062375,Suburbs,1,Harassment,0.6075333248847586,1
12.91988827855187,77.66016361997195,Downtown,11,Safe,0.3532337325292379,1
12.94863443819989,77.59022601395957,Downtown,10,Theft,0.3896667211903652,1
13.044453386371131,77.64373985319456,Industrial Area,16,Assault,0.6661327026510716,2
13.071139293621258,77.61724709975616,Park/Isolation Zone,5,Safe,0.5644056071928377,1
13.066043972913398,77.59847340974025,Industrial Area,18,Theft,0.5975853022479929,1
12.97943670592369,77.53846315455687,Residential Area,12,Safe,0.06417113110319123,0
13.03361702731413,77.59278725269098,Industrial Area,6,Assault,0.8199189209693698,2
12.940996859083164,77.54916371740451,Downtown,21,Stalking,0.6157496342645123,1
12.958629546052203,77.68296842997033,Park/Isolation Zone,10,Stalking,0.6599670111145185,2
13.079267163704223,77.56708136269927,Park/Isolation Zone,6,Theft,0.6757359624527748,2
12.902600384702147,77.69045280290668,Industrial Area,12,Stalking,0.5069469332112444,1
12.917101706170893,77.60661105801894,Residential Area,12,Assault,0.38764110198806434,1
12.941577251029205,77.62630887573523,Downtown,20,Theft,0.5578174349950241,1
12.905306440774764,77.60858808889786,Suburbs,0,Safe,0.41277491719025233,1
12.93628708701796,77.52587612339335,Park/Isolation Zone,18,Harassment,0.6377625092785973,1
13.016608312193938,77.5751642438016,Industrial Area,18,Safe,0.4892872023979783,1
12.9842849101185,77.51982922245553,Residential Area,22,Assault,0.7832625281651271,2
13.078534342215395,77.62459080883667,Residential Area,14,Theft,0.26707814069876434,0
13.063488712347688,77.58937483904009,Downtown,13,Safe,0.28789039614547474,0
12.968363470339575,77.6555969943142,Park/Isolation Zone,2,Theft,0.750514321104029,2
12.951884686686258,77.54409409619987,Downtown,20,Stalking,0.6034282354944938,1
12.975938481633454,77.53291321168587,Suburbs,19,Harassment,0.43701354413044585,1
13.018058988502961,77.58126644619276,Suburbs,3,Assault,0.7182778705284095,2
12.953612728164575,77.68531707664368,Suburbs,6,Safe,0.2751080126013163,0
13.024829781569826,77.64208436300248,Residential Area,0,Harassment,0.6402758208756104,1
12.981882330438248,77.58378472495859,Park/Isolation Zone,22,Assault,0.9648256392168156,2
13.010409436170397,77.60345443395086,Downtown,23,Assault,0.8566097994361027,2
12.987225305827064,77.51684260223541,Downtown,18,Stalking,0.6927398957520381,2
12.958893151908384,77.69691517927522,Suburbs,2,Theft,0.5009005210078504,1
13.089690661392432,77.63328146093899,Park/Isolation Zone,19,Theft,0.6357221559246864,1
13.052721158831952,77.55708081369268,Park/Isolation Zone,14,Harassment,0.49950597468106267,1
12.92802263515329,77.61716167884305,Industrial Area,12,Stalking,0.5204070697493741,1
13.073693595179583,77.5218964732138,Park/Isolation Zone,21,Assault,0.7746809792469588,2
12.997486239649902,77.69316733376152,Park/Isolation Zone,13,Stalking,0.664108757980853,2
13.078910445378819,77.53495699757667,Downtown,6,Stalking,0.7006154423695239,2
13.059971051189462,77.62960606361105,Park/Isolation Zone,0,Harassment,0.8096481571074392,2
12.985042700893846,77.54909089250779,Park/Isolation Zone,12,Theft,0.5231529878064627,1
12.904493861664024,77.6435122765297,Downtown,3,Stalking,0.7282140982944699,2
12.953735471876989,77.65536427344806,Park/Isolation Zone,11,Stalking,0.6310879061839147,1
13.008326842932174,77.63468394578229,Downtown,6,Stalking,0.605798745091029,1
13.02669564396523,77.62289989205104,Industrial Area,1,Safe,0.6608788155678863,2
12.95157753708664,77.6784938187904,Residential Area,16,Stalking,0.3755480728725663,1
12.927871214814566,77.51572534219795,Downtown,0,Stalking,0.7817225206666595,2
13.06698604735986,77.56618295315604,Downtown,13,Assault,0.5795901663234889,1
13.09688043614071,77.54965749592617,Park/Isolation Zone,21,Safe,0.5072242835620524,1
13.005138036460536,77.6976027924131,Downtown,20,Stalking,0.6038039461403676,1
12.93433585716966,77.57787795593337,Suburbs,0,Stalking,0.7062454721461419,2
12.954461465303874,77.64652253984808,Suburbs,2,Harassment,0.6152991276078933,1
12.903678135309494,77.6369450327762,Industrial Area,10,Harassment,0.548218136518089,1
13.082859761312099,77.54241624749548,Downtown,6,Safe,0.27751900628722026,0
12.923550216578029,77.5477995360423,Park/Isolation Zone,8,Assault,0.7008039459423142,2
13.01530329510285,77.55625691271061,Park/Isolation Zone,21,Safe,0.5124032303684395,1
12.954811044137442,77.58222545565188,Residential Area,2,Safe,0.39982702097198647,1
13.010835600503158,77.5468650131301,Industrial Area,0,Harassment,0.8011251088779991,2
13.030284077670373,77.50393029654937,Park/Isolation Zone,18,Harassment,0.6839433762505274,2
13.06594836074144,77.67587861136144,Residential Area,1,Assault,0.8628684127463113,2
12.941284254352121,77.69312196627618,Park/Isolation Zone,20,Stalking,0.7621628946189443,2
12.902199165731696,77.56831407740631,Residential Area,23,Assault,0.7561236800172111,2
12.927377126013761,77.5677013758851,Suburbs,4,Stalking,0.5468285863002802,1
13.08000372836962,77.50141836255487,Suburbs,16,Theft,0.22204741437839876,0
13.074778015512504,77.63605013766607,Park/Isolation Zone,18,Harassment,0.6356108576153687,1
13.019482620434061,77.66508797914973,Industrial Area,4,Theft,0.645358965341878,1
13.02010337208673,77.529321660072,Downtown,22,Theft,0.6833245992823123,2
13.03300733490925,77.53193326987343,Industrial Area,20,Harassment,0.7180361787852633,2
12.93507425572469,77.6580166499943,Industrial Area,13,Theft,0.5149005420042736,1
13.082882389184991,77.62325814967083,Downtown,9,Safe,0.13386769055535136,0
12.983754104978415,77.50897211152554,Suburbs,20,Stalking,0.5036166968019188,1
12.9766277056499,77.62450939809246,Suburbs,6,Assault,0.6538303240490227,2
13.003783541056567,77.56178354456875,Downtown,7,Harassment,0.36223706001680184,1
12.909393193355012,77.57374503109418,Residential Area,7,Safe,0.11830297962352046,0
12.933256673751217,77.65394628365938,Industrial Area,6,Assault,0.8328948696832958,2
13.047606723285273,77.66218703853453,Park/Isolation Zone,12,Assault,0.6972616651675558,2
12.916559733585025,77.58007132536797,Suburbs,13,Assault,0.44762282808658216,1
13.020630421893278,77.68943058720127,Park/Isolation Zone,18,Theft,0.7099157054088158,2
12.949069821936265,77.58129254359042,Downtown,10,Theft,0.32527360865691857,0
12.977859122808395,77.65436720704602,Park/Isolation Zone,1,Theft,0.8415554979991056,2
12.95773874735414,77.59677545291285,Park/Isolation Zone,16,Theft,0.5229638080652402,1
12.97113454329299,77.67950646530441,Industrial Area,5,Safe,0.5150859016486344,1
13.043809181036849,77.68155224873004,Downtown,8,Theft,0.35259295030934995,1
12.959424343124635,77.51748336157422,Park/Isolation Zone,18,Harassment,0.7738356378515913,2
13.013280928059379,77.68729866626205,Suburbs,4,Assault,0.5305785623471538,1
12.99521008043982,77.66510696830409,Downtown,8,Safe,0.23347999451096332,0
13.03273423307253,77.65826214286254,Suburbs,6,Theft,0.3418407745786112,0
13.087365947864951,77.5401822679371,Residential Area,3,Assault,0.7862367409683542,2
13.04651441944205,77.66102384175093,Park/Isolation Zone,17,Safe,0.31190334334241704,0
12.942988075718151,77.67002654693701,Downtown,17,Assault,0.6567361255135024,2
12.906236627012257,77.55783006689083,Suburbs,19,Safe,0.1655944389078306,0
12.952452808859965,77.69045201567246,Park/Isolation Zone,16,Stalking,0.5777368488457244,1
13.019015586140052,77.50997202927984,Industrial Area,3,Safe,0.689298399328564,2
12.91028516269685,77.52998185064943,Suburbs,21,Theft,0.36196441729835704,1
12.999273249440247,77.6075162276103,Suburbs,15,Assault,0.5029670151103106,1
13.019368569783378,77.61515849422446,Residential Area,21,Assault,0.6348154674343345,1
12.966848778163392,77.62903001666018,Industrial Area,22,Assault,0.8846272233370296,2
13.054182440749164,77.5033938258631,Residential Area,4,Harassment,0.46056832140430914,1
12.921319650626755,77.69207335492443,Industrial Area,8,Harassment,0.5764338434773254,1
12.915027556347162,77.50891761854683,Suburbs,1,Theft,0.5295003020992024,1
13.04563775124072,77.52861239054468,Residential Area,1,Stalking,0.6155032318270042,1
12.99909826324124,77.50280290350521,Park/Isolation Zone,3,Harassment,0.8664230320108446,2
13.037680479285546,77.61337168665882,Industrial Area,19,Safe,0.43926146135312893,1
12.986965467720749,77.6864533767842,Suburbs,19,Theft,0.3252017377360151,0
12.949280406647821,77.63318943321609,Downtown,16,Stalking,0.4889096854630276,1
13.06382046353484,77.66453149369609,Industrial Area,19,Safe,0.42573443897739416,1
13.059883175793797,77.50265624069172,Industrial Area,20,Assault,0.7932978394036806,2
13.038939294170886,77.60840305969595,Park/Isolation Zone,18,Harassment,0.5798327227047347,1
12.954429027445993,77.5919125955011,Industrial Area,2,Safe,0.6182162877449938,1
13.018046133373817,77.59979358884416,Industrial Area,4,Stalking,0.6183029783410493,1
12.972194779388005,77.51444263706703,Park/Isolation Zone,9,Theft,0.5373346662044345,1
12.918316414665327,77.63688707221387,Park/Isolation Zone,5,Safe,0.5536054237048578,1
13.083462715092448,77.60064408297173,Residential Area,2,Theft,0.45071957705936583,1
12.927363726183792,77.65302976997225,Suburbs,16,Assault,0.5147508568401187,1
13.09004747076416,77.59705812681234,Suburbs,9,Stalking,0.3441564540919434,0
12.98920115459159,77.52987632724529,Residential Area,23,Stalking,0.7038480559610031,2
12.937026585767724,77.62965139081557,Suburbs,11,Harassment,0.3465574265686232,0
13.008380189475671,77.53447727242103,Industrial Area,0,Stalking,0.7777359998295105,2
13.074589167175281,77.67447891267096,Residential Area,17,Safe,0.05734571013188249,0
13.046444977281912,77.62262324781385,Residential Area,18,Safe,0.33071061277566327,0
13.06131222957229,77.53144077671139,Suburbs,21,Safe,0.187971395442519,0
13.031756673342143,77.69246761149624,Downtown,19,Assault,0.7680462248194665,2
13.03845531290357,77.60367309266707,Suburbs,3,Stalking,0.6122053881223476,1
13.069839130313063,77.51457969037433,Downtown,14,Stalking,0.45480079150481595,1
12.949933601771837,77.62536658088301,Residential Area,8,Safe,0.09906603828399917,0
12.997884992728627,77.55063978140257,Downtown,5,Harassment,0.7095683147905802,2
12.944241888363921,77.66073869037547,Industrial Area,11,Harassment,0.5384045216236115,1
13.097533601599329,77.66356441471324,Park/Isolation Zone,17,Stalking,0.547315358803119,1
13.088811867937322,77.69578947117094,Downtown,22,Stalking,0.8097725006719224,2
12.907885362273701,77.60037390620491,Park/Isolation Zone,14,Theft,0.4070294336128083,1
13.041115034503138,77.59099137594555,Industrial Area,18,Stalking,0.5872641607382445,1
13.085049663483133,77.6506951210893,Park/Isolation Zone,8,Safe,0.35845634115426706,1
12.936115069025467,77.52649413126838,Industrial Area,21,Assault,0.8357473343391172,2
13.013589046110527,77.60938310275863,Park/Isolation Zone,23,Stalking,0.9780508997805237,2
13.083097659517609,77.60924952002617,Park/Isolation Zone,12,Stalking,0.6186459278070421,1
12.90678919571716,77.51789462456208,Suburbs,15,Safe,0.10031963515433305,0
13.039484053449367,77.58359681710138,Downtown,12,Theft,0.38305521625437905,1
12.95946980147451,77.67065695971344,Park/Isolation Zone,0,Stalking,0.9263900058225433,2
13.084879239075306,77.67123072439894,Residential Area,17,Harassment,0.2392031374745397,0
13.094211649033074,77.51984753298393,Suburbs,21,Harassment,0.4160861004389447,1
13.088853297822686,77.51814417654957,Downtown,2,Harassment,0.6909105867587373,2
12.994842843331492,77.55253909540039,Suburbs,16,Assault,0.42379100875178954,1
13.072408530197862,77.6749532125108,Downtown,21,Assault,0.7137617659640115,2
13.068909879707014,77.5257805170147,Industrial Area,4,Stalking,0.6603753838837267,2
12.963820094648652,77.6439993605255,Park/Isolation Zone,5,Stalking,0.7180061957000236,2
13.065783094830135,77.52023312392262,Residential Area,20,Stalking,0.5105403694348313,1
12.907401526943099,77.62462757074957,Suburbs,16,Assault,0.5134497987571354,1
13.01925397569641,77.57121345982382,Suburbs,16,Stalking,0.36441341768711466,1
12.94600176745754,77.65778279259318,Suburbs,0,Safe,0.3713366442581925,1
12.924113377155455,77.54673808976507,Suburbs,6,Theft,0.4219003612517825,1
12.915390640325842,77.627840365878,Park/Isolation Zone,21,Harassment,0.7055117385193046,2
13.039257755175628,77.54713650691518,Downtown,15,Harassment,0.4584634368164804,1
12.967974992753613,77.64273205662244,Park/Isolation Zone,4,Safe,0.49884285545175244,1
13.044953354305752,77.67473560691215,Industrial Area,15,Stalking,0.6362871076053892,1
12.913071268159788,77.52536035982536,Park/Isolation Zone,3,Assault,1.0,2
12.963058067566122,77.6733191377191,Park/Isolation Zone,10,Stalking,0.5719323246043665,1
13.007898258475068,77.61871505088286,Industrial Area,13,Stalking,0.511139904797588,1
13.058144632967792,77.52542209817341,Park/Isolation Zone,12,Harassment,0.5950710390267399,1
12.963750500586414,77.58550837107194,Downtown,23,Harassment,0.690676654686102,2
13.025178275287402,77.53217205869701,Residential Area,7,Assault,0.5178495751195074,1
13.077195549647238,77.64006957777332,Industrial Area,20,Harassment,0.5541666915069089,1
13.023172637636462,77.6517736268836,Suburbs,19,Stalking,0.5613141502662838,1
12.946591894950727,77.52115930405456,Downtown,14,Safe,0.28986153176717677,0
12.904880156311307,77.60122797053893,Residential Area,17,Assault,0.42802177462217306,1
13.074019774780187,77.66292501120519,Downtown,6,Safe,0.3624899550152516,1
12.904253882170078,77.6872326083102,Downtown,20,Stalking,0.7116074485097967,2
13.074940334536839,77.60270357334835,Suburbs,18,Assault,0.6899741621129338,2
13.005787426805442,77.69005584472228,Residential Area,8,Safe,0.06931998740787224,0
13.087813539702578,77.6071377940912,Downtown,10,Assault,0.6290218595516898,1
13.059756647154733,77.57883809891999,Suburbs,9,Stalking,0.398974844489339,1
13.099586822106668,77.66964062571058,Industrial Area,13,Assault,0.6801468076782569,2
12.970142363090343,77.59859654209161,Suburbs,15,Stalking,0.35271565793669635,1
13.053437657786224,77.59438050211291,Park/Isolation Zone,7,Assault,0.6805085076334516,2
12.980386182721848,77.59806249788197,Suburbs,0,Assault,0.763900507614042,2
12.995975124060783,77.66935700037395,Suburbs,11,Harassment,0.1957143715651452,0
13.025501092643674,77.66638830833762,Suburbs,2,Stalking,0.7170372324482687,2
13.074735422837268,77.58070399848805,Downtown,1,Theft,0.6146621590634762,1
13.096816693839859,77.5666599719741,Residential Area,15,Assault,0.4080755926211409,1
13.053654682772903,77.59838560480783,Suburbs,3,Safe,0.38313391783907785,1
12.983553356433466,77.61455450194742,Suburbs,1,Harassment,0.5500660712983255,1
12.984271400455414,77.5476674421256,Park/Isolation Zone,11,Harassment,0.4935875494394109,1
13.047516460317778,77.65879101694313,Park/Isolation Zone,23,Assault,1.0,2
12.947755429153661,77.59729655314649,Industrial Area,16,Theft,0.5398179879526223,1
12.92209482262628,77.56680910968399,Industrial Area,19,Harassment,0.7274258223149604,2
12.970924431528156,77.52136419859279,Park/Isolation Zone,20,Stalking,0.7917758829245105,2
12.957447798330817,77.54776903208072,Residential Area,9,Assault,0.5732276360110984,1
12.959261624091198,77.6898562343512,Industrial Area,19,Assault,0.7866849030355004,2
12.946721550209983,77.56101993736391,Residential Area,7,Theft,0.23188617954561422,0
12.908418637927273,77.5337718578734,Park/Isolation Zone,17,Stalking,0.6005632706797681,1
12.903574786946683,77.592134558331,Industrial Area,17,Stalking,0.6214520302307257,1
13.097544477947206,77.56141754867205,Suburbs,17,Theft,0.27930128933533355,0
12.985554626747172,77.50703185005423,Park/Isolation Zone,1,Safe,0.736373640406975,2
12.976865329431936,77.56462904345588,Industrial Area,11,Stalking,0.5532659774679235,1
13.035929456538614,77.6088217247879,Residential Area,9,Safe,0.025071593477203044,0
12.943650777573014,77.61034247440399,Residential Area,7,Safe,0.06633769112426732,0
13.089992236790044,77.57131178423538,Industrial Area,18,Assault,0.8512365705899128,2
13.05726900288311,77.58946055125053,Residential Area,9,Assault,0.4252689753885133,1
12.917882200462453,77.69310358364696,Industrial Area,10,Harassment,0.504768076944969,1
12.983516155156986,77.57546969544606,Industrial Area,13,Assault,0.6623381836927958,2
13.075823661512432,77.551645362652,Residential Area,14,Stalking,0.44040918451980193,1
13.088946404458282,77.54869340881335,Downtown,23,Stalking,0.8439725977863528,2
12.993480302249974,77.59155292254083,Suburbs,22,Safe,0.43416500382774653,1
13.022682277842142,77.65190402974339,Park/Isolation Zone,9,Stalking,0.6078987709282746,1
12.933406789218415,77.5411976368377,Suburbs,3,Assault,0.7084532155836968,2
13.098233725227395,77.64185922542815,Park/Isolation Zone,6,Assault,0.862129715757096,2
12.946334340276689,77.50422996466989,Park/Isolation Zone,10,Assault,0.808786726357733,2
13.088546354827026,77.58378659559679,Suburbs,23,Theft,0.5756616237825054,1
13.029929329798474,77.65517301304055,Industrial Area,21,Stalking,0.6724290750351142,2
13.021547358975772,77.56774659115489,Residential Area,21,Harassment,0.4290697735000341,1
13.002537702203302,77.61274742028908,Downtown,2,Stalking,0.8709316782125984,2
12.946133962343552,77.54099584656518,Downtown,4,Stalking,0.6233752371223503,1
12.935305606401101,77.64839907822524,Downtown,1,Theft,0.6899599177472526,2
12.944097241814035,77.51045582065375,Suburbs,11,Stalking,0.2929018202756827,0
12.937287652428852,77.6705085289751,Suburbs,20,Safe,0.23610297954230844,0
13.05591689471335,77.53963927728434,Industrial Area,4,Assault,0.8236502275244401,2
12.970025051833346,77.67487960634166,Downtown,6,Assault,0.7351741872446157,2
12.91156853531268,77.5705058482601,Industrial Area,3,Theft,0.7512317776104975,2
13.093820526028162,77.6445367148949,Downtown,10,Assault,0.5423532949793758,1
13.076757176992684,77.56384505955724,Suburbs,21,Safe,0.22214762237539826,0
13.085550456639043,77.68118233424693,Residential Area,8,Theft,0.3566089262047023,1
13.098981564529288,77.52532742510367,Residential Area,3,Harassment,0.5933016452117026,1
12.934779049843897,77.53570395785452,Residential Area,21,Assault,0.6181462729361458,1
12.979248403780533,77.59860602503176,Residential Area,8,Stalking,0.30989583504395146,0
13.051647695140819,77.51638768780764,Park/Isolation Zone,11,Safe,0.3525861692383355,1
13.039204123610759,77.53919603694035,Downtown,15,Safe,0.23646814658682277,0
12.93077918126797,77.68875327644241,Residential Area,0,Assault,0.8050142914541258,2
13.063166624998123,77.69529793222958,Park/Isolation Zone,7,Harassment,0.6026398233110399,1
12.944888114367332,77.57525186586608,Park/Isolation Zone,0,Stalking,0.9579216910285732,2
12.944763522964525,77.6846572042028,Park/Isolation Zone,19,Harassment,0.7040147525684344,2
13.007394884578682,77.6089649351347,Industrial Area,18,Harassment,0.7519924287370321,2
13.01858798696834,77.55394849317476,Industrial Area,3,Assault,0.9901892700498447,2
13.016017241567562,77.64047974421612,Park/Isolation Zone,13,Stalking,0.5285232106774559,1
12.918297367479552,77.63178036131497,Residential Area,22,Assault,0.8271239579382217,2
13.075492172526076,77.69782506382175,Downtown,13,Assault,0.5997123836569065,1
12.953120008517741,77.55300945748186,Suburbs,8,Safe,0.15692321288662028,0
12.925902984256561,77.63441190053234,Industrial Area,8,Assault,0.59735959433741,1
13.077749615973795,77.5104047510059,Residential Area,16,Theft,0.24643918975885917,0
13.09113029964595,77.52272920773935,Residential Area,14,Stalking,0.3874977733077174,1
13.07242552345309,77.50078367499022,Suburbs,9,Safe,0.1121984923568337,0
13.061903214944975,77.69989213621194,Suburbs,16,Stalking,0.34252948475344075,0
13.031048396127805,77.6604547394295,Residential Area,8,Safe,0.0,0
13.010171474121828,77.65734460294671,Suburbs,3,Theft,0.5130075210215899,1
12.917397351982283,77.60194521505764,Residential Area,13,Assault,0.4011398279874088,1
12.98169064261414,77.56001341658109,Suburbs,2,Safe,0.30693043384036134,0
12.974537703402463,77.53025285689253,Suburbs,20,Safe,0.21452900552648366,0
12.951950756752066,77.55693494776929,Residential Area,11,Safe,0.19293575952635805,0
13.044684022737718,77.57519424438583,Park/Isolation Zone,21,Theft,0.7078809340524906,2
12.999175147015753,77.65126201939606,Residential Area,0,Stalking,0.6082409169332105,1
12.91620924318153,77.60793235778063,Downtown,0,Theft,0.6705839482519952,2
12.944036640389962,77.5154967253111,Suburbs,12,Safe,0.0706863587208599,0
13.036651752731919,77.50360580179178,Industrial Area,13,Safe,0.3378026010375952,0
12.91522617189806,77.52046643590681,Suburbs,15,Assault,0.4702499099591418,1
13.070241382809753,77.58209974273947,Downtown,6,Theft,0.5143940732283744,1
12.999029305402795,77.6866385834098,Industrial Area,9,Theft,0.4201677793552505,1
12.99611731546533,77.62748049624184,Industrial Area,14,Harassment,0.5540643396330227,1
13.018481556931903,77.6603651799751,Residential Area,7,Stalking,0.42621922847682425,1
13.06493619318503,77.59327491890092,Park/Isolation Zone,10,Harassment,0.50516933655019,1
12.969561841580438,77.57233321663901,Residential Area,23,Harassment,0.594148770117172,1
13.035603230511812,77.52168007454333,Industrial Area,13,Stalking,0.5564206891340084,1
13.013146392799158,77.67518660443724,Industrial Area,12,Assault,0.6405494990254806,1
12.953405654033885,77.65663200580558,Park/Isolation Zone,22,Assault,1.0,2
13.07572599727103,77.53362361951955,Suburbs,12,Stalking,0.34238566891061106,0
13.059485204321385,77.60245211277525,Park/Isolation Zone,8,Stalking,0.6954067121841356,2
13.031690366931684,77.59747496158425,Residential Area,16,Theft,0.3100488765422824,0
13.070116345818848,77.62501831053731,Suburbs,17,Theft,0.2156813420397206,0
13.073458840191961,77.68923737879825,Residential Area,18,Theft,0.40334162207682034,1
13.041672595343007,77.6159542883525,Park/Isolation Zone,12,Theft,0.45117166486115695,1
13.067402665672734,77.60804345335572,Suburbs,11,Safe,0.08042504781077454,0
13.039494292333856,77.51006458658694,Park/Isolation Zone,20,Safe,0.5435342394746201,1
13.03602815435206,77.5125814952036,Downtown,19,Assault,0.7622870834000921,2
13.023722275643037,77.53746935826535,Industrial Area,19,Safe,0.5556262016742471,1
13.050543327911528,77.50649415433836,Suburbs,7,Safe,0.03890266364350095,0
12.931721021058616,77.64867057911401,Industrial Area,23,Theft,0.7483517176890462,2
13.076174151839785,77.6446660607988,Downtown,10,Theft,0.37471158067409527,1
13.074368705549047,77.52721124688632,Suburbs,6,Stalking,0.48419419167613864,1
12.905849456606912,77.66721578015905,Industrial Area,0,Theft,0.7520952417357931,2
13.065163350112952,77.53095720696922,Industrial Area,9,Stalking,0.5161531652580255,1
12.925773973494689,77.56023511739947,Suburbs,14,Stalking,0.39789537227773497,1
12.967023770851828,77.54979537983228,Industrial Area,3,Safe,0.6875706099111766,2
13.048701651258321,77.57446141971461,Industrial Area,0,Theft,0.6332247401682753,1
12.932151979209662,77.55093275317799,Suburbs,10,Safe,0.16964517591013262,0
13.063593404823813,77.59779018528769,Industrial Area,4,Theft,0.7258395923355507,2
13.066426835591548,77.58148157627093,Industrial Area,18,Safe,0.45948595981031454,1
13.001493546752167,77.69731389815587,Residential Area,18,Safe,0.21946875192314544,0
12.901277174343367,77.51118527002565,Residential Area,3,Safe,0.3713910574495653,1
12.957407626634982,77.52843627527747,Downtown,1,Assault,0.8846103577325974,2
13.023385383675148,77.51056517878172,Residential Area,6,Safe,0.2715204229215599,0
13.096237235605484,77.62516823899648,Residential Area,12,Harassment,0.27862888609865166,0
13.026362705403333,77.51090185548274,Downtown,19,Harassment,0.5960070542129525,1
12.951960716212833,77.66728794747523,Industrial Area,20,Harassment,0.6022049128291289,1
13.026801140619922,77.60238772613639,Industrial Area,11,Stalking,0.5271603227641647,1
13.007997075943171,77.6054015249163,Residential Area,1,Safe,0.3793891829104197,1
13.055969079030229,77.61231890154244,Downtown,21,Harassment,0.5982156018905227,1
12.921396127765393,77.53416274126124,Industrial Area,8,Stalking,0.4772381023055424,1
13.052205580500406,77.5395380606229,Park/Isolation Zone,15,Harassment,0.5335072098813342,1
13.008253315735223,77.5637634645746,Suburbs,7,Theft,0.239276087542804,0
13.092598400771799,77.61869928316437,Suburbs,23,Assault,0.7592388306093134,2
12.968374433207737,77.54202355518804,Suburbs,17,Safe,0.16992700795772955,0
13.026524378626789,77.52326634542665,Residential Area,3,Assault,0.7449325938531516,2
13.086405621102003,77.69402337728368,Suburbs,23,Assault,0.6891371124055701,2
12.920501945598136,77.50439636296193,Suburbs,10,Theft,0.256603656626009,0
13.08744569744729,77.6605394810672,Park/Isolation Zone,16,Theft,0.4645606033691765,1
13.037577144460162,77.65760702991501,Industrial Area,7,Theft,0.4132662437274695,1
12.913567411821035,77.55944282276901,Park/Isolation Zone,18,Stalking,0.7352039698359293,2
12.960192713389363,77.52712532320146,Residential Area,7,Harassment,0.27402717282040884,0
13.041634417729057,77.52912572934109,Suburbs,5,Safe,0.19674784411081353,0
12.913470120293754,77.63948632344744,Industrial Area,22,Theft,0.7257399678958931,2
13.016434092035254,77.62856131821724,Suburbs,1,Safe,0.42278493322998834,1
12.96917661139059,77.65654913485028,Suburbs,14,Safe,0.10202677390825358,0
13.024183103553495,77.68749623447982,Residential Area,0,Safe,0.3503656408547493,1
12.909148406762503,77.63838547265333,Suburbs,5,Theft,0.35697841703314837,1
13.074307361230474,77.53117030731029,Downtown,18,Theft,0.5561627402045618,1
13.09469779383548,77.54868852335308,Industrial Area,3,Harassment,0.7506412022570013,2
13.093775571057138,77.66843874617463,Industrial Area,12,Theft,0.4051603099810011,1
13.049930366348585,77.54186121516685,Downtown,14,Theft,0.3714490511670736,1
12.926017248026128,77.51450446339089,Residential Area,8,Safe,0.051407139463678336,0
13.051652639185804,77.64065601080846,Suburbs,2,Harassment,0.605036639561674,1
12.90491738329176,77.58050527109803,Suburbs,1,Assault,0.7346161601942777,2
12.9044247103058,77.68400801050919,Industrial Area,15,Theft,0.5202120945295117,1
12.964722043829909,77.63005101421874,Residential Area,17,Theft,0.19190878510584997,0
12.997728638080932,77.51808379555833,Residential Area,17,Assault,0.5075387649550475,1
13.054081483561559,77.68957131345074,Residential Area,5,Safe,0.2618668887063357,0
13.036659075321301,77.55171145272806,Suburbs,17,Harassment,0.3745527426108478,1
12.98918054127535,77.56744249808126,Residential Area,10,Safe,0.16776797296859952,0
12.954725333256333,77.58045208273671,Downtown,6,Stalking,0.6286462929732348,1
13.099424900031542,77.51024485928086,Park/Isolation Zone,22,Theft,0.7295566332586663,2
12.985236260447195,77.59930308444612,Residential Area,22,Stalking,0.642622554362489,1
12.990277404865935,77.52466369821506,Park/Isolation Zone,13,Theft,0.4011677747509166,1
12.932724764238333,77.58019406533766,Suburbs,17,Stalking,0.3829829678539235,1
13.058961909749986,77.57014195759842,Residential Area,6,Assault,0.6075783239560846,1
13.038736445156298,77.6545680166853,Industrial Area,9,Theft,0.4200530847501301,1
12.944153922557753,77.66063410232655,Suburbs,7,Theft,0.22752189354564684,0
12.916476209123168,77.53068257647782,Downtown,23,Stalking,0.7488940624159387,2
13.036099860414943,77.57331023747585,Downtown,13,Harassment,0.4484001145627053,1
13.030902242856227,77.57467063220636,Park/Isolation Zone,17,Stalking,0.5504024859901587,1
12.954651905399642,77.53028208878722,Park/Isolation Zone,4,Theft,0.6481444331089188,1
13.090172712450082,77.65969070101023,Industrial Area,13,Theft,0.46765503879950115,1
12.93021157835618,77.64144566566709,Industrial Area,21,Harassment,0.6825013348988793,2
12.98646696020852,77.53807635725941,Downtown,21,Safe,0.4222734982421385,1
13.088723184033519,77.57334438171875,Residential Area,21,Harassment,0.43508941569931325,1
12.983945463385224,77.5211610049713,Downtown,9,Safe,0.27220529833243823,0
13.027705189532817,77.6256413194186,Downtown,14,Theft,0.40675578363838627,1
12.97951887959256,77.52427438490973,Industrial Area,5,Assault,0.806340933530532,2
12.954843040469735,77.69718683372498,Park/Isolation Zone,8,Assault,0.6486769643581726,1
13.096795529591965,77.65613641493758,Industrial Area,9,Stalking,0.48758537904290644,1
12.981866801263008,77.5780477099168,Industrial Area,22,Harassment,0.8128977925676769,2
13.078819840735827,77.61571278645587,Industrial Area,16,Harassment,0.5243169496885884,1
12.945990921178218,77.68226836324328,Downtown,0,Assault,0.8689469213655836,2
12.942620940805018,77.61081985607916,Residential Area,13,Safe,0.15871186097035414,0
12.906226816576902,77.53489969727958,Downtown,3,Harassment,0.8606705087813955,2
13.030333365075176,77.57574067111624,Suburbs,1,Safe,0.4876757667978357,1
12.973705268744752,77.66862897300595,Industrial Area,2,Safe,0.5866675924242115,1
13.072871649967928,77.62884260319792,Industrial Area,6,Safe,0.42834982595822735,1
12.994641981338312,77.63014487686677,Suburbs,22,Safe,0.43934155401505226,1
13.093638685582944,77.6733642971377,Industrial Area,13,Stalking,0.5839432163988046,1
12.937105103140624,77.6787946114925,Industrial Area,11,Stalking,0.49434197988795536,1
13.073724633591121,77.6839585143559,Industrial Area,18,Assault,0.7878895696102837,2
13.055319370558347,77.51896983865063,Suburbs,17,Stalking,0.3830776045704305,1
13.05418436892881,77.60882520039262,Downtown,14,Harassment,0.40518631157228147,1
13.068956645623377,77.64810190424366,Industrial Area,0,Stalking,0.8127675088460239,2
13.0522047981886,77.6513853690254,Residential Area,2,Harassment,0.5703157622444824,1
13.025244064326284,77.621343240394,Suburbs,14,Harassment,0.2800372065579183,0
12.926248975536478,77.53335746703674,Park/Isolation Zone,3,Safe,0.5715369455781028,1
12.906505235898251,77.65948411078834,Suburbs,14,Assault,0.48464606987385206,1
13.084169569563137,77.64402226670299,Downtown,9,Safe,0.21329324321471396,0
13.023330062904147,77.51722715430981,Suburbs,5,Safe,0.2601188538781951,0
13.059307458195235,77.59276196493488,Park/Isolation Zone,12,Stalking,0.6047544069166069,1
12.99630447030251,77.53479547990436,Residential Area,6,Stalking,0.4494140186002053,1
12.92346163779248,77.5674954091426,Park/Isolation Zone,21,Harassment,0.6116904643774144,1
12.92503715844051,77.50361621844114,Suburbs,0,Stalking,0.6544566152806056,2
13.037113057445794,77.58006597368215,Park/Isolation Zone,21,Stalking,0.7282125082047582,2
12.986061178979893,77.60997538423125,Suburbs,10,Theft,0.27277455241022663,0
12.940104945340067,77.62391651856542,Residential Area,13,Harassment,0.34061106555439485,0
12.998318909348287,77.63269806902575,Residential Area,5,Harassment,0.3480629380640573,0
12.912841787415028,77.66725826262049,Downtown,4,Theft,0.5384467636584866,1
13.01639428038288,77.54309258145514,Residential Area,18,Harassment,0.5020875070422842,1
12.95379868088702,77.52409636448769,Industrial Area,18,Assault,0.8718636648376377,2
13.059511820127437,77.67030743437958,Park/Isolation Zone,12,Assault,0.6083839252365737,1
12.962072391784714,77.53132256297853,Park/Isolation Zone,6,Theft,0.7075985258534929,2
12.99104402981636,77.69495201626724,Suburbs,7,Stalking,0.29952474232702775,0
12.90232410798162,77.66850764587973,Residential Area,13,Assault,0.48529690682216486,1
12.914489377558912,77.60017532117791,Downtown,18,Theft,0.5225545611632392,1
12.978498711281338,77.6962842849844,Downtown,18,Assault,0.7873344479967657,2
12.995987766943424,77.5194753458216,Downtown,22,Safe,0.5319118283865135,1
13.02000410962386,77.56061315223502,Industrial Area,11,Theft,0.3780756814208871,1
12.95833251574186,77.62764488300813,Residential Area,22,Harassment,0.5709283566728837,1
13.038996377225308,77.57000137369464,Downtown,8,Assault,0.6270092236011924,1
13.072024479437841,77.68567451039615,Industrial Area,13,Harassment,0.47887977690515265,1
13.05597019777867,77.51312521763556,Park/Isolation Zone,5,Theft,0.5963394476925094,1
12.907923765069672,77.6098823664122,Suburbs,14,Assault,0.3864307999332668,1
12.996101389451566,77.61817325347903,Residential Area,12,Harassment,0.2595317707253288,0
12.920986035683635,77.63054562475544,Residential Area,6,Stalking,0.4590991892822397,1
12.948409003172506,77.55113324466636,Park/Isolation Zone,10,Stalking,0.6287102090535643,1
13.09733251865343,77.57291328550397,Residential Area,9,Safe,0.0802349447435051,0
12.928499108580302,77.668736105933,Residential Area,0,Theft,0.5350656049887447,1
12.999777630690271,77.53898855379403,Residential Area,6,Harassment,0.44100862394432067,1
13.023631146863623,77.66537356943468,Residential Area,17,Safe,0.12700515650856264,0
13.04049299410882,77.61253108458055,Industrial Area,22,Theft,0.7818583997708812,2
13.011929736697383,77.65243750223883,Industrial Area,2,Stalking,0.8236550447623457,2
12.901954169483837,77.64272147325269,Suburbs,8,Harassment,0.28680165887581394,0
12.965292261648798,77.54150229907698,Residential Area,4,Assault,0.6321241375004815,1
13.003542328676943,77.61376254728678,Park/Isolation Zone,22,Stalking,0.8652087473536841,2
12.917573299828968,77.67354463056103,Downtown,23,Assault,0.8726273102128052,2
12.970125386241836,77.58642324736039,Suburbs,12,Assault,0.4820200114704086,1
12.906640621758273,77.69331815404466,Downtown,15,Harassment,0.42130176954856313,1
12.915715699431004,77.59044302002034,Downtown,15,Harassment,0.462378434580428,1
12.979384655240318,77.52855712733357,Residential Area,11,Assault,0.37101805946810806,1
12.926543150808612,77.57788693601553,Park/Isolation Zone,17,Safe,0.3791876955960567,1
13.013508169652312,77.69034048127811,Downtown,10,Assault,0.5899572833236414,1
13.037892993827453,77.56394416986797,Downtown,16,Assault,0.6203408717690652,1
13.060117339821817,77.67361963197341,Suburbs,6,Harassment,0.5059695121532681,1
12.940030048848962,77.67625013633638,Park/Isolation Zone,14,Theft,0.48331501821782547,1
12.933496516451815,77.57003730486639,Park/Isolation Zone,5,Stalking,0.673318426274494,2
12.920913568066881,77.51665153161012,Downtown,5,Harassment,0.5819058721914421,1
13.027286049908728,77.64491158183176,Park/Isolation Zone,17,Safe,0.41072835695765497,1
13.04129514529738,77.5623024598028,Suburbs,18,Stalking,0.5084922448802193,1
12.90631722896513,77.65658472285152,Suburbs,19,Harassment,0.39677782595447747,1
13.087242449248738,77.58853096965208,Suburbs,18,Harassment,0.4403123910325697,1
12.910394256730294,77.59705334846852,Residential Area,1,Theft,0.5743902717896234,1
13.008259267060215,77.6555818813497,Downtown,2,Safe,0.5437256369881303,1
13.041812103890184,77.57647266621233,Park/Isolation Zone,13,Safe,0.34236634468259397,0
13.074193824749218,77.58862546906458,Suburbs,21,Harassment,0.4143160331269831,1
13.042817386426485,77.57523809375392,Downtown,3,Theft,0.6683296056138553,2
13.060345616613958,77.57346810305546,Downtown,21,Harassment,0.6111229595552257,1
12.96789003850856,77.60518931538029,Residential Area,16,Assault,0.4746236123307144,1
13.062965022749303,77.66175988890024,Park/Isolation Zone,5,Assault,0.8413345076050224,2
12.916022969276936,77.57235366238451,Park/Isolation Zone,18,Theft,0.6253024156980654,1
13.078963331212105,77.60485094410755,Suburbs,8,Harassment,0.3378180875510264,0
13.009518475230747,77.63414546508852,Suburbs,3,Theft,0.5288156048537523,1
13.063459553992498,77.55388788926074,Downtown,6,Harassment,0.6144656937077766,1
12.99046365690366,77.55550456098048,Park/Isolation Zone,3,Harassment,0.8766509147329015,2
13.028715539039306,77.6866826254047,Park/Isolation Zone,10,Assault,0.6367953804385317,1
13.005280532187223,77.64470691466622,Suburbs,21,Stalking,0.506986750464921,1
13.046317904351067,77.61543733524466,Industrial Area,22,Safe,0.46512605484585084,1
12.916325996406119,77.62954401088412,Downtown,1,Safe,0.5448815965194818,1
12.912070416798112,77.50585988862068,Park/Isolation Zone,9,Theft,0.5289749864277603,1
12.949420646802029,77.62362059311234,Residential Area,5,Safe,0.2668460186034875,0
12.931908936022637,77.60190177464484,Residential Area,7,Assault,0.4900002068850582,1
13.07435671331844,77.60914993595588,Industrial Area,14,Stalking,0.567522736425467,1
12.943842797471609,77.57188476536616,Suburbs,12,Harassment,0.2728831424060788,0
13.095173051163826,77.51629477954259,Suburbs,21,Harassment,0.37303929886975,1
12.967379158354222,77.5386678467224,Suburbs,1,Assault,0.7556576534905118,2
12.93642358313774,77.69014894264254,Residential Area,19,Safe,0.2739402271260591,0
13.057939701428495,77.58173991245418,Suburbs,0,Harassment,0.5121223805526098,1
13.031741555100176,77.59333663116617,Residential Area,14,Safe,0.12019492619362526,0
12.999639143290628,77.51054195797069,Industrial Area,6,Assault,0.8043869666743668,2
13.011072710187527,77.5075132459088,Downtown,23,Harassment,0.731765801853689,2
13.043840355654453,77.64343628940935,Park/Isolation Zone,17,Theft,0.52198810707157,1
12.94569094826626,77.60761893282422,Industrial Area,9,Stalking,0.536231190702957,1
13.099266783211348,77.60174119684325,Residential Area,14,Safe,0.08302662749369277,0
13.094958632429357,77.54862490608454,Industrial Area,4,Safe,0.38643550651987096,1
13.030065137269387,77.64895014632599,Park/Isolation Zone,23,Safe,0.670236240426663,2
12.939908490185829,77.5336473158217,Downtown,10,Safe,0.1846960391126122,0
13.036045648486258,77.53798694873221,Park/Isolation Zone,7,Assault,0.6657950273230118,2
12.914439681795836,77.59214243426966,Residential Area,20,Assault,0.6227895337686249,1
12.906130500441162,77.55725597242238,Park/Isolation Zone,7,Assault,0.691625749281626,2
12.951536577702242,77.54949259624664,Industrial Area,5,Assault,0.8854539255767646,2
12.992524591347863,77.62904752891068,Suburbs,14,Harassment,0.3296428655416948,0
13.073654501081675,77.6301943490437,Industrial Area,14,Assault,0.6875668326462308,2
13.045433813953261,77.66490341395999,Residential Area,4,Harassment,0.49269693990789876,1
13.048541304239997,77.5835417133946,Downtown,12,Theft,0.38793459027775995,1
12.985098666889614,77.51461701820523,Park/Isolation Zone,13,Assault,0.6734082078954197,2
12.969186998509393,77.5547332769843,Downtown,10,Theft,0.3393077902913731,0
12.974207752596921,77.69600109263936,Residential Area,19,Assault,0.5273206838364884,1
13.097529912747211,77.61925171504654,Park/Isolation Zone,20,Theft,0.7073690284456983,2
12.908021838282497,77.6419474169602,Industrial Area,11,Stalking,0.51888956150874,1
13.073406299224489,77.50147156592509,Industrial Area,19,Theft,0.6446957054899198,1
13.015735081714478,77.6036411464365,Residential Area,0,Harassment,0.5264062509785828,1
12.987723083837919,77.50750573150636,Park/Isolation Zone,2,Safe,0.6408674425382278,1
13.045051532083027,77.61384604241829,Industrial Area,7,Theft,0.513385154035132,1
12.99733378828494,77.68415416992721,Residential Area,22,Safe,0.4133039159752929,1
13.074684647616332,77.69368382610008,Residential Area,11,Stalking,0.3646252355762398,1
13.080140372802251,77.60811053507778,Downtown,14,Stalking,0.47068511189956574,1
12.984344185374692,77.59164096105044,Industrial Area,22,Harassment,0.7548650798826217,2
12.95536555944701,77.68900341884971,Park/Isolation Zone,2,Harassment,0.8477518424087566,2
13.018470065718672,77.63472196639934,Industrial Area,21,Theft,0.5437163573149947,1
13.082472669123337,77.51297985590769,Industrial Area,7,Assault,0.644627106386491,1
12.942132437801133,77.5931451155335,Industrial Area,23,Stalking,0.8990618259407026,2
13.024593316712696,77.54804900369287,Residential Area,18,Safe,0.18664743854929297,0
13.026312044018503,77.59396086428974,Suburbs,19,Assault,0.6321089358155942,1
13.046622604483057,77.59109311440127,Suburbs,5,Stalking,0.5497954877652271,1
12.926313537025452,77.61642896056296,Downtown,17,Theft,0.38698830651862254,1
13.043164992936418,77.57135409806985,Industrial Area,10,Stalking,0.551668167195683,1
13.081806504133128,77.53285408989119,Suburbs,11,Harassment,0.2760258031989669,0
12.935936621774049,77.600743886918,Downtown,22,Safe,0.5344978987871024,1
12.947508664984776,77.66604057686915,Residential Area,1,Safe,0.44090601248041966,1
13.094279018808328,77.63280244561352,Industrial Area,4,Harassment,0.686249855846831,2
12.936195390541899,77.56767357318505,Park/Isolation Zone,3,Assault,1.0,2
13.070877018673915,77.68710460455178,Residential Area,8,Harassment,0.3303959966573321,0
12.998455571289607,77.68244151424985,Downtown,12,Safe,0.26000140580839903,0
12.949446214880636,77.54186967987683,Residential Area,12,Theft,0.18865649411009872,0
13.074149980254502,77.50788351702407,Park/Isolation Zone,14,Assault,0.7531998723288924,2
12.989061051000533,77.64826174167015,Residential Area,1,Stalking,0.6053253874545961,1
13.002963470785938,77.66552205226984,Downtown,22,Theft,0.6949929844739001,2
12.971846673879954,77.69357291319028,Park/Isolation Zone,12,Assault,0.7426625342290182,2
13.018590170286986,77.67796727881766,Park/Isolation Zone,6,Safe,0.4299383186853492,1
12.932704774517005,77.62010695364128,Residential Area,22,Safe,0.4312268169785359,1
12.978216307330353,77.60601046784248,Park/Isolation Zone,16,Theft,0.44039427771131273,1
13.093882464467058,77.50556821025252,Residential Area,7,Assault,0.4797370720072981,1
12.951626686540227,77.54933128936895,Industrial Area,17,Stalking,0.6101333980312549,1
13.031347332908258,77.59192295034659,Park/Isolation Zone,14,Stalking,0.5631235817431918,1
12.96503801284494,77.62570078001671,Residential Area,14,Harassment,0.2566201170649932,0
13.05469462513732,77.61145036666369,Industrial Area,4,Theft,0.6038018305327052,1
12.92617473214367,77.64852719793635,Park/Isolation Zone,1,Assault,0.9550496570727881,2
13.09396420901571,77.5559533861774,Industrial Area,15,Theft,0.34113844756583833,0
12.990757908276727,77.61299052153049,Park/Isolation Zone,4,Stalking,0.7487347242446825,2
12.947210092669293,77.51762844867815,Downtown,22,Assault,0.91675593404138,2
12.914699349466003,77.58273310471664,Downtown,5,Safe,0.3835766208858337,1
12.933951581017508,77.65003216659092,Residential Area,11,Safe,0.10565430095011226,0
13.003954789711203,77.63868017068582,Suburbs,4,Assault,0.6524439953293187,2
12.967400635286257,77.69812854743444,Downtown,19,Theft,0.532106560962337,1
13.065776673176522,77.55557822519755,Suburbs,7,Theft,0.23866847620618403,0
12.98617750473236,77.5996378598348,Industrial Area,10,Safe,0.2990131598155819,0
12.949742854517526,77.5659060827548,Industrial Area,13,Safe,0.28430145525921624,0
13.023428997320806,77.58812062281184,Suburbs,23,Stalking,0.6343143667773599,1
13.041355443377089,77.67139002597388,Residential Area,16,Assault,0.5354304408136152,1
12.93340838158019,77.6368418150377,Park/Isolation Zone,9,Theft,0.5062866515394051,1
12.933523843257664,77.67648823826951,Suburbs,1,Stalking,0.6351595097858042,1
12.907334285386709,77.54070222166638,Suburbs,2,Theft,0.6192150502726809,1
13.047280403013128,77.6746722235683,Suburbs,12,Safe,0.15426967486992257,0
13.032760905524361,77.51195245483568,Suburbs,16,Assault,0.48121350888278597,1
12.994926175149963,77.67771985608744,Suburbs,2,Harassment,0.5695149404839155,1
13.068834089793839,77.56581475589215,Residential Area,9,Assault,0.5866181066412646,1
13.06113403059001,77.56291752668281,Downtown,7,Harassment,0.3717117074939408,1
13.01707087287935,77.60241771533974,Park/Isolation Zone,3,Stalking,0.8109401210887767,2
13.073654256102651,77.68813803754465,Downtown,12,Harassment,0.4691451142062426,1
12.941168242007354,77.50955627293628,Suburbs,6,Harassment,0.4321543502836702,1
12.922383923879545,77.57044619501416,Downtown,6,Stalking,0.5261459602095151,1
12.953949922303398,77.67131439773667,Residential Area,15,Assault,0.44296074578244077,1
12.911417371217864,77.5792108954871,Industrial Area,4,Stalking,0.7039438477630436,2
13.006233905600206,77.53983137951941,Downtown,16,Safe,0.2415873869110532,0
13.087321138458991,77.58495883626628,Park/Isolation Zone,9,Safe,0.3651111495245393,1
12.907868708133702,77.57711050029833,Residential Area,3,Harassment,0.5765110074958105,1
12.924421982802006,77.68308324029334,Industrial Area,22,Stalking,0.8430683424825015,2
12.990439805656687,77.65238687514862,Residential Area,13,Stalking,0.41540651955131447,1
13.086775003505581,77.6010231111488,Suburbs,4,Stalking,0.5479417266728571,1
12.96323122099535,77.69767411334432,Industrial Area,1,Assault,0.9395689380637926,2
13.00144696173768,77.59305550625518,Park/Isolation Zone,13,Theft,0.5274114140142944,1
12.90831457181008,77.51164756616406,Industrial Area,23,Theft,0.7936812678699632,2
12.929668640192418,77.552454864363,Park/Isolation Zone,17,Theft,0.45312218404715177,1
13.09732602459177,77.58721409604387,Suburbs,23,Assault,0.7665209815166787,2
13.093023739287208,77.53138052482923,Park/Isolation Zone,10,Stalking,0.6078159817429776,1
12.900987996186883,77.68951302526482,Residential Area,15,Theft,0.2828815679498611,0
13.090362357084647,77.65336977956356,Downtown,17,Stalking,0.45280110140514196,1
13.0278239875631,77.55365744008556,Residential Area,15,Harassment,0.29829051077847285,0
13.073583658904004,77.61816090670358,Residential Area,20,Theft,0.36228415213739995,1
12.990947971126772,77.64428983142191,Industrial Area,3,Harassment,0.8166020196324508,2
13.00311920571585,77.68825578578137,Suburbs,0,Assault,0.7087394885967985,2
12.997769316051384,77.67632706983508,Downtown,13,Safe,0.2227347310169571,0
13.03337285150922,77.60303844522764,Park/Isolation Zone,11,Assault,0.7061319159942664,2
12.927930250951263,77.65493052395861,Industrial Area,23,Assault,0.9029876875239685,2
12.905994717974536,77.61242895076552,Suburbs,9,Assault,0.36921047213797914,1
12.96158598831824,77.61054077800911,Downtown,18,Theft,0.6019588562363287,1
13.04093615254733,77.52294839166764,Residential Area,3,Harassment,0.5678297813797718,1
12.94037069042459,77.52522753160324,Suburbs,19,Theft,0.3300113302693428,0
13.034686486664983,77.6059067230045,Suburbs,20,Safe,0.19456906964109927,0
13.093982409221454,77.5537723089958,Suburbs,2,Assault,0.7450123545838856,2
12.918780143157884,77.50420738049209,Residential Area,3,Stalking,0.7288540795707443,2
13.034520423645025,77.64456784078004,Park/Isolation Zone,14,Safe,0.34301485265795356,0
12.988750043860914,77.50649731933804,Industrial Area,10,Harassment,0.5291435069042287,1
13.073628450875502,77.61905536822081,Park/Isolation Zone,15,Safe,0.3307900517196297,0
12.935429957889477,77.60783875882547,Downtown,3,Theft,0.7092927485849648,2
13.038525190445233,77.69376293811557,Industrial Area,5,Stalking,0.6896653323202941,2
13.067623057929621,77.59684262786953,Downtown,7,Theft,0.4285044162110375,1
13.088922843894805,77.51272028727556,Residential Area,12,Assault,0.3933712308455501,1
13.03664960565793,77.6103375935613,Park/Isolation Zone,22,Assault,1.0,2
12.999434952801685,77.66821923412323,Suburbs,19,Safe,0.25768487563706144,0
13.023569448040243,77.6993698568563,Industrial Area,3,Assault,0.969795622555343,2
13.073780996895744,77.58606863473781,Suburbs,4,Assault,0.5327099197789661,1
13.014121949327766,77.56405974849935,Downtown,9,Harassment,0.4262023711245576,1
12.906077411939368,77.6813306593904,Suburbs,4,Harassment,0.4800503437150506,1
13.086189739101394,77.53824842581523,Suburbs,11,Theft,0.26129144747439004,0
13.037905350206312,77.62308578300659,Residential Area,0,Theft,0.6366914481164709,1
13.03530267715545,77.5811428848362,Residential Area,23,Harassment,0.5735320934486107,1
12.943135030479544,77.50821647299111,Park/Isolation Zone,9,Safe,0.25063945560165557,0
13.03177709404653,77.56945769486114,Downtown,4,Harassment,0.576683546171487,1
12.978772881130832,77.55304570450053,Residential Area,18,Theft,0.2669009920088634,0
13.030246595408299,77.6372182307887,Residential Area,18,Stalking,0.5351074887041098,1
12.921318606061599,77.68975809953838,Park/Isolation Zone,19,Assault,0.8498411222763561,2
13.031569060920607,77.55360943747573,Industrial Area,11,Stalking,0.5699153037006778,1
13.099882745154133,77.66229318783034,Park/Isolation Zone,22,Stalking,0.9278805811529227,2
12.909642407772111,77.51107196338768,Suburbs,15,Assault,0.5019964188720579,1
13.095434836844262,77.60762420200797,Suburbs,4,Harassment,0.32045078577585334,0
12.981381592144574,77.51411001274198,Residential Area,16,Safe,0.0,0
13.074150690067452,77.68680659822613,Residential Area,13,Stalking,0.31222962297697643,0
13.056477096811655,77.65327025611148,Park/Isolation Zone,11,Safe,0.3348051057034986,0
13.013403252197334,77.63158998224092,Park/Isolation Zone,12,Theft,0.5099784563302256,1
13.047689841850264,77.66477927632494,Downtown,20,Stalking,0.6562403558306046,2
13.07570311226027,77.62950395911403,Suburbs,13,Theft,0.2587813856341133,0
12.980828064330206,77.69378887943486,Park/Isolation Zone,4,Harassment,0.6218480692966243,1
12.965406632312648,77.64279158957295,Industrial Area,21,Stalking,0.6602596468291436,2
13.033518677112717,77.68493172191646,Downtown,22,Theft,0.6838789656548525,2
13.061569188388251,77.60342637840213,Park/Isolation Zone,4,Theft,0.642465121499136,1
13.052457026955324,77.52341288259638,Residential Area,17,Harassment,0.2749779298772481,0
13.059562729771727,77.60563554428461,Park/Isolation Zone,13,Safe,0.36271710634689663,1
12.987116662962586,77.52537456561262,Residential Area,17,Safe,0.042938616121853485,0
13.063566843235003,77.61849869583529,Residential Area,19,Stalking,0.47587069962041123,1
12.924041811074122,77.59649861210553,Suburbs,0,Harassment,0.6251488024609011,1
13.00889781959217,77.62451507956656,Suburbs,6,Stalking,0.5102229444808702,1
12.901151732099624,77.50200939621097,Park/Isolation Zone,16,Safe,0.3313313680352726,0
12.964917165980054,77.53896809833107,Park/Isolation Zone,2,Harassment,0.8324662200180565,2
12.97329230697428,77.59826608638242,Industrial Area,9,Assault,0.6261959748113536,1
12.979234538321851,77.69010071231783,Downtown,6,Harassment,0.5832480095309048,1
13.039093441337972,77.57672180807103,Downtown,11,Harassment,0.42480986777643015,1
12.97771162025407,77.58487440521073,Park/Isolation Zone,21,Assault,0.8317797150137033,2
12.989738724524505,77.64293921780133,Suburbs,14,Theft,0.2647850412814295,0
12.947508826174866,77.62075855145723,Industrial Area,22,Theft,0.7637424619249138,2
12.974650358325867,77.55978523001967,Downtown,20,Theft,0.4843535377749467,1
12.94545392545263,77.58216327911349,Park/Isolation Zone,15,Safe,0.43958816750063295,1
12.914639184753689,77.54353995977145,Suburbs,7,Harassment,0.2728420943073057,0
13.020689718676275,77.69320429182605,Suburbs,5,Assault,0.623443985168344,1
13.033642559711003,77.52612687631147,Suburbs,3,Safe,0.34641711331821123,0
13.023898069201923,77.57436735691329,Residential Area,10,Assault,0.5231337876089691,1
12.992698808760114,77.505167794444,Suburbs,16,Safe,0.12690960481489627,0
12.975957156035847,77.54435589838671,Park/Isolation Zone,1,Safe,0.6691236223062883,2
13.072666729914365,77.65609422767604,Industrial Area,5,Safe,0.4410555653935798,1
13.003816357027244,77.54023504645778,Park/Isolation Zone,3,Assault,0.9079970387094128,2
12.995836375525947,77.5160126805058,Suburbs,2,Stalking,0.7331410866966371,2
12.905128413161288,77.59489063596891,Industrial Area,6,Safe,0.4926845299155946,1
12.968249565525232,77.5019938469469,Downtown,6,Theft,0.5339260441712331,1
12.976039123757172,77.51695323088526,Downtown,15,Harassment,0.47392936634010013,1
12.97976455617938,77.6615251739126,Park/Isolation Zone,1,Stalking,0.834469265752602,2
13.016034473845467,77.65429466897193,Industrial Area,7,Stalking,0.45467263189309925,1
13.006720509345376,77.68302776408098,Park/Isolation Zone,14,Assault,0.7008223465090817,2
13.021581018558688,77.67090308718215,Industrial Area,15,Stalking,0.5101240485498729,1
13.052976652308425,77.63663511264797,Industrial Area,0,Assault,0.9258696468227405,2
13.062597147743219,77.51046657146013,Park/Isolation Zone,9,Assault,0.6973651730163254,2
13.0436246152453,77.65656972359733,Industrial Area,6,Theft,0.5406361247028563,1
13.091104739190987,77.66910216216812,Suburbs,15,Safe,0.09599048648249814,0
12.903646516535273,77.65981642915439,Industrial Area,9,Stalking,0.49479255378756926,1
12.93915559713671,77.6016958070616,Industrial Area,11,Safe,0.35062361707386114,1
12.901512574995628,77.5465803677299,Park/Isolation Zone,16,Safe,0.3449831198107916,0
13.02949494283092,77.66906599513774,Downtown,12,Safe,0.27637792652734267,0
13.079606109789998,77.64543256194803,Residential Area,11,Assault,0.36137134146838484,1
12.94869645931526,77.69615223487777,Industrial Area,14,Safe,0.3294878816267058,0
13.08540690895926,77.53113851955119,Residential Area,13,Stalking,0.42486118455856875,1
12.912053478057912,77.54513291661041,Industrial Area,18,Assault,0.8058805394019138,2
13.086887205361103,77.5423596299763,Park/Isolation Zone,18,Stalking,0.7761070554387951,2
12.970324537447928,77.65850795352426,Park/Isolation Zone,13,Assault,0.6880957717961154,2
12.920284165689843,77.53738145929002,Industrial Area,17,Harassment,0.5187643811312445,1
12.997174351837264,77.51333196596467,Park/Isolation Zone,4,Harassment,0.7800591256311857,2
12.951355313544102,77.69971216131712,Park/Isolation Zone,19,Harassment,0.8123128923452457,2
12.956974580392385,77.50496344228903,Industrial Area,5,Harassment,0.6658590281024926,2
12.961457992985258,77.66704881203178,Downtown,17,Assault,0.5490159410919443,1
13.060605179566533,77.57307336831013,Industrial Area,13,Safe,0.3311653477412723,0
13.007832255335051,77.66832309195156,Downtown,3,Theft,0.6381178610389667,1
12.9622615398312,77.61092409824224,Park/Isolation Zone,22,Theft,0.7687790761992174,2
13.022066756662184,77.68032624589728,Downtown,0,Harassment,0.7244906751041996,2
13.043230134844638,77.68523859728293,Park/Isolation Zone,12,Safe,0.452058743301897,1
12.954524800146707,77.50181963625616,Downtown,10,Stalking,0.5714354578691332,1
12.98270982030507,77.51508243519856,Downtown,2,Safe,0.6110813273274415,1
12.92437721866739,77.55007174591417,Industrial Area,16,Stalking,0.59103860084351,1
12.936229869906937,77.6338630832727,Downtown,17,Theft,0.3545795243262521,1
13.036223570792997,77.6776544393023,Park/Isolation Zone,9,Safe,0.36181085524781176,1
12.936287669539126,77.59198839025879,Industrial Area,15,Safe,0.39189588073190257,1
13.005032676733412,77.62139462325486,Downtown,20,Theft,0.5723768385364887,1
13.041809252344486,77.53769997055912,Industrial Area,12,Safe,0.3515073730899022,1
12.92137538461895,77.66099336677634,Residential Area,19,Stalking,0.4195086076620237,1
13.01346244392578,77.6934656222707,Industrial Area,11,Safe,0.33609379124528227,0
12.951312556740273,77.55371978658292,Residential Area,3,Stalking,0.5972833457984821,1
13.092585375047516,77.59896519032011,Residential Area,7,Harassment,0.2889548995571852,0
12.996709129343985,77.51722322210128,Industrial Area,11,Safe,0.37110158110142233,1
13.061198509955032,77.6118273312926,Park/Isolation Zone,18,Stalking,0.7673581515466065,2
13.010045308431252,77.60055668836934,Park/Isolation Zone,14,Theft,0.540750795824366,1
12.908682506570964,77.52888729683102,Park/Isolation Zone,15,Harassment,0.5407509630403831,1
13.026630275118805,77.58841324262362,Suburbs,11,Safe,0.003699346657969421,0
13.09028066844133,77.56682093041731,Residential Area,19,Stalking,0.45323585062857324,1
13.020322364029266,77.60436617506105,Industrial Area,17,Safe,0.3340121466081062,0
13.063837771885359,77.61713086708576,Park/Isolation Zone,21,Stalking,0.7667356855208539,2
13.07684129266968,77.50169911572144,Park/Isolation Zone,11,Safe,0.43312174691668204,1
12.945615954389787,77.65220119658991,Industrial Area,15,Harassment,0.5063301591222451,1
12.942408967981645,77.64260285837236,Residential Area,19,Harassment,0.40535978619104895,1
13.022196197770198,77.57325727724131,Industrial Area,10,Safe,0.29870876954974623,0
12.98220569396134,77.51058718711377,Suburbs,21,Safe,0.2998913803796138,0
13.067972260573343,77.65098650795701,Suburbs,19,Assault,0.5121452282015204,1
13.080004624679601,77.69103503209563,Industrial Area,13,Safe,0.3172823968610041,0
12.970684275860544,77.5480303192044,Residential Area,1,Safe,0.3369753111640364,0
12.947374111794897,77.56470492274741,Park/Isolation Zone,12,Harassment,0.5581356627395899,1
13.056105103048772,77.53676257789637,Suburbs,13,Safe,0.1363221966589599,0
12.954961207109628,77.61538722466896,Suburbs,5,Theft,0.4275936852593124,1
13.064522863702736,77.53096827892949,Residential Area,11,Safe,0.16701942618569235,0
12.984747650729753,77.57123878869227,Suburbs,6,Assault,0.6125365331573276,1
13.033509979858295,77.63940260278686,Suburbs,3,Stalking,0.6756791038519483,2
12.919107062766933,77.61202319660187,Residential Area,6,Harassment,0.47742769812963315,1
13.024771864935314,77.57729251286558,Industrial Area,12,Theft,0.4015137698995759,1
12.990353535747445,77.58404992036151,Park/Isolation Zone,10,Stalking,0.5936260631398178,1
13.017321692635095,77.61242217652465,Park/Isolation Zone,7,Theft,0.37705058229952637,1
12.933602841548973,77.50117294557744,Suburbs,18,Harassment,0.46884404091854764,1
13.047374748988837,77.51570197369072,Park/Isolation Zone,1,Assault,0.8624210138005964,2
13.072559415508646,77.67625161355261,Industrial Area,20,Harassment,0.6924547930553684,2
12.943347960018155,77.51557579781826,Suburbs,17,Theft,0.33266557845694683,0
12.919142911104032,77.6413607192421,Park/Isolation Zone,20,Theft,0.6749363388140893,2
12.904727717209267,77.68400763282182,Downtown,9,Harassment,0.48265381301685634,1
13.028394300088653,77.55413672086034,Downtown,5,Safe,0.46024359960991923,1
13.021418807217756,77.5740982874119,Downtown,23,Harassment,0.7282583832291353,2
13.009339482542813,77.61378428116895,Downtown,21,Assault,0.6863752889173298,2
12.946389419223195,77.67634179392772,Downtown,3,Harassment,0.7457006319923071,2
12.978181199181103,77.68838111745208,Suburbs,18,Stalking,0.4618537573891775,1
13.018895267037234,77.64791264962226,Residential Area,13,Safe,0.1038381012674091,0
12.999353371771834,77.51732395217094,Residential Area,13,Stalking,0.36273690315087503,1
13.097557104042977,77.63383083110698,Suburbs,17,Harassment,0.27608909988898456,0
12.927287950511348,77.58206074437453,Suburbs,16,Safe,0.06431405173129767,0
13.039028910809519,77.59414019989822,Industrial Area,17,Stalking,0.44229342030400154,1
12.98086375362086,77.50982967806904,Residential Area,17,Stalking,0.341559208120889,0
12.985639922985124,77.53821242786927,Downtown,4,Safe,0.3781576478071541,1
13.043519553131635,77.65810272150674,Suburbs,8,Safe,0.08170308347258665,0
13.038487230264874,77.59079176660957,Downtown,0,Theft,0.7365817755778975,2
13.098251198740437,77.56033244832624,Residential Area,3,Safe,0.49826376962075164,1
12.925678857890825,77.576803814793,Park/Isolation Zone,6,Harassment,0.6821560305454392,2
12.920821929876833,77.67087990266513,Park/Isolation Zone,10,Assault,0.7193026644587145,2
13.044867763425747,77.64979980348099,Suburbs,13,Theft,0.2627019533231214,0
13.015677383401282,77.55446307943622,Industrial Area,9,Safe,0.3567324932215303,1
12.954832133311962,77.52350036804248,Downtown,18,Assault,0.7044111012912692,2
12.915883873797798,77.55039964432882,Suburbs,7,Theft,0.20293541647313584,0
12.917131649919286,77.68415129021095,Industrial Area,2,Harassment,0.758761077031557,2
13.078838174932823,77.61631776756995,Downtown,7,Assault,0.4866245526701486,1
12.93837346494375,77.60669604174896,Residential Area,17,Safe,0.09769975377041258,0
12.964674312423105,77.61927871993849,Park/Isolation Zone,4,Safe,0.4473675655005297,1
12.945331280445398,77.5732056531493,Industrial Area,19,Harassment,0.6625588846152384,2
12.970999261166387,77.6614214040639,Downtown,10,Theft,0.2803793952773589,0
12.913884768549218,77.60465724986005,Suburbs,8,Assault,0.4471495433262099,1
13.003811958181654,77.52334958055376,Downtown,18,Harassment,0.5871914725685545,1
12.913522512718444,77.52581302496581,Suburbs,11,Theft,0.22275186874618771,0
13.060071301564472,77.60737182930052,Park/Isolation Zone,4,Stalking,0.7999102490693121,2
12.946742416382087,77.68731404361417,Park/Isolation Zone,15,Stalking,0.5597695590379338,1
13.008002382920901,77.56167042433525,Downtown,12,Theft,0.41518658108336637,1
13.07601581751229,77.67390823377184,Downtown,5,Safe,0.36840846550520273,1
13.03017547380944,77.65281911731577,Suburbs,15,Safe,0.18295205115511248,0
13.006591557310268,77.54956248858139,Suburbs,17,Stalking,0.3431520192646821,0
12.964866750623075,77.50726814966325,Industrial Area,16,Safe,0.33379039878380884,0
12.96660038261164,77.52036945302848,Industrial Area,11,Safe,0.33048457570718237,0
13.033897391039638,77.64569878676949,Industrial Area,0,Theft,0.8072814388085763,2
13.098827872244232,77.53993394760813,Downtown,6,Theft,0.5573041629557974,1
13.032367837969876,77.57425418410108,Industrial Area,13,Safe,0.2341269552906498,0
13.011556683474005,77.60033983320129,Downtown,17,Theft,0.42214908647534255,1
13.046130102047849,77.64509363369004,Park/Isolation Zone,22,Assault,1.0,2
12.993041122456743,77.52264624465182,Residential Area,0,Stalking,0.49819109465202993,1
12.912028468520157,77.58127328105549,Park/Isolation Zone,19,Assault,0.7664038113302202,2
13.012459363175582,77.59701458182855,Downtown,9,Assault,0.6352970674875956,1
13.091525056901077,77.6081654127943,Downtown,14,Safe,0.32101972473973395,0
12.935060588471533,77.66367212827905,Residential Area,10,Safe,0.09586501234368694,0
13.038000978164133,77.53433563900865,Suburbs,3,Assault,0.7904615976793783,2
12.940186737731812,77.66156629036533,Suburbs,14,Assault,0.45545799701219686,1
13.007165536894616,77.63857568553934,Suburbs,20,Harassment,0.4518203703320135,1
12.919335289929345,77.61117416283979,Industrial Area,15,Harassment,0.49284106150519236,1
12.990074187251636,77.63990557408052,Suburbs,14,Stalking,0.35403612426020226,1
13.051232665779049,77.58240354779034,Industrial Area,16,Assault,0.6694202833698409,2
12.969514304847797,77.52767951719362,Industrial Area,22,Theft,0.7299142308375159,2
13.032982344897443,77.63315304805307,Suburbs,10,Harassment,0.36233499125080504,1
13.059089992157945,77.60493446133712,Suburbs,17,Safe,0.04998973874575163,0
13.08543556389589,77.62787496010856,Residential Area,15,Assault,0.5350572382596332,1
12.94692841637109,77.5675997562057,Residential Area,14,Theft,0.23922542366258961,0
12.979863183161862,77.68137331546797,Industrial Area,10,Theft,0.4473982784687478,1
12.930483202666084,77.61747397371512,Residential Area,12,Theft,0.2186166429335465,0
13.098496700431674,77.51708049685817,Industrial Area,17,Safe,0.3204711105772241,0
13.085400193584858,77.5899607981409,Downtown,7,Harassment,0.4311670214095414,1
13.007991426056112,77.65127121094874,Industrial Area,8,Theft,0.4262287385142005,1
13.068406658875285,77.65882691234646,Industrial Area,21,Harassment,0.6806485560984772,2
13.004191595454408,77.59891941055275,Residential Area,10,Stalking,0.40805888505298205,1
13.024717137600552,77.67894951416626,Downtown,16,Safe,0.1978947212122569,0
12.917824886423203,77.55353368743886,Park/Isolation Zone,0,Harassment,0.8912789123296785,2
13.051054084099361,77.58211973944765,Park/Isolation Zone,10,Harassment,0.6123945835210669,1
12.925542696727048,77.6797193821138,Park/Isolation Zone,6,Theft,0.5617503516926705,1
13.065213526050506,77.67925134329433,Downtown,7,Theft,0.35769630150905973,1
13.056405617534077,77.63714255376493,Suburbs,18,Safe,0.31119157773339506,0
13.041748939548595,77.67179610942445,Downtown,3,Harassment,0.7686577800282532,2
12.907232076104952,77.51775465339125,Residential Area,3,Assault,0.8354645335342223,2
12.960625671189065,77.67299899524156,Industrial Area,18,Theft,0.5911345222564184,1
12.952622513982169,77.56412398131005,Industrial Area,23,Theft,0.7236984269605575,2
12.972027281494304,77.53566630248564,Residential Area,8,Stalking,0.41806814093523076,1
12.917528549352769,77.54787396726842,Residential Area,16,Safe,0.05821931246353208,0
13.087391564606213,77.58359370160278,Industrial Area,17,Harassment,0.48779681743110925,1
13.010760448142475,77.55023840092089,Suburbs,0,Harassment,0.6279741739651499,1
12.961104862131604,77.5641135172033,Suburbs,13,Harassment,0.3329231859004458,0
12.979396303414857,77.52699569721433,Suburbs,3,Theft,0.5101173709976369,1
12.989440508100968,77.5592353531118,Residential Area,9,Safe,0.11303421182437737,0
13.020118866672123,77.6144567629084,Industrial Area,22,Harassment,0.7854548270548186,2
13.003135885539299,77.58837074161822,Industrial Area,13,Assault,0.5658636577549937,1
13.083878394642884,77.56934375224718,Industrial Area,6,Stalking,0.6769460012821806,2
12.999392696581166,77.64929042577143,Downtown,11,Stalking,0.41828558100025004,1
13.098431602964663,77.67870199427867,Downtown,21,Harassment,0.5670270528392527,1
13.07028499154902,77.65135784458049,Park/Isolation Zone,15,Theft,0.43992009440841845,1
12.941702102871467,77.56640014042354,Downtown,4,Stalking,0.6886912451677326,2
13.086119042928782,77.6488884335675,Suburbs,10,Stalking,0.36501819714077943,1
12.923273279577096,77.5303960364948,Suburbs,3,Stalking,0.7269310937013101,2
13.063489941698238,77.52606359761826,Suburbs,12,Stalking,0.30391174530995346,0
12.976124658695316,77.56912540740723,Suburbs,7,Harassment,0.30616378583581133,0
13.075594864089014,77.66154047380881,Park/Isolation Zone,6,Safe,0.44485132974371394,1
13.07361133802149,77.54926964944846,Suburbs,10,Safe,0.06842089890711939,0
13.061185080023524,77.51265068177973,Residential Area,10,Theft,0.23002666552828377,0
13.058006087261411,77.52634190704127,Residential Area,16,Assault,0.5486823726508999,1
12.960935827819608,77.67174899370592,Residential Area,21,Safe,0.2681945076255279,0
12.916183856610251,77.62675665694945,Downtown,13,Assault,0.5936118606048666,1
12.980596035753033,77.550640232674,Industrial Area,1,Safe,0.653950483768126,2
12.934704902997302,77.61105916506564,Park/Isolation Zone,19,Safe,0.533649760869975,1
13.038990217780492,77.60551592448508,Residential Area,20,Theft,0.39719585067872365,1
12.969219945307557,77.63108719568814,Residential Area,7,Stalking,0.38375969896532275,1
13.095122040171983,77.54663751088432,Suburbs,21,Theft,0.3847120707301028,1
13.028194415469066,77.67288059743888,Residential Area,1,Safe,0.5492819905517657,1
13.064496112726872,77.561873712416,Suburbs,20,Stalking,0.5610006411832198,1
12.92650493454837,77.63882633079525,Suburbs,14,Stalking,0.32967036603156175,0
13.072402896454523,77.50322492927444,Industrial Area,4,Stalking,0.737962124212056,2
13.084551438102679,77.57453142597883,Downtown,5,Assault,0.7774445241057835,2
12.997412383763788,77.57034196359176,Suburbs,16,Safe,0.11415548183712668,0
13.021250587550195,77.60869688571661,Suburbs,7,Harassment,0.32573926851081403,0
13.0529619601806,77.51454725235544,Industrial Area,18,Theft,0.5593782162065354,1
12.934967725452083,77.65802627474523,Suburbs,4,Assault,0.5782471115163543,1
13.000513215292688,77.54355616035352,Park/Isolation Zone,22,Theft,0.8829345732012944,2
12.979732605554462,77.6354075629764,Downtown,18,Harassment,0.6102009449396939,1
12.92927479843245,77.66064242464883,Park/Isolation Zone,13,Stalking,0.564987474773754,1
12.973506884458306,77.6123753912483,Residential Area,9,Harassment,0.2929909205603015,0
12.913634461877098,77.64817664134439,Downtown,12,Theft,0.3732910740232853,1
12.905162381389898,77.632372062443,Residential Area,21,Harassment,0.494886315590456,1
12.927033257830965,77.5711059594304,Suburbs,4,Safe,0.22195806313747804,0
13.092623022317834,77.66177170780672,Industrial Area,6,Harassment,0.6522067224432438,2
13.009905907179004,77.5589402739771,Park/Isolation Zone,9,Safe,0.3168740658935323,0
13.093164432230644,77.61424258355031,Residential Area,10,Harassment,0.41039539839930644,1
12.986499575666027,77.64907954782831,Suburbs,2,Safe,0.4314609482778382,1
12.962363226617052,77.5757911819625,Park/Isolation Zone,12,Safe,0.3794797164619395,1
13.001228372568049,77.56055352152349,Park/Isolation Zone,1,Harassment,0.8848913695201179,2
12.987902337726583,77.59186920203456,Residential Area,3,Assault,0.7302689903166383,2
12.921132936852349,77.66359269886983,Suburbs,2,Stalking,0.7260634051936878,2
13.02816526293804,77.68598435262913,Industrial Area,14,Stalking,0.5466159399686031,1
12.94320763650192,77.60901668257198,Residential Area,3,Stalking,0.7386402732960133,2
13.023917590979567,77.63229324106473,Park/Isolation Zone,22,Safe,0.6337597785976685,1
13.03004021847963,77.68065472444779,Park/Isolation Zone,20,Stalking,0.7857740192045409,2
12.93040497062573,77.51970937028258,Downtown,3,Safe,0.5583411146433678,1
12.912269925422134,77.54641571557323,Suburbs,14,Assault,0.463382258912675,1
13.056152317213687,77.64178000125032,Downtown,5,Harassment,0.5164991193056935,1
12.991960084753863,77.66474889238246,Industrial Area,22,Harassment,0.750840001154948,2
12.911632759101096,77.67140580566611,Residential Area,4,Safe,0.32549775978315865,0
13.098973263433953,77.58302143537098,Park/Isolation Zone,11,Safe,0.285559047910908,0
12.911556112199273,77.51786798045838,Suburbs,6,Assault,0.6446015234161563,1
13.03900704577171,77.58755629545992,Park/Isolation Zone,2,Stalking,1.0,2
13.096735785052683,77.54614691804142,Downtown,6,Assault,0.7776505356575336,2
12.947836020843186,77.55823929099932,Downtown,11,Harassment,0.5563373931055628,1
12.92844987373744,77.6544535113675,Residential Area,14,Harassment,0.3346056359761674,0
12.924276987884486,77.51510541720518,Suburbs,18,Stalking,0.5131428650999676,1
12.96065502951352,77.66551624349614,Suburbs,5,Harassment,0.46873225834570226,1
12.920209162202129,77.58553381716483,Residential Area,7,Safe,0.09113111200852965,0
13.038432268338827,77.61921278622012,Downtown,5,Harassment,0.5895945632975673,1
12.912458359626013,77.51793044624714,Downtown,2,Theft,0.6737419590766569,2
13.001884425629958,77.56747181567145,Downtown,4,Stalking,0.6711598753929255,2
13.099339370770595,77.51794018380296,Park/Isolation Zone,8,Stalking,0.7100192580953331,2
13.062794053901204,77.69230874457622,Industrial Area,23,Stalking,0.921223631438275,2
13.023043887646201,77.66145232986526,Downtown,15,Theft,0.4102437578229353,1
12.961250724157322,77.59192655087129,Industrial Area,21,Assault,0.8307104847078547,2
13.024779167258327,77.54472050966473,Industrial Area,15,Safe,0.29573031696935065,0
13.005408292782331,77.68669102104997,Suburbs,8,Stalking,0.42107301913633904,1
12.985216676778075,77.5689193191454,Residential Area,17,Harassment,0.21838510393281663,0
12.92614207534804,77.53219688633747,Park/Isolation Zone,12,Safe,0.4465296538846931,1
13.077320843048094,77.6126328776908,Industrial Area,10,Harassment,0.47273759054072345,1
12.989956929764265,77.68875482406897,Park/Isolation Zone,9,Safe,0.330797537913614,0
12.938924502364154,77.50076605810007,Suburbs,9,Safe,0.038863898131662536,0
12.973551870175458,77.5476249686508,Downtown,5,Harassment,0.6077375652884205,1
12.982825950505786,77.68768952808209,Industrial Area,15,Harassment,0.46595687045225354,1
13.065507579113374,77.53421719337143,Residential Area,11,Safe,0.15817430397530502,0
13.04672287611228,77.52264869032797,Suburbs,3,Stalking,0.6837565769158905,2
13.053860978728268,77.61403744315996,Park/Isolation Zone,4,Harassment,0.6653173828437535,2
12.90220625288573,77.67236876465897,Downtown,1,Theft,0.6561523864470789,2
12.983230799635953,77.59542196353878,Park/Isolation Zone,18,Theft,0.6179013522211105,1
12.996268830327065,77.69891285133691,Residential Area,0,Safe,0.35271746743633314,1
12.903838455364612,77.6358343399076,Industrial Area,3,Assault,0.9360225516425277,2
12.951962641749008,77.51481498144209,Residential Area,11,Safe,0.057964046201274565,0
13.052057964624426,77.6985664263364,Park/Isolation Zone,1,Safe,0.7084135459725327,2
12.9274219411458,77.58157884735604,Park/Isolation Zone,11,Stalking,0.5750825858366392,1
13.007062026290518,77.5574805067691,Residential Area,15,Stalking,0.3787850862472417,1
12.943040374403449,77.61157583671557,Residential Area,1,Assault,0.779195918294978,2
12.902424154928779,77.56086151836418,Residential Area,16,Assault,0.357344365110643,1
12.948240291519909,77.51729150142403,Downtown,1,Assault,0.9356724075457366,2
13.095174750982011,77.50028566861583,Park/Isolation Zone,3,Assault,0.9146560045349943,2
13.060307422376598,77.58991667058406,Suburbs,5,Assault,0.5583079664808287,1
13.091915328864207,77.66737268444533,Downtown,22,Safe,0.5833683104432658,1
12.997570808785273,77.61446303712601,Downtown,6,Safe,0.40624184038536676,1
12.9219472397355,77.69984145978869,Downtown,22,Theft,0.6829779110945429,2
13.009591897794738,77.55736932912944,Suburbs,14,Theft,0.16085110711164746,0
12.990875466911993,77.55609101295201,Residential Area,19,Harassment,0.49823193102674757,1
13.068871416547923,77.53194989204678,Park/Isolation Zone,11,Safe,0.37170495942800086,1
12.919616516156848,77.53281271765307,Industrial Area,4,Assault,0.7571769096542158,2
12.997648227404355,77.55703731920201,Industrial Area,13,Harassment,0.45192298281864396,1
12.930009732938798,77.6585680090547,Park/Isolation Zone,15,Stalking,0.6513441443070892,2
12.964935185378012,77.6811513581273,Suburbs,10,Safe,0.11502021291913644,0
13.04747141547756,77.69501743394154,Industrial Area,11,Theft,0.3819850376739989,1
12.995203625873753,77.54645793081929,Downtown,18,Safe,0.36348010867945246,1
12.975177657029153,77.67625950912281,Industrial Area,16,Safe,0.3978645628682812,1
12.978895255714008,77.56565101785547,Park/Isolation Zone,23,Safe,0.7001118881966414,2
12.991889353681197,77.52256810890337,Downtown,6,Safe,0.40002856376125684,1
13.057003308767412,77.67400498510403,Industrial Area,8,Stalking,0.5511185459219803,1
13.078416937788047,77.62722112692873,Park/Isolation Zone,13,Theft,0.3912309545212035,1
13.091066937300786,77.53294617921621,Suburbs,19,Safe,0.3153312223509879,0
13.057380677251059,77.5859662515026,Park/Isolation Zone,11,Stalking,0.5774290628107177,1
12.963081379149603,77.55745153897541,Suburbs,14,Harassment,0.2595665926507241,0
13.037626941217308,77.64735891374204,Downtown,11,Safe,0.2874986423335233,0
12.98752062481108,77.59068324612485,Park/Isolation Zone,20,Stalking,0.7185023179153018,2
12.95093412440921,77.69785598902128,Residential Area,20,Assault,0.5088517036670188,1
13.068174315885184,77.51094899645192,Residential Area,22,Harassment,0.6204904722702211,1
12.907685269792465,77.57100305322724,Residential Area,12,Theft,0.17422688672172648,0
13.080352398427085,77.596380033422,Residential Area,8,Safe,0.09706025802223704,0
12.992295492924947,77.60062671094967,Residential Area,23,Safe,0.4158804435873082,1
13.027440295361655,77.56318716447713,Suburbs,6,Stalking,0.4861079917688662,1
13.031870784441157,77.64584804981952,Park/Isolation Zone,0,Theft,0.7863316402612033,2
13.079023548141308,77.67494941469779,Downtown,9,Assault,0.6775461827903578,2
13.027333936433442,77.68774386039557,Residential Area,5,Harassment,0.5282649316784871,1
13.022786716952012,77.66101867535991,Residential Area,14,Theft,0.2041229775131763,0
12.913330408112138,77.67011603946132,Downtown,14,Safe,0.2202621708135959,0
13.00368160438904,77.610109060124,Downtown,8,Stalking,0.47300662848539077,1
12.93003380016341,77.66517764528537,Residential Area,12,Assault,0.44842804871010394,1
13.047486753744296,77.5607007818296,Suburbs,22,Stalking,0.6459008681140472,1
13.002444384162535,77.57969575242184,Downtown,0,Harassment,0.8358541328071584,2
13.036045555841671,77.56338260276371,Park/Isolation Zone,8,Theft,0.49072339696076517,1
12.908334580120478,77.59347746708958,Park/Isolation Zone,2,Stalking,0.8484867267493261,2
12.916958403209161,77.55711592324772,Suburbs,8,Stalking,0.32059921564654564,0
13.043264677612536,77.6923222884509,Industrial Area,19,Safe,0.4686690117461155,1
12.914416867199735,77.56256892560114,Suburbs,14,Stalking,0.3371437695103381,0
12.914251345553051,77.51960890762219,Residential Area,23,Assault,0.7656802365591223,2
12.902421695046979,77.60536343321009,Industrial Area,6,Theft,0.587791251637707,1
13.091300279659896,77.51141981568904,Residential Area,3,Harassment,0.6362398922704052,1
13.047501671891801,77.52210863326172,Park/Isolation Zone,19,Stalking,0.7455867292899461,2
12.970650281700413,77.54387787783925,Downtown,16,Assault,0.5391798372196847,1
12.95930711625753,77.59287004997643,Residential Area,21,Harassment,0.43265729054703045,1
12.96994064594917,77.58665018646181,Park/Isolation Zone,3,Assault,1.0,2
13.054930706236236,77.65993837240056,Suburbs,18,Stalking,0.5618112373895356,1
13.032274122214083,77.64789493077683,Residential Area,4,Stalking,0.4419166029228808,1
12.937039113573494,77.58526365879814,Park/Isolation Zone,15,Theft,0.5889196294830482,1
12.934821867066818,77.56674084151513,Downtown,2,Safe,0.5568551308559595,1
12.91967912994268,77.5632937568123,Residential Area,10,Assault,0.4255808178774599,1
13.032060543940268,77.6547990174588,Park/Isolation Zone,21,Safe,0.48592090962115336,1
13.052874532444347,77.51041448124425,Residential Area,14,Safe,0.10284111844818553,0
12.953009285665,77.50256432990213,Downtown,18,Harassment,0.6542032123503555,2
12.904188992206183,77.65910887838533,Residential Area,20,Harassment,0.4595014397038534,1
12.916434333495285,77.59542927519782,Residential Area,23,Assault,0.7666701241761895,2
13.093572006969005,77.52617622771072,Park/Isolation Zone,13,Safe,0.4105665015118968,1
12.959088955495485,77.5471131869189,Industrial Area,15,Theft,0.4300454950728767,1
13.053844629567626,77.68650079061948,Residential Area,23,Safe,0.4151215773599817,1
13.024932713770852,77.67190059512498,Industrial Area,5,Harassment,0.6719437999281773,2
12.97638792793058,77.64195701004479,Suburbs,4,Safe,0.2567364229885019,0
12.941137452439111,77.59644504606747,Residential Area,20,Stalking,0.5249501315381215,1
12.924277283631882,77.60406472523827,Industrial Area,16,Stalking,0.5154396320463136,1
13.023002593607773,77.6950489070568,Suburbs,15,Theft,0.2989999231631404,0
13.054926756127557,77.69315408877686,Park/Isolation Zone,1,Assault,0.9723072421906336,2
13.028780850708227,77.54305380915717,Residential Area,10,Safe,0.12273275791783604,0
13.006060426649832,77.66222091326107,Park/Isolation Zone,3,Stalking,0.9105195195032626,2
12.908390244686327,77.5394485332334,Suburbs,5,Assault,0.5656693590807683,1
13.093697755518876,77.54270749557679,Park/Isolation Zone,6,Stalking,0.8311230578301305,2
13.059742838330914,77.63521860683292,Park/Isolation Zone,16,Assault,0.7858281663556174,2
12.958564407340193,77.58100021971751,Downtown,7,Assault,0.5539582984463323,1
13.09599406587177,77.68630888142131,Suburbs,0,Stalking,0.6899647310674372,2
13.020376317927264,77.5178019469792,Park/Isolation Zone,14,Harassment,0.5438730772712628,1
13.01648453164145,77.6023051281619,Industrial Area,19,Assault,0.7663084334494913,2
13.049614635885906,77.68370430608863,Suburbs,11,Safe,0.11842548562386482,0
13.062353957618027,77.6808227320959,Downtown,14,Stalking,0.5416895557310581,1
13.0312957214663,77.53130584268315,Residential Area,22,Harassment,0.6080541453516496,1
12.92561914927324,77.57332754001929,Park/Isolation Zone,21,Stalking,0.7318250889482099,2
12.9676535011989,77.62382428000934,Industrial Area,14,Theft,0.5164711696672412,1
13.08561672806521,77.53187897695427,Downtown,8,Safe,0.318269889916168,0
12.94492312236877,77.69360443440915,Suburbs,15,Theft,0.21585542889452505,0
12.974433404767503,77.68294986574554,Park/Isolation Zone,1,Assault,1.0,2
12.98641537658884,77.53339003580689,Downtown,14,Assault,0.5210517290272357,1
12.987880997938891,77.5242310922522,Downtown,14,Theft,0.4417671018654641,1
13.022587916498905,77.51708169656165,Industrial Area,6,Theft,0.6663750064674123,2
13.08861516754894,77.68188873280732,Residential Area,20,Assault,0.6194772216164812,1
12.9481385423665,77.53872476195909,Residential Area,12,Harassment,0.24823060163022462,0
12.924300275260183,77.58325698570887,Residential Area,22,Safe,0.480764833581928,1
12.939494097971988,77.5897702731304,Suburbs,16,Stalking,0.451520814604033,1
13.077384980041854,77.61980220884271,Downtown,10,Theft,0.37840619767205813,1
13.02916216253104,77.51434706874949,Suburbs,9,Safe,0.12227304620431116,0
12.957181357847832,77.54535172348011,Downtown,0,Stalking,0.8408336807710046,2
13.063189387793724,77.68629807738378,Industrial Area,13,Stalking,0.5893688804855189,1
13.072273999272687,77.68168202145371,Industrial Area,4,Theft,0.6024097227244554,1
13.069302867738056,77.65625812948115,Suburbs,7,Harassment,0.389893698976051,1
13.083785306727911,77.50388024912364,Suburbs,0,Harassment,0.5217352233296946,1
12.950448204034673,77.56540135369922,Industrial Area,6,Safe,0.3723754640051137,1
13.051008385749256,77.62559174706858,Park/Isolation Zone,1,Safe,0.649215762516451,1
12.992107899454828,77.5550380423547,Residential Area,6,Assault,0.6871781403621959,2
13.068399710578012,77.68191733901075,Residential Area,6,Harassment,0.5079846602171021,1
13.045698135432323,77.62677789236649,Industrial Area,8,Safe,0.22533363220434646,0
13.055289489299945,77.51438134346328,Residential Area,21,Assault,0.7421724907211612,2
13.031232367536214,77.68180111776714,Park/Isolation Zone,3,Stalking,0.9277171648347297,2
12.935485753893941,77.69155333163525,Park/Isolation Zone,22,Safe,0.5923890248038538,1
13.009005383779387,77.51554248367835,Downtown,6,Assault,0.7453939366957721,2
13.096933947904901,77.60647204697227,Suburbs,19,Harassment,0.49835725958724286,1
13.087477613299423,77.56067285644284,Residential Area,17,Stalking,0.41262376854909655,1
12.908634747159402,77.57856781529628,Park/Isolation Zone,12,Safe,0.3467011914051335,0
12.932962963145888,77.53593024359107,Suburbs,10,Harassment,0.3261082244183608,0
12.926345754690912,77.61561442040248,Suburbs,8,Stalking,0.34376090780314056,0
13.04519598199706,77.69159587064978,Downtown,13,Theft,0.39670744864244,1
13.06355706597139,77.60061452005432,Suburbs,7,Harassment,0.3362393989163275,0
12.942702273262135,77.51658291627889,Suburbs,20,Theft,0.4720357298886395,1
13.001170538590365,77.62400026669549,Industrial Area,13,Safe,0.24312684651054356,0
13.06814060560224,77.56804459889025,Downtown,20,Assault,0.738360627744158,2
13.04656030895325,77.67118503791826,Downtown,16,Safe,0.21990316189054795,0
13.008447441098369,77.5869356296633,Residential Area,13,Harassment,0.24959977330450425,0
13.018069538091755,77.53856792178846,Suburbs,23,Theft,0.49704789584071096,1
13.001672109383255,77.53822112453823,Residential Area,4,Theft,0.4012475490850071,1
12.959509690263765,77.65375283614424,Park/Isolation Zone,9,Stalking,0.5463720014502863,1
13.013004398571804,77.55311751966147,Suburbs,5,Safe,0.1946767258186282,0
13.037777060410018,77.65344667883184,Park/Isolation Zone,9,Safe,0.3410323803199061,0
13.074664583172162,77.54117746215331,Industrial Area,10,Harassment,0.4510276191487639,1
13.02725827079585,77.56433727374026,Suburbs,23,Theft,0.5754297156533356,1
13.05222430740863,77.59309739448794,Residential Area,5,Harassment,0.4260427092996375,1
12.932014326990915,77.6886391699387,Residential Area,9,Harassment,0.2402742480549186,0
12.992311494883959,77.68634628495077,Suburbs,13,Theft,0.36628601993463544,1
12.90186632396542,77.54137437508446,Residential Area,19,Harassment,0.3433620955482917,0
12.949335772904325,77.57164380824861,Suburbs,2,Theft,0.592815232477834,1
13.0452923430226,77.52987987769076,Downtown,6,Harassment,0.6173050572474027,1
13.098361990269872,77.60199701586271,Residential Area,1,Assault,0.7257627434659945,2
12.919835619917443,77.59211651013894,Suburbs,6,Harassment,0.4046142862406256,1
12.980298863172258,77.68015203249016,Suburbs,16,Harassment,0.3864209833117344,1
13.060014193739832,77.68600107555822,Residential Area,12,Assault,0.5561947357202558,1
12.94080712692578,77.57671347820146,Downtown,20,Safe,0.3853594885309225,1
13.011016989860456,77.5983475886038,Residential Area,8,Theft,0.2280882225981962,0
13.046614259205935,77.67924724982923,Suburbs,12,Stalking,0.4064373077972337,1
13.023197090052035,77.66134156154901,Downtown,14,Assault,0.5876998749046195,1
12.937604946923084,77.50073126226893,Park/Isolation Zone,12,Safe,0.3791727312776716,1
12.971076913737148,77.56401191283672,Industrial Area,16,Harassment,0.5279007562816697,1
13.05675835689708,77.58435484838722,Residential Area,7,Safe,0.10186623831935142,0
13.010845302826404,77.54594325673665,Suburbs,8,Assault,0.4582549467785216,1
12.901045922708583,77.53991432317919,Downtown,8,Harassment,0.46847969077523915,1
13.05219815200562,77.50755690131913,Downtown,7,Safe,0.19557081015135871,0
12.907062270988048,77.62867394501396,Park/Isolation Zone,15,Stalking,0.5660133909570936,1
13.049146756546246,77.55250205809664,Residential Area,19,Theft,0.4112880630572168,1
12.940496112033047,77.51046943568626,Downtown,6,Theft,0.5272860377143439,1
13.091614696023875,77.54619586210562,Park/Isolation Zone,16,Assault,0.8388676305458409,2
12.973588150260417,77.66038279056723,Suburbs,6,Harassment,0.4566289249754039,1
12.965386323267616,77.67029783632931,Park/Isolation Zone,5,Harassment,0.6130902479975728,1
12.92977761006649,77.59661324903867,Residential Area,4,Theft,0.25930278409660074,0
12.961120843098042,77.58321413408174,Park/Isolation Zone,16,Safe,0.3910530067819642,1
13.07533015236564,77.69557073870035,Downtown,7,Harassment,0.457063154064274,1
13.099266867525449,77.54011293191762,Downtown,0,Stalking,0.8720340264558977,2
12.97366190610137,77.54307185657092,Industrial Area,15,Stalking,0.5178000278579015,1
12.989722126190909,77.55837343540728,Park/Isolation Zone,16,Harassment,0.5439705590031045,1
13.044414187640546,77.53455146365621,Suburbs,2,Harassment,0.6139606683462459,1
13.077239156093015,77.57587311964083,Residential Area,12,Theft,0.24224697617499824,0
13.018608866837356,77.68216684539796,Industrial Area,7,Assault,0.6381129096282367,1
12.978305139635566,77.62306956812571,Park/Isolation Zone,15,Theft,0.5362799375693101,1
12.982524368169726,77.58238930972246,Suburbs,23,Assault,0.7083110232673728,2
13.039123629299361,77.68688215891424,Industrial Area,6,Stalking,0.7267840411768578,2
12.900643652720856,77.50969284649517,Downtown,20,Assault,0.8414254121507057,2
13.023917867491969,77.54205523558038,Residential Area,14,Theft,0.3327569066899874,0
12.971098602088272,77.61317772102035,Park/Isolation Zone,23,Harassment,0.7597061502126179,2
13.058839466255417,77.62311052463863,Suburbs,1,Assault,0.7255109336691358,2
12.918598127964627,77.50791150131252,Downtown,23,Theft,0.7145285893046074,2
13.017640453389678,77.58060775158143,Industrial Area,1,Stalking,0.9138947449584068,2
12.996194577977224,77.62983079296617,Residential Area,9,Assault,0.4604948991957801,1
13.028465105181045,77.63961410928069,Industrial Area,4,Stalking,0.7639885076885771,2
12.912970718896593,77.62762798050325,Industrial Area,3,Stalking,0.8165309884097987,2
13.015996757485626,77.56411264487218,Suburbs,14,Safe,0.11648984366998322,0
13.012296917591904,77.51870402471958,Downtown,12,Assault,0.6177482628039417,1
13.012132018883234,77.58542248928387,Park/Isolation Zone,16,Theft,0.5656671817675798,1
13.020697533319291,77.5257508874736,Suburbs,20,Assault,0.6454277901829325,1
13.035293587445272,77.68952473170414,Residential Area,22,Assault,0.7845000719710102,2
13.060997799936153,77.59503417320452,Industrial Area,0,Stalking,0.8924664916441161,2
12.953964144025644,77.56345183487137,Residential Area,17,Stalking,0.28951995797047086,0
13.065009882036012,77.65326081422378,Suburbs,14,Stalking,0.34142691299257494,0
12.999651136452691,77.59958971851646,Suburbs,13,Stalking,0.29975463068599384,0
12.915411655826867,77.5620068048025,Park/Isolation Zone,8,Theft,0.4673439999505292,1
12.911710185848797,77.66239354847816,Industrial Area,11,Harassment,0.49131277347613866,1
12.966847663739212,77.67343043020023,Suburbs,4,Safe,0.137180142116971,0
13.056979395422294,77.63460163325773,Residential Area,22,Stalking,0.6431159905061251,1
13.041536186948184,77.50939288448153,Park/Isolation Zone,1,Stalking,0.8608590868214204,2
13.057722992934481,77.6132645760333,Residential Area,22,Safe,0.3471947675375967,0
13.003453811288322,77.65265898239946,Industrial Area,22,Stalking,0.8547928440149726,2
12.988039799591098,77.52730060241672,Park/Isolation Zone,6,Harassment,0.6805632989111493,2
12.929490505341256,77.54573415027693,Park/Isolation Zone,20,Assault,0.8670750869837657,2
12.965638550721863,77.67649902101363,Park/Isolation Zone,8,Safe,0.3175588761956988,0
12.986803873234775,77.50402434437062,Downtown,17,Theft,0.39122001256903427,1
12.917720085935924,77.65054542756519,Park/Isolation Zone,3,Safe,0.7729342187168305,2
12.944122390542242,77.59475465850288,Residential Area,1,Harassment,0.631155059540492,1
13.019645058812747,77.58935443176792,Residential Area,23,Theft,0.5076963893352964,1
13.047132622847839,77.50141930649897,Industrial Area,0,Assault,1.0,2
13.099669502278589,77.6638796461933,Suburbs,11,Stalking,0.4274204156505274,1
13.086622666268712,77.57196498012732,Suburbs,12,Safe,0.12993408483268398,0
13.028513039907038,77.6081531262601,Downtown,13,Theft,0.3609021777623188,1
12.984249610658814,77.63546013726713,Park/Isolation Zone,4,Safe,0.5516490171377196,1
13.027235472941646,77.64052591528758,Downtown,2,Assault,0.8711343875313424,2
13.057130323616047,77.69119601176521,Industrial Area,3,Safe,0.6675423460200349,2
12.923667238184677,77.60626799064732,Industrial Area,16,Theft,0.43795406094063166,1
12.981980977939259,77.57994391019488,Suburbs,18,Harassment,0.4360242480453398,1
13.067960457127123,77.69074072529834,Industrial Area,10,Theft,0.47620286762230646,1
12.976766590386609,77.6284220470051,Park/Isolation Zone,7,Safe,0.4205132920484129,1
13.014374454245438,77.55963007125531,Residential Area,11,Assault,0.5684109187695952,1
13.01755387217244,77.52529284908071,Industrial Area,17,Stalking,0.5513507312884101,1
12.936895250626728,77.66851090029304,Downtown,17,Stalking,0.47951633626401924,1
12.972447088330458,77.57243632055884,Park/Isolation Zone,8,Assault,0.6589664607022298,2
12.966902257748387,77.63209394427288,Industrial Area,4,Safe,0.37590627365891754,1
12.905239341706414,77.59416328387319,Industrial Area,20,Assault,0.749698161321127,2
12.904838352778272,77.539785955959,Park/Isolation Zone,16,Safe,0.3617819824292314,1
13.066339408735155,77.6203373217241,Industrial Area,12,Theft,0.5027325746256394,1
12.954614161994563,77.51213661379013,Residential Area,5,Harassment,0.40481298331763976,1
13.003615753247763,77.58266849197425,Suburbs,23,Safe,0.43935658922268606,1
12.959745114717755,77.60932298793274,Park/Isolation Zone,21,Stalking,0.706904900413768,2
13.088135849023068,77.58720939482372,Downtown,13,Stalking,0.46298294559418013,1
12.951859351773155,77.6497344350502,Industrial Area,14,Harassment,0.4465225778765457,1
12.985931362547786,77.66558499090907,Suburbs,22,Safe,0.4665920080112024,1
13.07454605009692,77.65424861480663,Downtown,13,Harassment,0.5303202170738329,1
13.068386713358361,77.50776258956236,Downtown,3,Theft,0.6635443550389915,2
12.937220283569255,77.53882575408919,Residential Area,17,Harassment,0.25954295693453083,0
13.060528661959141,77.60732150185275,Suburbs,0,Theft,0.581128566082103,1
12.991637377347578,77.68696440808877,Park/Isolation Zone,11,Stalking,0.6864015598518696,2
12.996593774417072,77.66699135501042,Suburbs,21,Theft,0.4806959549885447,1
12.92669599448319,77.66850690167037,Suburbs,8,Safe,0.08074700650089642,0
12.916120302751425,77.56064163875193,Downtown,9,Safe,0.2408226016822589,0
13.045587861394752,77.58588957941573,Residential Area,20,Safe,0.18842292263098948,0
12.99929223047106,77.59414118946319,Residential Area,17,Safe,0.0801831141438043,0
12.987370140523035,77.53147431666999,Suburbs,16,Assault,0.4548315900582111,1
13.04590164573048,77.50621362604889,Suburbs,18,Theft,0.33251118666196977,0
13.053102579798221,77.6893805798921,Industrial Area,3,Safe,0.5727506119115051,1
12.931781633533872,77.5481425171327,Downtown,15,Harassment,0.46111072143167203,1
13.022045029895528,77.54798978074473,Park/Isolation Zone,6,Harassment,0.6240012717363359,1
12.927070816455537,77.51667581075375,Park/Isolation Zone,8,Assault,0.7234529757148084,2
13.05027501720581,77.68570155038876,Residential Area,7,Theft,0.30101971746078937,0
13.031391031253428,77.61594742298796,Downtown,6,Theft,0.5785015046877204,1
13.09132292421669,77.63340737142508,Residential Area,9,Theft,0.2251603765208285,0
12.913791603271285,77.68231537745261,Park/Isolation Zone,7,Assault,0.7585998363731127,2
12.911410944230251,77.56912403378016,Suburbs,23,Theft,0.6193723361686514,1
12.956437414938641,77.62430146222762,Downtown,16,Theft,0.415889448268149,1
12.952341136747181,77.50775989094578,Downtown,11,Safe,0.25745192112004606,0
12.9493957598144,77.53735450564622,Industrial Area,13,Theft,0.4190146475066084,1
13.081250916104207,77.66624916101799,Suburbs,11,Safe,0.07966616210155873,0
12.949909239969902,77.65335367126767,Suburbs,1,Safe,0.4536087631585875,1
12.954389945225726,77.57012853829143,Residential Area,11,Theft,0.3424693342134627,0
13.051879652483592,77.57536212555485,Downtown,13,Harassment,0.4292511342692309,1
12.989947968490108,77.60671088671072,Residential Area,6,Stalking,0.49143506643117324,1
13.055342111391036,77.50004820093703,Suburbs,12,Harassment,0.2676380901675303,0
12.913073231512877,77.5482488672076,Industrial Area,20,Theft,0.578459362972556,1
12.997514238734677,77.54164636172165,Downtown,3,Theft,0.6370998191800089,1
12.906722720036656,77.55009658934995,Suburbs,0,Harassment,0.6214581996724408,1
12.912530640691072,77.66118116850669,Industrial Area,16,Theft,0.3865943181024436,1
13.081287490668881,77.5559347713093,Park/Isolation Zone,2,Safe,0.6225878219276376,1
12.92784907422352,77.53830426441003,Suburbs,16,Assault,0.4469435685124755,1
13.006484136455043,77.60085269215861,Park/Isolation Zone,7,Theft,0.43429795840403673,1
12.982219120520142,77.67312900727455,Residential Area,2,Theft,0.5113067831864322,1
12.96946866525177,77.5482699407675,Park/Isolation Zone,9,Harassment,0.4937321234507771,1
13.079966669137454,77.51570724855856,Suburbs,1,Safe,0.4549805368653477,1
12.904364679355098,77.57128094716994,Park/Isolation Zone,21,Harassment,0.7712337694436516,2
13.032757937235118,77.64953036491299,Downtown,3,Harassment,0.7105344883901749,2
13.092678886842709,77.61013810893895,Suburbs,13,Theft,0.3881657336192798,1
13.012033636692369,77.66335867391487,Industrial Area,10,Safe,0.2532981608722177,0
13.087364492406618,77.69191842952185,Park/Isolation Zone,13,Theft,0.478836949453192,1
12.910451575857206,77.65853249535033,Downtown,12,Theft,0.4246456788772747,1
12.983758663814832,77.62076061576876,Residential Area,3,Theft,0.5793645198101983,1
12.952031558192411,77.59866831761047,Residential Area,1,Theft,0.5340489669324536,1
13.046164192996146,77.50801381726966,Park/Isolation Zone,1,Assault,1.0,2
13.096259418099448,77.69686439576282,Residential Area,10,Stalking,0.40993567597325237,1
12.95130601248885,77.576696224515,Industrial Area,21,Safe,0.44961625302391073,1
13.030834920294815,77.53044564278338,Suburbs,4,Assault,0.5924948600059133,1
12.939619526551947,77.63334177107929,Downtown,8,Stalking,0.4694728659311374,1
13.013066050914322,77.5568576578191,Park/Isolation Zone,19,Stalking,0.697987628816062,2
12.992786497337667,77.6171556541862,Residential Area,20,Stalking,0.4599769247590939,1
13.094401065926307,77.61735358156892,Suburbs,16,Assault,0.4772265779203521,1
13.021705454539294,77.58914596418057,Industrial Area,11,Safe,0.3000351661801261,0
12.969901274417364,77.66722372310902,Residential Area,17,Harassment,0.28778973342502734,0
12.922819156977587,77.5529934123111,Residential Area,2,Stalking,0.6214487890273552,1
12.930249365746986,77.58972651832354,Downtown,4,Harassment,0.5725299157422551,1
12.945063385990247,77.60753842571819,Industrial Area,20,Harassment,0.6477425912419715,1
12.950193332268059,77.63272494415347,Industrial Area,19,Theft,0.5937942869942937,1
13.070123211568227,77.65679437010112,Park/Isolation Zone,13,Harassment,0.5499479893799593,1
13.012244557656505,77.57896145657566,Downtown,15,Theft,0.3777689686113132,1
13.004678182274873,77.62920938881932,Park/Isolation Zone,18,Safe,0.46645937950773997,1
12.922953774373843,77.53012219061371,Downtown,8,Safe,0.25042122353474,0
13.072027938669887,77.6865296201085,Industrial Area,16,Theft,0.48248984964340874,1
13.044562860641697,77.5766117612842,Downtown,21,Safe,0.3745703925846012,1
12.91353367238,77.64590428439529,Downtown,6,Stalking,0.5306320935863181,1
13.041567019445953,77.50406821637644,Downtown,9,Safe,0.18162632079033075,0
13.00870764346853,77.54103742858096,Suburbs,3,Theft,0.6037125554778368,1
12.916345069149356,77.59741650886471,Suburbs,9,Stalking,0.3996869008140679,1
12.991660128305732,77.67565049354647,Industrial Area,2,Harassment,0.8323378890717168,2
12.996939257426009,77.60545102999014,Downtown,23,Harassment,0.7756331939181919,2
12.933154908032655,77.68597409645878,Industrial Area,8,Harassment,0.5508854132466501,1
13.089139629400057,77.59675937931657,Suburbs,12,Theft,0.23284199667295444,0
13.069995074296132,77.5980898193472,Downtown,0,Harassment,0.7569457523388766,2
13.03380446746582,77.5239493577001,Park/Isolation Zone,14,Safe,0.31141195781950076,0
12.992459112200121,77.66053124883045,Suburbs,14,Harassment,0.2912332897912613,0
12.982353108316902,77.54939308249341,Suburbs,10,Assault,0.5448128954420102,1
13.030194693430191,77.67992249787447,Suburbs,9,Assault,0.4086687728232761,1
13.009086373881381,77.68216484406608,Downtown,6,Harassment,0.5417417861092144,1
12.912454621176378,77.68866202237483,Residential Area,0,Harassment,0.590318328099981,1
13.002500529754066,77.60404609782061,Park/Isolation Zone,6,Assault,0.8300058105652974,2
13.061280723446568,77.63541875695672,Park/Isolation Zone,4,Harassment,0.7132989659054422,2
12.991847975519391,77.65570317601234,Industrial Area,22,Stalking,0.8896434845079196,2
12.910391315510854,77.5262029237301,Downtown,15,Assault,0.5812735398421638,1
13.057255639876807,77.6201914389995,Suburbs,7,Theft,0.3553389394383507,1
12.940272756427195,77.50685958026067,Residential Area,21,Assault,0.6615348520868491,2
12.951724166977607,77.59951321667775,Downtown,1,Safe,0.5118236550823665,1
12.93294127068646,77.53096853632404,Downtown,7,Stalking,0.49604556601271693,1
12.9660430129743,77.53658458519241,Residential Area,13,Theft,0.276420145456782,0
13.051350301137727,77.57300951333852,Suburbs,3,Harassment,0.558554318013182,1
13.003877171900788,77.58648743334331,Downtown,23,Safe,0.44676522766742943,1
12.940976254830142,77.62463448490644,Park/Isolation Zone,14,Safe,0.4464689381985525,1
13.075566015630407,77.51488568368771,Park/Isolation Zone,6,Stalking,0.6946497588448158,2
13.075916370990306,77.60073835224749,Residential Area,19,Theft,0.44262122003948473,1
13.0741156850092,77.53652502605063,Suburbs,7,Safe,0.13502146603703333,0
12.947759242276309,77.61479503500635,Residential Area,10,Theft,0.20920750398039317,0
12.990247868836198,77.62748092245224,Downtown,1,Theft,0.7979952077002308,2
13.096997931228175,77.61134185131057,Park/Isolation Zone,8,Safe,0.3532294580108029,1
13.054402495261998,77.64765910209566,Industrial Area,5,Theft,0.6068884147027724,1
12.905433484245112,77.56712184884817,Residential Area,22,Stalking,0.5730871970449553,1
12.913040918252099,77.65302131832662,Industrial Area,0,Safe,0.4944005370073786,1
12.992786275362466,77.58655341634164,Industrial Area,2,Stalking,0.8378712705208673,2
13.081844041172312,77.59683689966452,Park/Isolation Zone,9,Stalking,0.6648631229193298,2
13.007740359590542,77.62962042545222,Residential Area,4,Theft,0.3069086629408128,0
12.999562501606858,77.50367167679984,Industrial Area,11,Theft,0.4572676899029195,1
12.921094739991327,77.63079884428406,Downtown,22,Safe,0.5540802124070028,1
13.031356020944859,77.62371702981443,Suburbs,0,Harassment,0.6620513666887425,2
13.064420632120045,77.56196942335066,Suburbs,8,Safe,0.15082399846931685,0
12.976084001501512,77.5171588569799,Park/Isolation Zone,20,Stalking,0.7570140766470763,2
13.055122370185066,77.5181870899826,Residential Area,12,Theft,0.2453218230844893,0
13.092895330780163,77.68464474939705,Residential Area,18,Stalking,0.4640070495446333,1
12.940753291825539,77.63785586424517,Suburbs,6,Assault,0.542728232487893,1
13.004665926238948,77.52542052275415,Downtown,15,Assault,0.5686800105400536,1
12.957427591616915,77.57134463386178,Suburbs,7,Stalking,0.2946594031266128,0
13.058570883806768,77.61849659878033,Suburbs,18,Harassment,0.4447448546347296,1
13.015518673176231,77.66711434101813,Residential Area,6,Harassment,0.4482633868869243,1
13.02691648351006,77.5087321857426,Industrial Area,22,Safe,0.5862659588922075,1
13.059582831923178,77.54732662629401,Downtown,3,Safe,0.5554676121054571,1
12.979194094532492,77.67794979805907,Residential Area,9,Safe,0.07704052601222858,0
13.083018013681409,77.50183311003677,Suburbs,0,Theft,0.5920830585827087,1
13.006605773449229,77.54027982055878,Industrial Area,16,Harassment,0.5114357627152362,1
12.93159096456707,77.6918048351946,Downtown,20,Stalking,0.6257989073726451,1
13.039179823633761,77.62268036930443,Park/Isolation Zone,12,Assault,0.6416732975492485,1
13.05865227008765,77.5523342733275,Downtown,18,Harassment,0.5959210280618454,1
12.963352335413505,77.51339821887917,Downtown,12,Harassment,0.5070574316113976,1
13.07143585139975,77.50563826808944,Suburbs,8,Harassment,0.32947221578687647,0
13.081228650953152,77.54894901592739,Suburbs,4,Safe,0.2879084866502783,0
12.955380897475562,77.67629716391778,Park/Isolation Zone,22,Theft,0.8362024437461392,2
13.096704294543045,77.5831827308595,Park/Isolation Zone,0,Stalking,0.9607830896337954,2
12.928142305609752,77.6440666738332,Park/Isolation Zone,1,Safe,0.6931055428758999,2
12.940403133680498,77.683657007076,Residential Area,10,Theft,0.2574535434622371,0
12.936844967847605,77.58160809232056,Residential Area,3,Harassment,0.5796462263311377,1
13.078797942001573,77.53825547420747,Suburbs,8,Theft,0.29379877483156597,0
13.030858510464991,77.60342358617139,Suburbs,4,Safe,0.12904493507421871,0
12.930420856644455,77.68161673741197,Park/Isolation Zone,4,Harassment,0.7633696169323596,2
12.98806468367367,77.66087488282754,Residential Area,7,Safe,0.13450050809816044,0
13.02305960501396,77.51316596867264,Industrial Area,1,Stalking,0.9319300110590215,2
12.916692816997877,77.63851456001552,Residential Area,6,Harassment,0.3940204499018301,1
13.076483273681468,77.6143795044918,Suburbs,16,Theft,0.30810148011134764,0
13.060720707088306,77.6814926352693,Residential Area,10,Safe,0.13317802980091675,0
13.001041354715328,77.52449628337006,Suburbs,14,Assault,0.4196264620899116,1
13.093425323051834,77.60680722264094,Park/Isolation Zone,2,Theft,0.7931823632068998,2
12.98355219585502,77.67589253870239,Park/Isolation Zone,12,Theft,0.48968645116903314,1
13.096822063807299,77.58200475734834,Park/Isolation Zone,17,Harassment,0.531751632692217,1
13.033583999760726,77.59639898354658,Industrial Area,19,Theft,0.5325675762301464,1
13.026934254650788,77.51409213553339,Industrial Area,19,Safe,0.5087168082827173,1
12.933190979059157,77.55562872808979,Suburbs,2,Assault,0.7026833737527322,2
13.076385551660929,77.56490132983379,Downtown,1,Stalking,0.7475123648227047,2
12.985497937584123,77.68902448974897,Industrial Area,4,Assault,0.8599582134159016,2
12.932446681156495,77.55653347210823,Suburbs,19,Safe,0.1798648442919562,0
12.902521503995152,77.59217374705393,Residential Area,4,Harassment,0.43486824060714185,1
13.011951136727676,77.63426088471286,Park/Isolation Zone,12,Safe,0.3002866946293141,0
13.005479924424534,77.53243667448157,Park/Isolation Zone,7,Theft,0.5818364985469008,1
13.043870724473832,77.59728847742838,Park/Isolation Zone,15,Harassment,0.6071877458683321,1
13.078051610603561,77.64770780789519,Suburbs,17,Stalking,0.30891608728587683,0
12.915881316928607,77.67337104260541,Park/Isolation Zone,15,Stalking,0.5501478950447543,1
13.046299298068073,77.62525185493249,Industrial Area,0,Safe,0.6383619711160862,1
12.937482388819516,77.63381070306339,Residential Area,7,Theft,0.271667490586224,0
13.071635410631433,77.52525669451691,Park/Isolation Zone,20,Stalking,0.7322959378946163,2
13.063812702772331,77.68915529944927,Suburbs,1,Assault,0.7276721395778786,2
13.00815875099711,77.5265148154969,Residential Area,23,Harassment,0.5883062590571901,1
13.042048559724662,77.65493458743636,Park/Isolation Zone,4,Assault,0.8950966394543096,2
12.96287002263675,77.55296326435567,Downtown,14,Stalking,0.578535374266308,1
12.994233579786563,77.68671862874025,Park/Isolation Zone,13,Stalking,0.6911360679396241,2
13.064327379542094,77.6439919078739,Industrial Area,2,Safe,0.5632778134223807,1
12.991853039434643,77.65076274259567,Residential Area,6,Safe,0.2529010227591459,0
12.97155965306509,77.54381183461197,Industrial Area,3,Harassment,0.8671756667551882,2
12.99884248945006,77.58860799532704,Downtown,10,Safe,0.20647164361029416,0
13.065649850487443,77.62356263891786,Downtown,11,Theft,0.36589608533036405,1
12.967041609474174,77.65399472364132,Industrial Area,14,Harassment,0.5398435039479403,1
12.93475231862715,77.52079187518248,Residential Area,5,Theft,0.37656582457820087,1
13.042402804066157,77.6924730632909,Downtown,23,Safe,0.4762295683214355,1
13.065195642541616,77.67804413411092,Downtown,0,Harassment,0.7086541322029577,2
12.920127495704707,77.55406971809911,Park/Isolation Zone,17,Stalking,0.6495149561326001,1
12.947974822551188,77.66455204860647,Suburbs,13,Assault,0.46245166932722653,1
12.928394397952198,77.60366478460797,Downtown,23,Stalking,0.721888069612401,2
12.969588282316433,77.5923612963124,Residential Area,6,Theft,0.36955316475771055,1
12.990070195781083,77.56288682116228,Residential Area,9,Stalking,0.44113621218973753,1
13.049765267392662,77.61619371732633,Park/Isolation Zone,8,Stalking,0.5965255938581796,1
13.030229516976334,77.64597782354072,Residential Area,1,Assault,0.7378301019560628,2
13.024185713495687,77.58218658099256,Park/Isolation Zone,7,Assault,0.7004104468203101,2
12.97047498932193,77.62584383860165,Downtown,21,Stalking,0.6602565515442638,2
13.068289510616951,77.63986258423107,Downtown,0,Assault,0.8804591933342625,2
12.994257433479634,77.64222436340306,Downtown,19,Stalking,0.7170269589272792,2
13.09582098760303,77.51039321962624,Downtown,1,Harassment,0.7264518016219378,2
13.026828427659147,77.67194956113701,Suburbs,6,Stalking,0.5496883383395397,1
12.9252529483129,77.59165066295301,Suburbs,15,Safe,0.19112224014186996,0
13.035235512415086,77.55248321633924,Downtown,21,Assault,0.7688861614967946,2
12.96502080308634,77.54835290149593,Residential Area,3,Assault,0.6976178756921685,2
13.037265439337219,77.5966028225688,Park/Isolation Zone,20,Theft,0.6594121008140259,2
12.913928229632482,77.67736630789379,Industrial Area,16,Theft,0.4218117091573346,1
12.934976287435193,77.57566951633653,Park/Isolation Zone,3,Safe,0.6949039580385813,2
13.071147451781156,77.64994514935671,Industrial Area,2,Assault,0.9603623640882462,2
12.945435911404703,77.51936374619744,Industrial Area,8,Assault,0.644047311373989,1
13.067408225048588,77.59521134043021,Downtown,21,Theft,0.4995818539125789,1
12.955855217690882,77.69833722807854,Industrial Area,14,Theft,0.3569530064257501,1
13.02857638201174,77.65408756055847,Downtown,19,Stalking,0.6094229588441479,1
13.038830114701966,77.54210569768813,Suburbs,2,Assault,0.7825523187653064,2
13.00253095062901,77.60028829473958,Residential Area,11,Assault,0.5091400040845552,1
12.961062135339347,77.54672495272972,Industrial Area,14,Stalking,0.5344949022970797,1
12.942528875274219,77.58191218545251,Residential Area,19,Assault,0.5527656172097462,1
12.906637870912485,77.656016804747,Downtown,7,Safe,0.2594863626165876,0
12.960789280248145,77.65424496305808,Industrial Area,11,Theft,0.48442515488395704,1
13.030632558106257,77.54562007558047,Park/Isolation Zone,20,Theft,0.6888595956088109,2
13.087660963689697,77.68444466363097,Suburbs,12,Theft,0.25972702284633914,0
13.07424089645261,77.61851363655296,Suburbs,14,Harassment,0.4035139014795265,1
13.05321295530706,77.5759848581924,Industrial Area,10,Safe,0.363444132375898,1
13.05768946865066,77.60038711615617,Suburbs,16,Safe,0.038860694266471166,0
13.032996980695199,77.62101425068755,Park/Isolation Zone,20,Stalking,0.6766264506348708,2
12.9520573715132,77.61197810636916,Residential Area,23,Harassment,0.5434836150473751,1
13.081439006141165,77.59728100710724,Park/Isolation Zone,11,Assault,0.7584180744645742,2
13.034146462381166,77.60098656081789,Suburbs,19,Safe,0.16453709045451276,0
13.012088126196089,77.53528238208558,Residential Area,17,Harassment,0.3228779853756789,0
12.922197893842696,77.66254658086093,Park/Isolation Zone,15,Harassment,0.5414998854223179,1
12.989411108761285,77.6083520639882,Downtown,2,Safe,0.48776037773246644,1
12.992071654240386,77.52621597234094,Downtown,8,Stalking,0.5124422108342762,1
13.072912721904533,77.65323142031656,Residential Area,6,Harassment,0.44117780043333427,1
13.009329644037559,77.68648879567547,Residential Area,18,Theft,0.4403468088032483,1
12.976080109794083,77.6894613798474,Residential Area,4,Harassment,0.3686507222935984,1
13.095360065702131,77.57380354648224,Downtown,18,Assault,0.705321925742687,2
12.922144118665264,77.52710337471215,Park/Isolation Zone,9,Safe,0.3063231225208091,0
12.984509685662388,77.60367992532662,Residential Area,19,Assault,0.6330822901257378,1
12.908404935034282,77.52252184586985,Downtown,11,Stalking,0.48811829124661293,1
13.047980824153386,77.68679748370252,Residential Area,7,Theft,0.30903989259771614,0
13.08361531043983,77.53671592547103,Residential Area,2,Safe,0.38006028487899923,1
12.956007465910098,77.55055317199023,Residential Area,18,Harassment,0.46103253048784243,1
13.071668335359824,77.581327305377,Downtown,10,Theft,0.47421200870267965,1
12.95844364609238,77.57663289371183,Park/Isolation Zone,7,Harassment,0.46135341184538864,1
13.082154032328782,77.65893257847958,Downtown,12,Stalking,0.5014499082256955,1
13.050792380719356,77.59126336411019,Downtown,22,Safe,0.5484213068671584,1
13.060981355368288,77.53415365200067,Residential Area,22,Stalking,0.6106078399705915,1
12.903601311120092,77.55344197909722,Industrial Area,9,Stalking,0.5418068710794725,1
13.092562071414806,77.6018226770375,Industrial Area,17,Stalking,0.5656089935940197,1
13.045334198414064,77.52949078348523,Industrial Area,11,Stalking,0.5126878995607281,1
12.960950219077226,77.6223311351292,Downtown,6,Harassment,0.6027703839664519,1
13.065878932971769,77.61314946131023,Residential Area,10,Assault,0.3990132429371659,1
12.956304239682986,77.64294046327646,Industrial Area,9,Harassment,0.48978452413402884,1
13.074550767913225,77.68754092307587,Suburbs,2,Theft,0.5964350735966479,1
12.922516078082388,77.68245091222023,Suburbs,6,Stalking,0.5487746181190172,1
13.04073719549216,77.68921512361376,Suburbs,3,Theft,0.60863838057136,1
13.008139695328982,77.54894311940474,Park/Isolation Zone,7,Harassment,0.544917973877924,1
12.919306894039089,77.52631306132787,Residential Area,7,Stalking,0.33366383091407054,0
12.948378765651768,77.5604553400993,Downtown,5,Harassment,0.6368978790585674,1
12.902480807255463,77.67901703455327,Downtown,12,Stalking,0.5583439695497846,1
12.993753593092901,77.6944106949247,Residential Area,11,Harassment,0.3041720005045906,0
12.960253052152,77.6718649902141,Park/Isolation Zone,2,Safe,0.7256082342627216,2
13.019671496859551,77.52200354422551,Residential Area,5,Assault,0.6355292085501091,1
12.959447561541724,77.68948559961196,Park/Isolation Zone,21,Assault,0.8214494612551587,2
12.959983822301398,77.58467160547016,Industrial Area,18,Stalking,0.6775014735074837,2
13.04863863974632,77.50186205815247,Industrial Area,10,Safe,0.2979760789933344,0
12.909628567195671,77.58847874814964,Park/Isolation Zone,3,Theft,0.7214773874145939,2
13.080578999038398,77.50921383393509,Residential Area,14,Safe,0.0723279991599739,0
13.070452774878236,77.60877558423222,Industrial Area,1,Stalking,0.9070407291106568,2
13.033560936645282,77.56771080548741,Residential Area,14,Safe,0.1672566690923875,0
13.018644314021477,77.59468698671881,Industrial Area,16,Theft,0.4643015596783938,1
13.07846049962793,77.62263407214863,Residential Area,1,Stalking,0.6727184028486023,2
12.937066035905744,77.67376021916357,Residential Area,6,Assault,0.584504027446842,1
12.915793832438165,77.63238031529438,Suburbs,15,Safe,0.06799252311539733,0
12.947902033981908,77.58680977369563,Park/Isolation Zone,4,Assault,0.8785153264937291,2
13.058915655740037,77.66388557073408,Downtown,15,Assault,0.5780095502543452,1
12.906934053345298,77.68111642751462,Park/Isolation Zone,18,Harassment,0.7845167589660086,2
13.016561367016697,77.52395199328645,Residential Area,1,Theft,0.570429582284358,1
13.09908750323826,77.60638659551056,Residential Area,14,Safe,0.1222635841000089,0
13.071139218767508,77.55690239194848,Park/Isolation Zone,3,Assault,0.9470240932246926,2
13.004289137808717,77.50941223957538,Residential Area,1,Assault,0.6340704462712846,1
12.912728181857329,77.6337093390228,Industrial Area,22,Theft,0.7722563778751637,2
13.066274702877141,77.67255415549185,Residential Area,9,Assault,0.4251548619039089,1
13.019795701635442,77.53258053089547,Park/Isolation Zone,21,Assault,0.899198552387503,2
12.922986599411914,77.66248273152478,Park/Isolation Zone,23,Assault,0.9543628080926325,2
12.918771456964672,77.67067914670739,Park/Isolation Zone,4,Assault,0.8234394350659332,2
13.081925363887319,77.6828680885333,Suburbs,17,Harassment,0.3559728877357628,1
13.033840052587616,77.55305701781721,Suburbs,3,Harassment,0.6218396658038821,1
13.065857359863351,77.68079061303798,Suburbs,0,Stalking,0.5999339074798966,1
13.075795780056453,77.56413255094729,Suburbs,17,Safe,0.10170035847319725,0
13.014354470409664,77.6104676026911,Suburbs,19,Theft,0.4951865113823297,1
13.003489270351007,77.51010149416646,Suburbs,5,Stalking,0.5071815698120637,1
12.986085482064198,77.50877621767376,Suburbs,19,Harassment,0.44259803010663284,1
12.963389317558224,77.64407464254644,Park/Isolation Zone,19,Harassment,0.7447616484726833,2
12.986919192171742,77.58889599559556,Downtown,13,Harassment,0.46761368771590406,1
13.05477593114603,77.55125847507385,Suburbs,9,Stalking,0.42218331378170654,1
13.020384686203027,77.53808269920498,Park/Isolation Zone,17,Harassment,0.5877548784823269,1
13.078504657990969,77.63399069817184,Downtown,8,Stalking,0.5453271913300511,1
12.988676002875838,77.50008030880507,Suburbs,11,Harassment,0.3746154263062865,1
13.02141791574375,77.66117823383938,Downtown,9,Assault,0.5850473795059442,1
13.026261510618397,77.51584992122599,Downtown,23,Assault,0.8700618275688456,2
13.018339432461264,77.53829792298163,Industrial Area,23,Safe,0.5327134778537455,1
13.040526754617103,77.57724727905982,Residential Area,20,Harassment,0.439457611391971,1
12.94748669367496,77.59697174794323,Industrial Area,18,Safe,0.3845695823588482,1
13.002472755509158,77.57099902316278,Downtown,5,Stalking,0.6682742795339228,2
12.92084496056167,77.56414243299686,Park/Isolation Zone,13,Safe,0.3193255661765929,0
12.976902265528963,77.69278320241465,Suburbs,7,Harassment,0.3481167130439216,0
12.997533413724254,77.62831593624868,Residential Area,22,Stalking,0.6889339073105277,2
13.030444851909094,77.50468659107348,Suburbs,13,Stalking,0.33052000752591054,0
13.09010621051724,77.58603518168887,Park/Isolation Zone,10,Assault,0.7488146093355196,2
13.02013021330967,77.6750017399488,Residential Area,23,Stalking,0.6574617866590206,2
13.048718783235312,77.56029123728213,Industrial Area,15,Stalking,0.461436914600283,1
13.00125321189904,77.51891126895488,Downtown,19,Safe,0.35056839246980054,1
13.026820806275266,77.65167695431799,Park/Isolation Zone,5,Stalking,0.71379184910366,2
12.914186443226756,77.62120276638721,Downtown,14,Theft,0.40051218881437656,1
12.95087831616837,77.6140625015653,Downtown,14,Assault,0.5785471017812753,1
12.972370618641028,77.51071531192149,Suburbs,13,Assault,0.4235509165615311,1
12.994498671001303,77.5280998019591,Park/Isolation Zone,20,Stalking,0.7790485120540259,2
12.909129749100478,77.62450987924262,Downtown,11,Safe,0.289345820246876,0
12.928004819510663,77.54156476829176,Industrial Area,1,Assault,0.9190724040356704,2
12.955362861558262,77.60081401594968,Residential Area,7,Assault,0.4075132582972537,1
13.09430653818021,77.60897633720587,Park/Isolation Zone,18,Theft,0.7132100711795796,2
12.966269401420611,77.55670143805419,Suburbs,13,Stalking,0.48630395875077115,1
12.996408211622416,77.6896850311083,Park/Isolation Zone,4,Assault,0.8029049511890032,2
12.93921954254768,77.66849282136712,Suburbs,23,Assault,0.7945569862940615,2
13.022156014215154,77.64447470152656,Residential Area,8,Assault,0.44304870646448097,1
12.956136643103195,77.51559877328188,Industrial Area,12,Assault,0.6837992587097483,2
12.941398515687686,77.5212260038618,Downtown,8,Safe,0.20235253027664468,0
13.003314525689197,77.59855626917299,Park/Isolation Zone,13,Harassment,0.4874126032702894,1
12.901101159832084,77.5321426698382,Suburbs,4,Theft,0.34386282882452973,0
12.901532806529845,77.6956530927059,Residential Area,1,Safe,0.3717930891326954,1
12.943813761820373,77.53170404680549,Downtown,6,Theft,0.5382645841528121,1
12.907344272500165,77.5974935670928,Residential Area,15,Assault,0.49725637215800444,1
12.921605150826139,77.5728242113683,Industrial Area,10,Theft,0.4083268056627048,1
12.96777212986775,77.62787728429082,Downtown,10,Stalking,0.46810855237205345,1
13.060517135915962,77.52580728177789,Downtown,22,Stalking,0.9040259337189863,2
13.01440972867386,77.58606328560847,Downtown,11,Harassment,0.4526687865513029,1
13.002533545191284,77.55494100656144,Suburbs,12,Harassment,0.3142658768633745,0
12.958697764641624,77.67755030493434,Downtown,7,Theft,0.43726532957771785,1
13.086350743886562,77.50811714242694,Residential Area,23,Safe,0.3738080495854695,1
12.979403008247438,77.6827454988013,Suburbs,15,Safe,0.09908276679462191,0
12.917418553359155,77.6665988277106,Downtown,20,Assault,0.7338771616878027,2
13.02341330322356,77.55951414328817,Residential Area,0,Safe,0.3958480453423424,1
12.92276767869532,77.65785813093542,Residential Area,12,Harassment,0.3421621339101275,0
12.969044628560338,77.50624271206775,Park/Isolation Zone,10,Safe,0.38373329917006993,1
13.001482387743561,77.69337311005869,Residential Area,3,Assault,0.6358859626622838,1
13.074844504937035,77.60531898851796,Industrial Area,3,Stalking,0.8998939153066707,2
12.998709316068023,77.56065620521309,Downtown,14,Safe,0.23271371332808655,0
13.040451753206332,77.57251664251893,Downtown,2,Safe,0.5697401852443018,1
13.098563367799814,77.5132810706921,Downtown,23,Harassment,0.7296217372305133,2
12.926297823979597,77.6978699028084,Residential Area,18,Theft,0.39740975157574226,1
12.954946305103904,77.50785838903013,Residential Area,20,Stalking,0.5657645057373868,1
12.97891521511953,77.63098142462957,Downtown,1,Theft,0.7168037802995296,2
12.984365635707766,77.58854718554129,Suburbs,5,Assault,0.663208563704632,2
12.982204215053109,77.68978324363775,Suburbs,21,Assault,0.5974515520390974,1
13.08152220051131,77.54919994806136,Industrial Area,23,Theft,0.7422545662700107,2
13.04280652889337,77.6064173647876,Park/Isolation Zone,7,Harassment,0.5506089032579001,1
13.021581042818141,77.59647124171656,Industrial Area,16,Harassment,0.43652616167720176,1
12.961874543572556,77.64057328881002,Downtown,4,Harassment,0.46544956986538344,1
13.064758076844258,77.51360204639049,Downtown,1,Stalking,0.7609632053568626,2
13.091012102296997,77.53875782600467,Downtown,11,Assault,0.6513616719960001,2
13.064239656510045,77.54291296401857,Park/Isolation Zone,4,Assault,0.9210268778010551,2
12.900313021038295,77.64763015096834,Residential Area,9,Assault,0.34988180706125704,0
13.02728027403668,77.53782773926535,Park/Isolation Zone,8,Stalking,0.6643338663892174,2
12.91022707628842,77.61469835277819,Industrial Area,19,Assault,0.7703838072678069,2
12.951521444066744,77.54304876410019,Residential Area,7,Theft,0.17867999872167334,0
12.911904940069554,77.6723249900168,Residential Area,0,Safe,0.45296133546181305,1
13.020759090589877,77.68843709089793,Industrial Area,23,Stalking,0.8247278087278901,2
13.037317982698521,77.60369859498844,Residential Area,5,Safe,0.380776758136957,1
12.92289752761318,77.57046177684184,Suburbs,23,Theft,0.5163378688204237,1
12.976767776608996,77.5468115550035,Industrial Area,21,Harassment,0.636182251627035,1
12.991247301791109,77.50995620030461,Industrial Area,10,Harassment,0.4511754008912855,1
12.973810604352183,77.5537000152395,Suburbs,2,Harassment,0.6074950261760347,1
12.92420500009704,77.63084715598906,Park/Isolation Zone,14,Stalking,0.6398532485735258,1
12.983789558037495,77.60672338626185,Park/Isolation Zone,10,Harassment,0.4634862238089742,1
13.050235609561684,77.68880825565618,Park/Isolation Zone,23,Stalking,0.9327899335081499,2
12.91420153290665,77.57925545249834,Residential Area,4,Stalking,0.4795668765628704,1
12.916036002816382,77.63877266846568,Suburbs,15,Safe,0.05695457093391238,0
12.970954258367197,77.59786454949503,Industrial Area,20,Harassment,0.5799385864164813,1
13.088345142323785,77.60251524318484,Industrial Area,6,Assault,0.8489311750178573,2
13.033714529344582,77.55355486292082,Industrial Area,5,Harassment,0.6643343839927326,2
13.035733991334514,77.5909901553684,Residential Area,8,Harassment,0.2708960628432961,0
12.972383998167572,77.59415699940254,Residential Area,6,Harassment,0.48897295003535246,1
13.018732158241708,77.64132850434979,Park/Isolation Zone,2,Assault,1.0,2
12.902026236805549,77.68812799983722,Residential Area,10,Assault,0.49339237022006877,1
13.027219209281908,77.5658642554965,Park/Isolation Zone,11,Stalking,0.6820299448153326,2
13.082657389515248,77.50844009371626,Park/Isolation Zone,20,Assault,0.8608759192505651,2
13.022514693668963,77.59925902510012,Industrial Area,10,Stalking,0.6466187885908665,1
13.07473971869327,77.60889226642983,Residential Area,1,Safe,0.47137898028273206,1
13.044794611093218,77.53368811022638,Park/Isolation Zone,0,Stalking,0.9391720710314297,2
12.924111683280739,77.65209292125522,Suburbs,23,Harassment,0.5154384711257451,1
13.080490661457167,77.6969858216883,Suburbs,23,Theft,0.5554896040384932,1
12.913288768871155,77.68915494340169,Residential Area,1,Theft,0.562316279890481,1
13.006793494509553,77.53942120776473,Industrial Area,13,Harassment,0.5107785577763385,1
12.928427424758691,77.67507264798016,Industrial Area,12,Stalking,0.5445096266413837,1
12.902341322146182,77.64089872728233,Park/Isolation Zone,23,Harassment,0.8823024956450751,2
12.984406852025527,77.59076931276138,Residential Area,4,Assault,0.6389577923370999,1
12.959008141530832,77.60812219886495,Suburbs,1,Stalking,0.5663914356126001,1
12.99720009875952,77.6699200349965,Park/Isolation Zone,22,Harassment,0.917742011804185,2
13.01543997734691,77.59602698792767,Park/Isolation Zone,22,Assault,0.9261774034376313,2
12.90874781446179,77.57464147382103,Downtown,18,Assault,0.7297050456189517,2
12.92460065902475,77.5986494986052,Residential Area,16,Stalking,0.30562111699174366,0
13.011728479290085,77.61582596080702,Park/Isolation Zone,10,Safe,0.3139118121561246,0
12.968633470634531,77.53781553075567,Suburbs,15,Safe,0.154326651657519,0
13.045834697509889,77.6801815460534,Downtown,19,Assault,0.7560809902168926,2
13.030458329718387,77.63483738976592,Suburbs,17,Safe,0.13412995656310012,0
13.069120872597981,77.6266537834675,Industrial Area,19,Assault,0.8316007919223641,2
13.038498565333844,77.51989924523613,Downtown,7,Safe,0.15424771934450215,0
12.985986215478029,77.62083478763452,Downtown,1,Assault,0.8721129218256712,2
13.034593324478886,77.5241921324477,Park/Isolation Zone,16,Assault,0.7374286240868063,2
12.955076234851084,77.51573953503907,Industrial Area,10,Assault,0.6828418991561637,2
12.961262699755643,77.60546217912848,Park/Isolation Zone,13,Assault,0.6121661968297064,1
13.057797031984158,77.5805571068093,Residential Area,15,Theft,0.3015013562589462,0
12.989283903280317,77.61776205403125,Suburbs,14,Safe,0.13080279729593086,0
13.05967606810367,77.51784443361144,Suburbs,14,Assault,0.40186038482691566,1
13.064484474733655,77.58619661256945,Park/Isolation Zone,2,Harassment,0.8704314139127179,2
13.071512467532257,77.53495734300903,Suburbs,6,Stalking,0.4885444117448576,1
13.083327047168241,77.69742001718483,Suburbs,11,Harassment,0.3245982695813647,0
12.98619704410266,77.61223004248704,Residential Area,21,Harassment,0.35998819494952816,1
12.963773363664227,77.63748737218818,Industrial Area,21,Theft,0.58236975686292,1
13.016439749318822,77.56508365613652,Downtown,22,Safe,0.6090358451201036,1
12.974234484687525,77.51894778295586,Park/Isolation Zone,23,Theft,0.8269409586085269,2
13.020214833360047,77.6951741725567,Park/Isolation Zone,2,Safe,0.6895820432357023,2
13.041117172528764,77.55725180707664,Residential Area,18,Assault,0.5883229376895672,1
13.037681003698427,77.58476163703472,Residential Area,9,Theft,0.2782172974820253,0
12.974910577404025,77.62997278434052,Downtown,7,Stalking,0.4918455496789606,1
12.933372040339751,77.50493945953723,Industrial Area,15,Safe,0.25375799271715194,0
12.98610586769244,77.66205182610346,Park/Isolation Zone,15,Theft,0.48739224394210884,1
12.928518828816381,77.60731563800573,Residential Area,11,Stalking,0.4227020022451385,1
13.078019407036761,77.55564343741376,Park/Isolation Zone,22,Harassment,0.90661606798903,2
12.969175492147572,77.51232159705849,Suburbs,4,Assault,0.5503899055240653,1
12.930891949444664,77.53249968309488,Park/Isolation Zone,19,Assault,0.8291329314748799,2
12.90508955198115,77.67900677177069,Industrial Area,5,Harassment,0.6037880891217972,1
13.029164477257297,77.63720484478718,Industrial Area,5,Theft,0.6089761586933568,1
13.027380463490948,77.54998034432738,Park/Isolation Zone,7,Harassment,0.5998636411557284,1
12.968120833316258,77.513120152989,Suburbs,16,Stalking,0.4515896708646204,1
12.91434237776953,77.63812306247733,Industrial Area,11,Safe,0.22862739005771962,0
12.981925778979047,77.61448154519356,Residential Area,21,Theft,0.4429173672674824,1
12.96224349901268,77.58090390489164,Park/Isolation Zone,13,Safe,0.3496157186210507,0
13.035424127947001,77.57272228983801,Suburbs,1,Harassment,0.5816431512984358,1
13.021155849890539,77.54336285518582,Residential Area,18,Assault,0.5532354092540248,1
12.972918745639507,77.63392225130751,Park/Isolation Zone,5,Safe,0.5889930468549641,1
12.943578510850998,77.69413360555878,Suburbs,17,Safe,0.01855678859235131,0
13.097607193231118,77.53514304916736,Residential Area,3,Assault,0.7255122423525788,2
12.990800324239222,77.61942332400311,Industrial Area,21,Safe,0.46836484533077083,1
13.037654847156047,77.58483701114919,Park/Isolation Zone,4,Safe,0.522664419613696,1
12.928110593515672,77.58933774434894,Park/Isolation Zone,5,Assault,0.9123398909518117,2
12.99711793993188,77.55082945602557,Industrial Area,14,Assault,0.605965971565003,1
12.905507343973893,77.66502697513229,Downtown,5,Harassment,0.6312193447099073,1
13.00109102358209,77.59705112082945,Residential Area,7,Harassment,0.2968532740467126,0
13.092803481423541,77.60868117043965,Industrial Area,8,Safe,0.30201085543377787,0
12.97684134259716,77.56095218255946,Park/Isolation Zone,20,Theft,0.6270211384083636,1
12.907799202514983,77.53636169313339,Residential Area,21,Harassment,0.45809332126610236,1
12.90619115818387,77.51718207764057,Residential Area,5,Harassment,0.44288068358253174,1
12.977597351989374,77.64282382818499,Downtown,21,Theft,0.5321872511896638,1
12.93200498729264,77.53924685633757,Park/Isolation Zone,1,Theft,0.773739853266971,2
12.904670419265637,77.63801507083777,Suburbs,15,Assault,0.46862477744155945,1
13.051242722790036,77.5780752892094,Downtown,19,Harassment,0.5334554650723303,1
12.991704601776378,77.58315496019793,Downtown,0,Stalking,0.7903825906767057,2
12.957848954394532,77.59383549921856,Suburbs,15,Stalking,0.3116141273317466,0
13.080016636603295,77.57354170162552,Suburbs,0,Safe,0.3938545133240783,1
12.923227792040105,77.52012399544452,Downtown,0,Harassment,0.744489812479348,2
13.091183765791063,77.56192636200058,Residential Area,6,Stalking,0.5433426364565984,1
12.96279334347547,77.6327468721388,Industrial Area,15,Harassment,0.5329507559697221,1
13.077680734461737,77.63315688029378,Industrial Area,16,Harassment,0.5145897917645224,1
13.020588575295893,77.557244861448,Downtown,15,Stalking,0.5086365572209358,1
13.065341471948297,77.59202052531154,Residential Area,15,Harassment,0.29045687905427037,0
13.096802632642092,77.53868944560239,Suburbs,5,Theft,0.3895326629678107,1
12.95768108756375,77.54207441630597,Downtown,17,Safe,0.16260679238904907,0
13.092227097081519,77.50460941768132,Park/Isolation Zone,21,Assault,0.886687464958753,2
12.977896378980484,77.67934930998155,Residential Area,21,Stalking,0.5133263070005014,1
12.977102380947384,77.54214133301498,Park/Isolation Zone,2,Assault,1.0,2
12.968077420850902,77.5455067753873,Park/Isolation Zone,7,Safe,0.32227185450937046,0
13.008281521469517,77.55592028652903,Downtown,3,Theft,0.7630184850504333,2
12.930829008635698,77.52548161433909,Residential Area,22,Theft,0.540408916954596,1
13.010742297071602,77.62785257663627,Park/Isolation Zone,3,Theft,0.7713419889985341,2
13.008340962482,77.51502859063552,Residential Area,16,Theft,0.32727223111790926,0
13.052380362520974,77.52684048526527,Industrial Area,21,Stalking,0.7181946440206913,2
13.066729992387517,77.62895134531801,Park/Isolation Zone,4,Stalking,0.8335503546180529,2
12.988088270062486,77.56793212409629,Park/Isolation Zone,13,Harassment,0.5585244201280171,1
12.960466649870298,77.64158956534024,Residential Area,14,Harassment,0.34037113519102974,0
12.95186697946342,77.61148494893403,Industrial Area,11,Safe,0.3514352327869349,1
12.938924767340975,77.5512042346123,Park/Isolation Zone,12,Harassment,0.535931467445334,1
12.911529516439805,77.63016559009787,Downtown,23,Safe,0.5673033548563567,1
12.968489595766943,77.52325473605858,Residential Area,22,Safe,0.4077108792944797,1
12.954049538426156,77.607282076616,Residential Area,17,Safe,0.14161615407791156,0
13.093283477173282,77.58742962100901,Park/Isolation Zone,13,Theft,0.4467322228772357,1
13.011541765250008,77.55357471656349,Industrial Area,23,Assault,0.9800566413390681,2
12.969455407806102,77.6208009995479,Park/Isolation Zone,18,Assault,0.8960232938682149,2
13.016093520198739,77.67426671846806,Suburbs,21,Stalking,0.46585624803420894,1
12.92783934026914,77.69978093995262,Park/Isolation Zone,6,Safe,0.4559276539109612,1
12.988808749840441,77.62155255374869,Suburbs,5,Theft,0.31708625721783446,0
13.025246864284213,77.58094117486584,Downtown,4,Harassment,0.7039233905342885,2
12.99777956635849,77.54504142004325,Residential Area,3,Harassment,0.5634159577525619,1
12.980355760130864,77.55141921787903,Residential Area,17,Stalking,0.4208976474354997,1
13.09876967777994,77.59589099562996,Industrial Area,13,Stalking,0.5396008917516888,1
13.076062952429785,77.57345554025615,Park/Isolation Zone,15,Safe,0.40491038632055065,1
13.024681191631888,77.68276290452499,Downtown,22,Safe,0.5790470127037327,1
13.013875472236457,77.57365909353115,Suburbs,22,Harassment,0.7051074231222973,2
13.024132095964916,77.57468891822909,Industrial Area,19,Harassment,0.7222909019438762,2
12.940262421564487,77.57670690248679,Downtown,13,Harassment,0.46065500950216093,1
12.979027548652864,77.66732404207353,Downtown,4,Harassment,0.6154917368835429,1
12.90789190657818,77.63015766416939,Suburbs,21,Assault,0.6339559939658296,1
12.995109207497366,77.62283377006378,Suburbs,10,Safe,0.23406523251640857,0
13.008604916791533,77.56682860447677,Residential Area,11,Safe,0.10338670750192122,0
12.945549947220641,77.66358083536649,Park/Isolation Zone,17,Harassment,0.4853660249645012,1
13.092805769433102,77.50767277227114,Industrial Area,3,Theft,0.7622356364792128,2
13.081890922187448,77.67415943446763,Park/Isolation Zone,12,Harassment,0.5179667094887694,1
13.04442864709118,77.60254997995878,Industrial Area,19,Stalking,0.7105638988768742,2
13.006677325753072,77.57965004697269,Downtown,12,Theft,0.45755764316339737,1
13.073993831929537,77.59943345614354,Suburbs,3,Stalking,0.6752040496462097,2
12.926130468764693,77.63348310610677,Suburbs,22,Theft,0.5203398032533263,1
13.058101958854976,77.50255308530357,Downtown,22,Stalking,0.789855269499424,2
12.92496416279337,77.67431037129165,Downtown,6,Harassment,0.546688412989866,1
13.05884213250988,77.58934790506228,Industrial Area,22,Harassment,0.8637816658627983,2
12.955153513650272,77.56859330394002,Downtown,1,Theft,0.7410306647989432,2
13.075418116203638,77.52764911312681,Industrial Area,20,Stalking,0.6455828551805027,1
13.08880841876508,77.58789307487169,Park/Isolation Zone,17,Assault,0.8260510348980601,2
12.929759193881024,77.59926455425688,Suburbs,20,Theft,0.38915203957329225,1
12.992535121013079,77.58072933889869,Suburbs,5,Theft,0.41477644185209317,1
13.096197475632536,77.63573201876538,Suburbs,15,Safe,0.08312381643215247,0
12.99668148719463,77.58417930575185,Park/Isolation Zone,2,Theft,0.8210046125341889,2
13.072709504502908,77.69228351556931,Park/Isolation Zone,21,Assault,0.8547027336484625,2
13.017746304426264,77.61985550356472,Residential Area,14,Harassment,0.23011932190855502,0
12.97506598158392,77.66149558713039,Industrial Area,20,Stalking,0.758675467103824,2
12.957156711105174,77.5218711806219,Industrial Area,19,Safe,0.4085930868837134,1
12.940644618217217,77.57945825858918,Residential Area,9,Stalking,0.3958555234820337,1
13.05235963827554,77.56736954028943,Suburbs,8,Harassment,0.2884069318562449,0
12.977308101364606,77.61389647762732,Industrial Area,10,Theft,0.4531662409067295,1
13.00225509244015,77.67222270401228,Industrial Area,13,Assault,0.6741056455855575,2
12.998465096000237,77.5156676435524,Suburbs,23,Safe,0.4068634066882152,1
13.015455805846626,77.51451495960895,Downtown,11,Assault,0.6371911110861179,1
13.07311542912491,77.67006354163152,Downtown,6,Assault,0.714590039916536,2
13.096147868716686,77.54257001720767,Residential Area,10,Assault,0.5018442438642068,1
12.981516841714763,77.63375065088997,Park/Isolation Zone,16,Assault,0.6484733567382855,1
13.06550378442126,77.60857562647216,Industrial Area,8,Harassment,0.4543582918450243,1
13.052905558930943,77.66657871897745,Industrial Area,21,Assault,0.8289507554560034,2
13.014705790291115,77.52501778196728,Residential Area,22,Assault,0.8024773260844446,2
13.091209428722387,77.52595659314453,Residential Area,12,Harassment,0.31419112922452075,0
12.940094903105681,77.61136367205566,Industrial Area,15,Stalking,0.6246099313331617,1
12.921852842061925,77.68927573067168,Suburbs,2,Harassment,0.5583206834281654,1
13.070792393391084,77.58299955167415,Suburbs,4,Theft,0.3417348667553186,0
12.98782996332675,77.56538842005094,Park/Isolation Zone,22,Harassment,0.891912478742208,2
13.069393770841412,77.62133786463959,Industrial Area,16,Stalking,0.5561150562217249,1
13.078618041039082,77.68608972010901,Industrial Area,0,Theft,0.7903077452200415,2
12.912491518723815,77.66738556656892,Industrial Area,20,Theft,0.5485985466925025,1
13.076692952597211,77.69909672214665,Industrial Area,8,Safe,0.27783895915761464,0
12.989663811073884,77.50451371664047,Residential Area,22,Assault,0.8371393075689598,2
13.002086497800846,77.52257162894256,Downtown,16,Theft,0.3899492145570887,1
13.025318502218642,77.62189355267333,Industrial Area,12,Theft,0.5213252071171031,1
13.085276521346017,77.66411528786678,Downtown,14,Stalking,0.5388397640916305,1
12.903823218885954,77.55704886846135,Suburbs,20,Theft,0.3857268326554359,1
12.995368693663563,77.54784221760684,Park/Isolation Zone,7,Stalking,0.6705879067571434,2
13.037544408486111,77.65739515987624,Suburbs,7,Assault,0.46631774799074877,1
13.044541391539646,77.51127637077064,Industrial Area,1,Safe,0.6006765044207675,1
13.038506486307421,77.57387652951653,Suburbs,22,Safe,0.3960067722626403,1
12.926887025881625,77.60116184451847,Residential Area,9,Assault,0.47194145021532574,1
12.959879117674337,77.61206973487006,Downtown,4,Assault,0.6935845094502076,2
12.971743105083403,77.64572303135856,Industrial Area,15,Harassment,0.5449507409915912,1
13.0608874415359,77.57096914468613,Residential Area,18,Theft,0.4220706753828987,1
12.955751974482911,77.62253686893493,Downtown,0,Theft,0.6714412637355781,2
12.94214099277344,77.6170750845582,Residential Area,12,Theft,0.18657639252727998,0
13.091489603807618,77.60952322013075,Suburbs,3,Stalking,0.6374663826957591,1
12.901772657022693,77.62809665862845,Industrial Area,6,Harassment,0.6625084201816832,2
13.099564171136395,77.55188983421361,Suburbs,0,Theft,0.5577986747227272,1
13.035364259771479,77.51692975071693,Park/Isolation Zone,1,Stalking,0.9074906270433508,2
13.065693859889823,77.52385433440794,Industrial Area,15,Stalking,0.5836900784937123,1
12.95892387926924,77.54491647653079,Suburbs,13,Safe,0.04246569729700703,0
12.902863055533413,77.60003958710456,Industrial Area,4,Stalking,0.6967293377188759,2
13.047573903712307,77.6680885501092,Downtown,13,Assault,0.6148920112814273,1
13.066828919400136,77.64025866841767,Industrial Area,16,Stalking,0.57303506751948,1
13.048095226390704,77.65780812084041,Industrial Area,11,Assault,0.6949417826691969,2
12.928570057460169,77.57019512478522,Downtown,19,Assault,0.7398250823584305,2
13.050685584451394,77.5809307483297,Suburbs,11,Safe,0.10266524100109473,0
13.053784556421528,77.57873637719813,Industrial Area,2,Safe,0.5629228150225721,1
13.031708103134012,77.5383746368809,Residential Area,20,Stalking,0.5194122290220142,1
13.053223186559118,77.51224333162871,Industrial Area,20,Safe,0.40647746672359675,1
13.069184287935546,77.61818321856545,Suburbs,1,Safe,0.42868619490868576,1
13.022720822847491,77.69784333668412,Downtown,20,Theft,0.6090570895722341,1
12.917720942793936,77.53336594099005,Suburbs,20,Stalking,0.5234142454579985,1
12.997525561933442,77.50933696397985,Park/Isolation Zone,14,Stalking,0.6641648963328942,2
12.915529866934321,77.6559063363648,Industrial Area,10,Stalking,0.527325907756345,1
12.981508606206486,77.55051720133694,Industrial Area,9,Safe,0.24006453466384992,0
12.981421297825126,77.66592876107059,Downtown,17,Safe,0.24191110028269466,0
12.913201968828048,77.6407873334069,Industrial Area,22,Assault,0.9192978938473882,2
12.969764106793896,77.68913470741016,Residential Area,21,Harassment,0.42532834680047604,1
12.922199619758263,77.58178544715133,Residential Area,22,Harassment,0.488908964715008,1
13.061647042001844,77.63239396789012,Suburbs,23,Harassment,0.6087811976324542,1
13.089537605192893,77.59297095616266,Downtown,20,Theft,0.5510753680892551,1
12.914463295051588,77.6261177394617,Park/Isolation Zone,1,Safe,0.6921535977173475,2
13.09102304145834,77.58991978120154,Suburbs,6,Assault,0.6276548794393528,1
13.004515319867348,77.53772644928482,Downtown,6,Assault,0.7412328362517848,2
12.959913135590774,77.60157948320068,Downtown,23,Harassment,0.7956426055788679,2
12.915372415055232,77.60571684028749,Suburbs,6,Theft,0.4443321679816462,1
13.000124853614084,77.66212076965203,Suburbs,22,Theft,0.5256505189146189,1
13.05890310889815,77.64710414115872,Industrial Area,13,Harassment,0.5098052867699329,1
13.04141729545334,77.63275832478828,Park/Isolation Zone,23,Harassment,0.9255247965411276,2
12.910045202292794,77.52267741911051,Residential Area,1,Safe,0.41632666007376634,1
12.914580367073581,77.64412325813275,Industrial Area,1,Theft,0.7088913887720223,2
12.980574656526528,77.60006103127091,Downtown,22,Assault,0.8438759491637836,2
12.959058098809589,77.67881990722124,Park/Isolation Zone,14,Harassment,0.47643407438532437,1
12.94647686461121,77.6839741868261,Park/Isolation Zone,10,Safe,0.2476125003105103,0
12.956200899781743,77.51103131812036,Suburbs,9,Assault,0.4257960045615374,1
13.060696548659378,77.6641283120709,Park/Isolation Zone,2,Theft,0.7912718346862438,2
13.08584561072637,77.50753947808454,Park/Isolation Zone,16,Harassment,0.5011836376285309,1
12.981020538905513,77.573433925139,Downtown,8,Harassment,0.4157882849618729,1
13.081222200426499,77.60845999512422,Industrial Area,14,Safe,0.2522967373857435,0
12.964299140249576,77.52962015972543,Park/Isolation Zone,13,Safe,0.27100384450025544,0
12.995287397268758,77.64926276251381,Suburbs,18,Theft,0.3915062892074383,1
12.9452057995632,77.50167094083443,Industrial Area,16,Harassment,0.5334345530724607,1
13.028095208435168,77.5337198096868,Suburbs,21,Safe,0.22450128977126044,0
13.095796223034961,77.6161593659707,Park/Isolation Zone,19,Harassment,0.7568050681723196,2
13.020698619208675,77.64287751240747,Industrial Area,16,Theft,0.4576566375642778,1
12.97156281682271,77.68332862053879,Park/Isolation Zone,15,Harassment,0.5946504742889163,1
13.029563489198106,77.64109933038692,Downtown,19,Assault,0.7515847683541216,2
12.924584135693078,77.63435585405098,Industrial Area,7,Harassment,0.5335591157541907,1
13.07773181605308,77.57886822927013,Suburbs,6,Stalking,0.42945369972723846,1
13.000616790155966,77.50025688510536,Downtown,11,Stalking,0.5421230027057141,1
12.989869948407929,77.52403185174713,Residential Area,0,Theft,0.5503251372554682,1
13.017172957690704,77.6069109089512,Suburbs,11,Theft,0.3048962857617631,0
13.02495677255788,77.63502597716888,Park/Isolation Zone,5,Theft,0.6373876323345822,1
12.914355161245302,77.58348965677929,Suburbs,15,Assault,0.5370848326009445,1
13.036523444244681,77.64613580230568,Residential Area,17,Assault,0.4766855029138393,1
12.948386336063106,77.60437245906644,Suburbs,18,Harassment,0.4047367730266078,1
13.042790526501317,77.51483523911887,Downtown,22,Safe,0.6064062565364615,1
13.064506958876839,77.5384032501936,Suburbs,2,Stalking,0.597107536582647,1
13.060791701510503,77.66799964464879,Industrial Area,2,Stalking,0.7943113473273763,2
13.010500193481578,77.6449825493249,Residential Area,4,Stalking,0.5644383433479006,1
13.00403397846215,77.6789523974025,Suburbs,2,Harassment,0.6167726125249307,1
12.928575192267882,77.52351144982418,Residential Area,18,Harassment,0.4536196031752318,1
13.055069230080626,77.69804450692301,Downtown,4,Theft,0.5248026319369323,1
12.954281876089343,77.54188134278999,Industrial Area,13,Safe,0.3415849893496938,0
12.999339084563589,77.50235597525733,Park/Isolation Zone,20,Theft,0.636412704546785,1
12.956854818585503,77.69948458781072,Suburbs,15,Harassment,0.31008186470158183,0
12.926765672599938,77.55621477708902,Downtown,0,Assault,0.8436379000806092,2
13.025911539378347,77.63360389050251,Residential Area,16,Theft,0.2471164646407723,0
12.910866406964582,77.53533646283526,Residential Area,10,Harassment,0.308762615370745,0
13.04972904682524,77.61604570643983,Downtown,8,Harassment,0.47671568116053686,1
12.963517359052224,77.68080699729092,Suburbs,20,Assault,0.6168890452780034,1
12.900026938600897,77.5640362334857,Park/Isolation Zone,3,Assault,0.9833228069756604,2
13.002225827847447,77.63405079520888,Suburbs,1,Assault,0.7642361818543125,2
12.909370381705521,77.53758071775968,Industrial Area,8,Safe,0.34903561760604496,0
12.95523391156418,77.62495907974375,Suburbs,21,Harassment,0.37579512952944416,1
13.041395297491142,77.5672900703635,Industrial Area,4,Assault,0.7917262023108781,2
12.912537924324374,77.54224165171759,Residential Area,3,Safe,0.41043611537552316,1
13.0678676984712,77.56263641014073,Industrial Area,22,Stalking,0.8038868382816343,2
12.900763984531716,77.53576821370156,Park/Isolation Zone,4,Stalking,0.7964858428640702,2
12.949364773840381,77.68038322156758,Downtown,23,Stalking,0.8299750392991574,2
13.048180811230415,77.57943737726343,Industrial Area,23,Harassment,0.8499060670347237,2
12.963254029945862,77.54905586099487,Suburbs,17,Safe,0.20798470911773237,0
12.920378477613204,77.58968156820319,Industrial Area,12,Safe,0.3165069199509511,0
12.972046783760085,77.5641072333613,Residential Area,4,Stalking,0.4858415146061897,1
12.954078657276906,77.64888385076267,Industrial Area,23,Theft,0.7969287683204607,2
13.068542380432111,77.6942439823771,Park/Isolation Zone,18,Stalking,0.7206018351714585,2
12.962669583517028,77.58760673133953,Industrial Area,22,Harassment,0.8232060606813018,2
13.0577864943552,77.67220667999445,Park/Isolation Zone,2,Stalking,0.9518414128822061,2
13.078374428962146,77.61317261471193,Suburbs,21,Stalking,0.5416095655885267,1
12.986763483915306,77.53144713301884,Residential Area,17,Safe,0.17036726280242,0
13.081988628770878,77.63812454841627,Downtown,5,Stalking,0.6363392572274829,1
12.975463610792639,77.60268689942517,Suburbs,5,Assault,0.6354527894394713,1
13.09281568329802,77.63012130465042,Suburbs,23,Assault,0.7546403676621135,2
12.917857904905114,77.67793748251434,Downtown,4,Theft,0.5626619782202213,1
13.037403853300649,77.58808691413121,Industrial Area,0,Harassment,0.8126644253754055,2
12.998762808091385,77.68023552464348,Industrial Area,7,Harassment,0.5269455223101713,1
12.97752976109113,77.65013380285633,Industrial Area,0,Safe,0.5983288205552084,1
13.02654237574972,77.5977209851756,Residential Area,20,Harassment,0.3789779419924088,1
13.040771418326866,77.6206444271316,Suburbs,5,Theft,0.40771075915365085,1
12.900872653930062,77.5651162265038,Park/Isolation Zone,19,Assault,0.8680880489381476,2
12.93339061774944,77.69671945994776,Downtown,13,Safe,0.24790666517418314,0
13.042609210126864,77.63347023261008,Suburbs,10,Assault,0.4717741809892642,1
13.03327708271564,77.50876937049932,Industrial Area,1,Theft,0.7438259768449322,2
13.093209501025735,77.56532438114961,Downtown,20,Safe,0.3864428718539165,1
13.052207558050156,77.6246628867518,Park/Isolation Zone,3,Stalking,0.9695543453893405,2
13.090154541546267,77.51126665555985,Suburbs,12,Harassment,0.41285199376712184,1
13.040508100306962,77.50477683826382,Suburbs,6,Theft,0.44398054746025667,1
12.95961044172789,77.59000484790556,Residential Area,5,Safe,0.22127165859273723,0
12.921072984450172,77.56653803593854,Suburbs,2,Assault,0.7612501201575795,2
13.056364772668987,77.58765972160664,Suburbs,8,Safe,0.10750248029410431,0
13.028829844295183,77.552538661976,Park/Isolation Zone,13,Stalking,0.633536035468845,1
12.90963720247866,77.53294354938859,Park/Isolation Zone,19,Theft,0.6594078497334959,2
12.972010093180195,77.63782867139606,Downtown,10,Safe,0.2807523433071399,0
13.091359963096856,77.60291422325356,Industrial Area,4,Theft,0.6894193293118958,2
13.000080229142041,77.54003084224988,Park/Isolation Zone,13,Theft,0.40783307969177407,1
12.98654582720394,77.563917885252,Downtown,18,Assault,0.7246865107706537,2
12.991539921031858,77.61836158153267,Suburbs,7,Harassment,0.34797076902274215,0
12.941776544801034,77.5144458696545,Downtown,6,Stalking,0.6477894243141888,1
12.97374143417296,77.52949060185324,Downtown,6,Safe,0.4296385773651523,1
12.973962651197436,77.51464912082147,Downtown,23,Harassment,0.7405099470577741,2
12.910471004037495,77.66246346654283,Downtown,22,Assault,0.9780084298082796,2
13.053513525703583,77.6504818466424,Park/Isolation Zone,2,Harassment,0.9080637578568933,2
12.983300886380777,77.65066258637586,Industrial Area,2,Theft,0.7649346820770674,2
13.064435977363285,77.64326506869521,Downtown,17,Theft,0.4837107485604234,1
13.07006960022398,77.63387708473398,Residential Area,12,Stalking,0.3654832306523195,1
12.942398810939732,77.59539838307563,Suburbs,0,Safe,0.40331181414718126,1
13.031470696434026,77.62845563270143,Suburbs,4,Safe,0.3235082625774941,0
12.994456360832597,77.50767231095759,Suburbs,3,Assault,0.6800395213502762,2
13.076031347584296,77.62429288453136,Suburbs,15,Stalking,0.3583924060056543,1
12.94314813583529,77.65557554110738,Suburbs,14,Safe,0.11765800104241865,0
13.03556264006201,77.60007167207688,Downtown,17,Theft,0.3888690659499874,1
13.021550424450544,77.57150266568544,Industrial Area,16,Stalking,0.5127242322680791,1
12.959060295514366,77.5554853469602,Residential Area,13,Harassment,0.29640488288489947,0
12.927320180730234,77.62856041003242,Park/Isolation Zone,13,Stalking,0.5244841499750121,1
13.030327952095455,77.63856023972599,Residential Area,18,Stalking,0.5776706387057571,1
13.047719491626466,77.6741935199725,Park/Isolation Zone,5,Safe,0.5801706957524686,1
12.96312546875267,77.5684668164922,Park/Isolation Zone,12,Assault,0.703665534189408,2
13.028966520804463,77.65395446147711,Residential Area,17,Assault,0.43445138069891875,1
12.9790261815223,77.61227116483786,Downtown,14,Safe,0.17614702688835246,0
13.042641376656523,77.67656729813562,Suburbs,22,Safe,0.36731089505006315,1
12.93984305497881,77.60556242165913,Downtown,6,Safe,0.47414477426337465,1
13.078043000527234,77.6035259656796,Suburbs,18,Assault,0.6004058799917765,1
12.957481919293116,77.61557541628818,Industrial Area,16,Safe,0.2743112682215498,0
12.97355719755123,77.64986307102849,Park/Isolation Zone,8,Harassment,0.5523255922437761,1
12.91161839041607,77.6929380957657,Residential Area,10,Harassment,0.27303041995011107,0
12.922302442464256,77.51471267084315,Industrial Area,4,Theft,0.5211729287926927,1
13.003172380542466,77.51068692047821,Suburbs,1,Harassment,0.5846780427339431,1
12.953518535345594,77.68751006748147,Downtown,14,Stalking,0.44774623602730723,1
13.067096045148439,77.60597512510364,Residential Area,23,Theft,0.5714004221587212,1
12.90293867773099,77.62298060291339,Park/Isolation Zone,11,Harassment,0.5964136978231553,1
12.975818809734387,77.59648472031894,Industrial Area,9,Stalking,0.5143961942842008,1
12.967469109353818,77.51873149052149,Park/Isolation Zone,9,Harassment,0.5597332077884883,1
12.903865526183521,77.65361787568374,Suburbs,19,Stalking,0.4992194780817534,1
12.924873679800102,77.64944492901772,Park/Isolation Zone,10,Safe,0.3131505607575781,0
12.982728534983726,77.56234066429856,Downtown,9,Stalking,0.38611923466447,1
12.99857291688949,77.56124784904569,Industrial Area,6,Safe,0.3987683297343247,1
12.980857949450973,77.6675682761811,Industrial Area,13,Stalking,0.5111949929502968,1
13.006187535682418,77.51447145154826,Downtown,12,Stalking,0.5071649153139746,1
13.019026334981136,77.67622102967131,Park/Isolation Zone,4,Harassment,0.7121595121338745,2
12.901984764225567,77.55133233797919,Downtown,18,Stalking,0.712076927491091,2
12.9928190318907,77.6185969495511,Residential Area,9,Harassment,0.24833100449785556,0
13.092699848177517,77.68719883580036,Downtown,7,Stalking,0.4590078790773594,1
13.00380645602591,77.63562450030733,Park/Isolation Zone,17,Assault,0.6677596113878095,2
13.03550845349179,77.5828859624934,Downtown,0,Theft,0.6904757684119567,2
12.962372771583377,77.63790684178109,Suburbs,4,Harassment,0.4609781618583541,1
13.054798275630553,77.56879592726328,Downtown,10,Harassment,0.4715086369989321,1
13.054584296375223,77.55545168326984,Downtown,19,Safe,0.30588347125253545,0
13.004259209530828,77.69933665558693,Park/Isolation Zone,10,Assault,0.7597499144618753,2
13.095202764655843,77.65015804623596,Residential Area,15,Safe,0.12347747762138989,0
12.92511004295253,77.62894399547636,Residential Area,9,Assault,0.4941356530580419,1
12.903389532977917,77.57105792864387,Park/Isolation Zone,14,Assault,0.5805553463526846,1
13.054031642351418,77.50983216583101,Park/Isolation Zone,6,Stalking,0.7915948874301724,2
13.061431107472977,77.50621137520703,Park/Isolation Zone,14,Safe,0.3002467561113099,0
12.924041445824116,77.61083625108976,Suburbs,15,Theft,0.22746381384368602,0
12.95311656659172,77.6524065442078,Industrial Area,5,Assault,0.8717002914716157,2
12.903510472673327,77.60747583808877,Downtown,10,Assault,0.6328797626813412,1
12.958661722156114,77.66815701438783,Park/Isolation Zone,16,Harassment,0.5161655844128077,1
13.054628374783734,77.50668530661865,Park/Isolation Zone,14,Stalking,0.639809553075678,1
13.003592105542516,77.57335041528519,Park/Isolation Zone,15,Theft,0.518040256303604,1
12.969619118633657,77.54741407823484,Residential Area,23,Assault,0.729632030209786,2
12.974347858981266,77.58945459363143,Park/Isolation Zone,1,Harassment,0.873789404564481,2
12.900270725143095,77.51447527863883,Downtown,3,Safe,0.5310913352720795,1
12.959960105513048,77.69082632831422,Park/Isolation Zone,18,Assault,0.8693460040881398,2
13.029291748327585,77.54465108021387,Downtown,5,Harassment,0.618708714229113,1
13.09483888876327,77.68446155509672,Suburbs,17,Safe,0.12517168129853767,0
13.06941216539678,77.58517863100734,Industrial Area,20,Stalking,0.7962168093609697,2
12.904718992929107,77.69710482665104,Residential Area,10,Safe,0.14726290579602605,0
13.079712120934968,77.61081167669204,Downtown,8,Assault,0.6499989999745442,1
13.056639682659725,77.68616657283516,Suburbs,2,Theft,0.523654821241722,1
13.056075224714196,77.50106979773885,Industrial Area,1,Safe,0.5241307065678766,1
12.991599151800715,77.64964776123618,Industrial Area,17,Theft,0.4406154433741257,1
12.9796010585909,77.68061013062051,Industrial Area,14,Theft,0.42568097625371504,1
12.96058314576664,77.52794411339579,Downtown,21,Safe,0.4299805448432934,1
12.913138971790874,77.51922517034643,Suburbs,17,Stalking,0.34011712802820193,0
12.94564707269874,77.5849145214372,Park/Isolation Zone,18,Safe,0.5663112073439425,1
12.949320726995605,77.68673578122659,Suburbs,14,Harassment,0.21304136223110814,0
12.99681541394204,77.60847731203809,Suburbs,16,Theft,0.23603295747223477,0
13.04948888131934,77.60549129274435,Suburbs,17,Assault,0.46863961383891556,1
12.99476196567959,77.52822522365986,Downtown,17,Theft,0.3512224268194314,1
12.911568889889432,77.50015790221865,Downtown,10,Assault,0.6452529957230658,1
13.09155796019764,77.6620280181491,Downtown,17,Harassment,0.49361850096845744,1
13.088544863818822,77.51751491259725,Suburbs,22,Harassment,0.5784379518360452,1
13.057037908629681,77.62676996374707,Downtown,2,Harassment,0.8824445007595133,2
13.098265580312844,77.68292329090303,Industrial Area,12,Safe,0.24410960872357998,0
13.008896466560053,77.54173038263168,Downtown,13,Theft,0.33268078765586223,0
13.092553670050641,77.63305456724738,Residential Area,3,Assault,0.7262882983662643,2
12.91512100812335,77.5157397153415,Downtown,17,Harassment,0.4595145929006814,1
12.973136149652275,77.62075102876753,Downtown,4,Harassment,0.5193377421921118,1
12.945076253601353,77.53278634419064,Downtown,13,Assault,0.6309626960115939,1
12.939166616826855,77.64719071210304,Downtown,11,Theft,0.5230146758925436,1
12.928160589778535,77.56024625895878,Residential Area,6,Theft,0.33034944906583835,0
13.024482728313199,77.59267820176093,Park/Isolation Zone,11,Assault,0.7098208422375035,2
13.05626437114946,77.61988610840552,Downtown,7,Stalking,0.5478976278200096,1
13.015659679884072,77.53425468213325,Industrial Area,20,Theft,0.6382840957094014,1
12.929392541917641,77.64832756372353,Residential Area,20,Assault,0.7079202910139002,2
13.062224753986694,77.56052806812737,Park/Isolation Zone,2,Assault,0.97653121062467,2
13.027190941432746,77.63247437198255,Downtown,21,Harassment,0.6992992354882064,2
12.977633141225398,77.53165661013988,Park/Isolation Zone,0,Assault,0.9969868359708068,2
13.034826059107212,77.63762353184127,Industrial Area,2,Safe,0.5744890163064116,1
12.951980995848567,77.52563761456209,Residential Area,10,Harassment,0.39395676157157017,1
12.969038441698842,77.585071299254,Residential Area,17,Harassment,0.2816141735309395,0
13.083497168626398,77.54944121474777,Park/Isolation Zone,6,Theft,0.7035577586055834,2
12.958100901134284,77.64967504988564,Downtown,8,Stalking,0.4753664208215451,1
12.993997653631588,77.55240700090138,Suburbs,3,Theft,0.48629741858556647,1
13.078028227479203,77.67634346127909,Residential Area,22,Safe,0.3364374465365106,0
13.041544270053505,77.67836404228133,Suburbs,23,Harassment,0.635280542653584,1
12.912440645232941,77.53928826304455,Residential Area,9,Harassment,0.24680367976697457,0
12.929460608855795,77.62276918900154,Downtown,17,Assault,0.5894956396212753,1
12.901568318154384,77.51754352834399,Downtown,22,Stalking,0.7675221209863718,2
13.026184358045832,77.57830741992032,Residential Area,15,Stalking,0.3060599898405592,0
12.989534685082084,77.64266434590026,Park/Isolation Zone,11,Assault,0.6621567361248838,2
12.926854970180456,77.63188464936998,Downtown,18,Safe,0.410363350477195,1
13.091586824211353,77.62494013388132,Downtown,23,Stalking,0.6511039214928845,2
13.005931944789124,77.55650817273249,Industrial Area,21,Harassment,0.6922039126240451,2
12.948378658822579,77.57560498988688,Downtown,2,Safe,0.48525307877251156,1
13.000120714230942,77.52058922894005,Industrial Area,7,Theft,0.39162912820858853,1
13.035924066547022,77.64380456408672,Downtown,18,Theft,0.4777997321624992,1
12.915247843594713,77.60077775935825,Downtown,8,Safe,0.26345852305711237,0
12.954940763009578,77.64175312646913,Park/Isolation Zone,18,Harassment,0.77319503738112,2
13.061393098176799,77.54978870495937,Park/Isolation Zone,16,Theft,0.4932179334092421,1
12.991932974080532,77.56488764572701,Downtown,12,Harassment,0.47184426623177106,1
13.00931542840646,77.56684306745203,Residential Area,1,Assault,0.7769422281408838,2
12.986563200441894,77.50514848194945,Residential Area,3,Stalking,0.6870598504636127,2
12.908779988528602,77.56820957456613,Downtown,10,Safe,0.1998213392338055,0
12.933149955964032,77.66066091470361,Residential Area,1,Stalking,0.7296728359779973,2
12.989108327748378,77.67945969914994,Downtown,3,Assault,0.8833018937373064,2
12.941837093081586,77.60364366312719,Park/Isolation Zone,3,Theft,0.8140529920430568,2
12.909995805731937,77.59110033904385,Suburbs,19,Harassment,0.442501255187592,1
13.068729932810365,77.50616492373987,Industrial Area,0,Harassment,0.7777261197562125,2
13.096238505832822,77.67584086751708,Residential Area,10,Assault,0.49697841438473306,1
13.058628574799348,77.50260204268517,Residential Area,22,Safe,0.4317555386650577,1
13.070756984340933,77.68895001604204,Park/Isolation Zone,1,Stalking,0.7906913817921739,2
12.94839542606341,77.59784324973762,Residential Area,18,Theft,0.42095787284479597,1
13.09212539510264,77.56838689871495,Downtown,7,Safe,0.3548812308188243,1
12.939385140890685,77.68484368696853,Downtown,22,Assault,0.90928677893226,2
13.090285962072366,77.50487819862202,Suburbs,19,Assault,0.5744587309486826,1
13.09896385879319,77.61628497897382,Suburbs,3,Harassment,0.5808271989089455,1
13.042344561149209,77.60978650489987,Suburbs,15,Theft,0.22190374543736718,0
13.096228746358364,77.54386408024227,Downtown,14,Safe,0.19254880784633432,0
13.013907955913421,77.58577748627005,Suburbs,4,Harassment,0.44076606762867154,1
12.951908356635219,77.63045280118875,Suburbs,4,Theft,0.3905390003488094,1
12.987399177133124,77.64542623937639,Downtown,14,Stalking,0.530008149231257,1
13.018712187075757,77.50014337174132,Park/Isolation Zone,22,Stalking,0.8738755473413578,2
12.914616312405403,77.68737068601821,Residential Area,16,Harassment,0.40054628297215633,1
13.02446865292345,77.53290507447856,Industrial Area,2,Safe,0.5531647216349468,1
13.096235567352458,77.54671608684447,Downtown,17,Theft,0.4073630473843987,1
12.938021529956746,77.55269468913878,Downtown,10,Stalking,0.462621361176813,1
13.058519023257677,77.50756402731041,Industrial Area,5,Stalking,0.6730666462525617,2
13.081579758755923,77.52461042471806,Industrial Area,11,Safe,0.286027007978696,0
13.088740318564044,77.69726998458883,Suburbs,21,Harassment,0.46019066146614407,1
13.09202712088109,77.56304334747546,Industrial Area,16,Assault,0.690145110084151,2
13.004291927744294,77.52306021806781,Residential Area,13,Theft,0.22671768294713127,0
13.0954615815983,77.52139825223493,Residential Area,5,Stalking,0.42515873012095456,1
13.051462041426888,77.643891993534,Residential Area,9,Assault,0.5184818486147734,1
12.932334287247393,77.67091373280653,Residential Area,15,Safe,0.051142887227190605,0
12.995380021293593,77.5513904599017,Residential Area,17,Harassment,0.2876754745406912,0
13.0436662350744,77.50418190246705,Suburbs,19,Theft,0.40275721317935903,1
12.949468063163817,77.54461800368907,Downtown,5,Safe,0.3948900621688154,1
13.028123036709777,77.51130313815935,Industrial Area,18,Harassment,0.5794036513492954,1
13.033320095809323,77.52067898732601,Downtown,2,Safe,0.5931026117500218,1
12.932539948761713,77.58630162396953,Industrial Area,11,Stalking,0.4090871743918689,1
13.013017062490551,77.54598367417233,Suburbs,15,Stalking,0.39898950956197504,1
13.05432538219572,77.60318917570508,Suburbs,2,Assault,0.8078184455664594,2
12.999779132907188,77.55069875065143,Park/Isolation Zone,15,Safe,0.395160021023259,1
12.902420623355221,77.68810746022059,Park/Isolation Zone,3,Stalking,0.8847880614284598,2
12.901807693815858,77.68118879358525,Suburbs,19,Harassment,0.45647041843828634,1
12.971405868794003,77.6133612210021,Suburbs,12,Assault,0.4165363546930742,1
13.085238813686356,77.57088479839747,Industrial Area,3,Theft,0.753433501296263,2
12.945735355920721,77.57622937640694,Suburbs,3,Safe,0.43145783396042886,1
13.026872737774337,77.5823704566289,Downtown,6,Stalking,0.5952480222131243,1
12.944415174138664,77.645515864427,Industrial Area,20,Harassment,0.6432856134444908,1
12.96433399793191,77.59032779910378,Suburbs,11,Safe,0.0761400624029518,0
13.069608417920296,77.67134598930119,Industrial Area,1,Harassment,0.8586433660163579,2
13.045772288453989,77.68881895718607,Industrial Area,15,Assault,0.602947326905591,1
12.919079855462643,77.5671892306758,Residential Area,6,Stalking,0.5313078536049294,1
12.985740404197287,77.61213889627514,Park/Isolation Zone,18,Stalking,0.7473618257543133,2
12.905833952729052,77.51901130736651,Industrial Area,10,Assault,0.6437869281272856,1
12.996178029320602,77.54009380955327,Industrial Area,0,Harassment,0.8328039698153277,2
13.032486802340214,77.58269315334203,Residential Area,8,Safe,0.0808006205950844,0
12.92370052471963,77.54124054318035,Suburbs,4,Harassment,0.4551635194396318,1
12.957776987781834,77.67531209815775,Industrial Area,16,Safe,0.35555519496616644,1
12.979567325100431,77.53165725121183,Residential Area,0,Assault,0.7111514634018351,2
13.08390620493121,77.59113216431062,Downtown,16,Theft,0.4135487949903765,1
13.098651003084592,77.62113984809197,Residential Area,11,Safe,0.14406741676215,0
12.908982259799123,77.63837278163217,Park/Isolation Zone,12,Stalking,0.6233469026281562,1
13.052201584699079,77.5766138739453,Park/Isolation Zone,23,Stalking,0.9640591778247587,2
12.974344813280469,77.67381981374494,Suburbs,10,Stalking,0.3440078958362752,0
12.978491637245897,77.61366383021559,Suburbs,12,Harassment,0.33357153816130786,0
13.050852994669404,77.5879015560895,Park/Isolation Zone,12,Harassment,0.6051357245139651,1
13.083685286429082,77.5134481268104,Park/Isolation Zone,5,Harassment,0.6154206871902118,1
13.090185718900509,77.59293789368904,Industrial Area,21,Stalking,0.6796610331194989,2
13.015424517207665,77.66414716816315,Park/Isolation Zone,5,Safe,0.5189533948252223,1
12.9714242318601,77.62290820364427,Suburbs,19,Stalking,0.546029878708804,1
13.057509817171756,77.66643249074582,Park/Isolation Zone,20,Safe,0.5121770412606549,1
12.95020027665246,77.59880233411987,Suburbs,9,Harassment,0.36983216937795726,1
13.012814805766704,77.5236923410189,Downtown,18,Theft,0.5232914329326116,1
12.971715692304974,77.50272796916718,Park/Isolation Zone,2,Harassment,0.7882561261168399,2
13.031326214741576,77.56064390934372,Suburbs,6,Assault,0.639734352360372,1
12.948079782578702,77.63959809429956,Residential Area,4,Safe,0.2443500683804134,0
12.938318589146965,77.65805198078834,Industrial Area,7,Theft,0.40811067546108376,1
13.083647817335088,77.55915056692406,Suburbs,4,Harassment,0.5354208890540659,1
12.920360736589908,77.59913078417665,Park/Isolation Zone,11,Theft,0.537344153433312,1
13.001191581546987,77.58422378088682,Park/Isolation Zone,3,Stalking,0.9325574155652658,2
12.944170556592603,77.58210455687029,Downtown,18,Safe,0.47966382528371776,1
12.907785992665135,77.54626974264004,Residential Area,17,Assault,0.430645648332781,1
12.907203763658286,77.5272742210059,Suburbs,2,Stalking,0.7206724367808237,2
12.935044354421166,77.53933771164624,Residential Area,6,Theft,0.4209255423394429,1
13.0733540709012,77.51106647743266,Downtown,7,Harassment,0.4205176579051394,1
12.956495748795405,77.53962614836472,Industrial Area,14,Safe,0.2996503874748069,0
13.090091834115059,77.50184017952508,Residential Area,20,Assault,0.6093292237239663,1
13.016324458597838,77.6254516801272,Downtown,16,Harassment,0.5056358111511579,1
12.987322837953753,77.56327508147754,Suburbs,18,Assault,0.5324994350636731,1
13.01601776693389,77.69462894228539,Industrial Area,3,Safe,0.5125765666267746,1
13.003339677045254,77.53874341015526,Park/Isolation Zone,15,Theft,0.46062192018328585,1
13.051755250751464,77.56916571406192,Downtown,12,Assault,0.5966132183143467,1
12.95649921319457,77.5715682317283,Park/Isolation Zone,11,Safe,0.38572163872263965,1
12.97061007832006,77.5016902992125,Industrial Area,3,Assault,0.9271083174922118,2
13.078818860506649,77.66784159060789,Downtown,11,Harassment,0.47085723297985665,1
13.08929130263008,77.50639889202887,Downtown,16,Assault,0.6801568965913389,2
13.078511645497295,77.68803596694585,Industrial Area,8,Harassment,0.4150365459524687,1
12.983889598791462,77.67841487021873,Suburbs,11,Harassment,0.29319803436919606,0
13.056073100601376,77.60710438321719,Downtown,14,Safe,0.37097331184864585,1
12.99526714666022,77.60871911498226,Industrial Area,19,Stalking,0.6644640364756095,2
12.999507970429221,77.63075558459123,Residential Area,1,Assault,0.7091556803275141,2
12.940936021811456,77.57741000238698,Park/Isolation Zone,8,Theft,0.5260530878158801,1
13.018226060651703,77.62944445667958,Downtown,13,Harassment,0.42351190433745983,1
12.93722717955067,77.5089536777377,Residential Area,3,Stalking,0.7037892433676676,2
12.966312939813438,77.51080952546995,Downtown,3,Harassment,0.87375424528142,2
13.071006040323986,77.59144608392391,Suburbs,5,Stalking,0.5037366590269998,1
12.941415161842171,77.60992446022121,Industrial Area,23,Stalking,0.986885023412027,2
12.914231657034687,77.67756352806717,Downtown,4,Theft,0.5273531832899582,1
12.913801518522563,77.52093212678157,Industrial Area,23,Stalking,0.8416184617549228,2
13.088156904100622,77.66452958543879,Downtown,16,Theft,0.3520074761605479,1
13.001384087592367,77.54200946745841,Suburbs,12,Safe,0.07749383970816229,0
12.981882414363405,77.57881672970201,Suburbs,19,Harassment,0.43806486367491054,1
13.062175716201583,77.56332048696548,Residential Area,16,Theft,0.2706993413479566,0
13.067165185582104,77.58003105457308,Suburbs,18,Harassment,0.38769647179804617,1
12.96643820662312,77.53009909961452,Industrial Area,22,Assault,0.9241229159936601,2
13.03872361149476,77.60071401488071,Suburbs,0,Safe,0.37539044921902853,1
13.054224563170377,77.66032851796628,Downtown,20,Assault,0.7946772445486108,2
13.030930137373192,77.58830680207578,Suburbs,16,Assault,0.45583223011528196,1
12.93031901496002,77.59812271517964,Industrial Area,21,Stalking,0.7058412069695896,2
13.075176616703411,77.66975351705626,Downtown,2,Stalking,0.804162824048921,2
13.007818910547202,77.64121162292761,Residential Area,13,Assault,0.3627692395759753,1
12.956494485274002,77.59809088170395,Residential Area,11,Stalking,0.4303640593220145,1
12.98504563708754,77.55153912963783,Residential Area,14,Harassment,0.2537530793694664,0
12.907514218079783,77.67698534936899,Downtown,5,Stalking,0.6945037934760074,2
12.925573360244483,77.61540408033811,Residential Area,19,Assault,0.5887413943443772,1
13.053109350103172,77.54422952202214,Suburbs,21,Stalking,0.469427436637851,1
12.900002326951073,77.5538239505276,Downtown,1,Stalking,0.8521851757656855,2
12.983313165696458,77.66062661778726,Downtown,3,Theft,0.6403159837010447,1
13.004502036217117,77.50882911241749,Downtown,12,Theft,0.34454634637381765,0
12.910926884000196,77.69841843740576,Park/Isolation Zone,12,Assault,0.707873809078423,2
13.094615632594467,77.52607033594296,Industrial Area,22,Harassment,0.809362369080939,2
12.945225066249934,77.6592137050794,Park/Isolation Zone,21,Safe,0.5409750408718266,1
12.960839743927256,77.57895506335434,Park/Isolation Zone,22,Safe,0.6858279406690556,2
12.960788502451006,77.59844323665749,Park/Isolation Zone,16,Assault,0.6965322400447922,2
12.94608333242347,77.67613011549292,Industrial Area,5,Harassment,0.6552233254915156,2
12.900294764417263,77.58258223791785,Park/Isolation Zone,10,Harassment,0.5427366201259187,1
13.0458689588176,77.60749875073465,Residential Area,18,Harassment,0.52089210970661,1
13.093369099959856,77.50985993248183,Downtown,15,Theft,0.350897384482982,1
12.94485869665701,77.5004694947735,Downtown,7,Assault,0.6015822900926784,1
13.032609438360684,77.54895997460035,Suburbs,0,Safe,0.4384762310199335,1
13.048379265391743,77.63611661858376,Residential Area,9,Harassment,0.35549850161421764,1
13.069685075818105,77.52425297867183,Industrial Area,1,Assault,0.9166133632609808,2
12.984525839402721,77.5227523917609,Downtown,18,Safe,0.3514736974544648,1
12.960586181128086,77.58219212160718,Park/Isolation Zone,13,Theft,0.43792782407684544,1
12.965059026804607,77.62956740772165,Suburbs,2,Stalking,0.6328522477037564,1
13.042524266619703,77.64241439844959,Suburbs,22,Safe,0.4127090262089138,1
13.063355893301127,77.53569013481967,Downtown,23,Safe,0.5263909771958069,1
12.936322793551321,77.51591762947442,Residential Area,8,Safe,0.13496009167744213,0
12.974188201631554,77.68807940678911,Suburbs,22,Stalking,0.6467221449642025,1
13.08038803934983,77.55213327651242,Downtown,7,Harassment,0.48047514061194835,1
13.061338703938947,77.67066929952175,Residential Area,10,Stalking,0.3573589124243288,1
13.096971680552494,77.67269829009257,Downtown,14,Safe,0.16573716111591053,0
13.050849651936415,77.65450451835251,Downtown,5,Theft,0.49250765213822356,1
12.978639040205584,77.53376672133051,Residential Area,1,Safe,0.45785565742102763,1
13.018127566798928,77.66436029185084,Residential Area,0,Theft,0.5031527142343727,1
13.032202850849464,77.65385011184831,Residential Area,2,Assault,0.7925971010775079,2
12.915691163263425,77.61934459802124,Downtown,22,Theft,0.7063122062461236,2
13.008899391820773,77.56744040703379,Suburbs,17,Safe,0.050772581936920136,0
13.041864165694522,77.55250172085331,Industrial Area,13,Stalking,0.5874822511665949,1
12.933464260800212,77.52437784241607,Industrial Area,16,Safe,0.27611628272763444,0
13.056126343485111,77.60195141338018,Downtown,1,Safe,0.5575781111257215,1
13.016754556102823,77.61705217510197,Downtown,18,Assault,0.7395072774844654,2
13.090444357139518,77.57186779810316,Suburbs,21,Harassment,0.3147901676561954,0
12.908484459641379,77.59507181353618,Residential Area,8,Safe,0.1336876774223078,0
12.953065227511093,77.57270289147385,Downtown,7,Assault,0.6383590700899432,1
13.020310775859965,77.62820121146414,Park/Isolation Zone,9,Stalking,0.5752965079002038,1
12.959311982441186,77.68025184155931,Residential Area,8,Assault,0.48211800828486284,1
13.042884832814249,77.53278405240938,Downtown,7,Assault,0.556412350715903,1
13.051801056504386,77.57628176198062,Park/Isolation Zone,6,Theft,0.607431936332935,1
12.920503192813294,77.52817372079018,Suburbs,21,Harassment,0.4619805862323136,1
13.002770892841353,77.62498875408157,Park/Isolation Zone,23,Harassment,0.8151928274868868,2
13.001778111118211,77.64577410189771,Downtown,5,Stalking,0.6435410807765117,1
12.973856154043109,77.6863825465195,Industrial Area,1,Assault,0.9030493550087476,2
13.086584972513934,77.55577438525219,Downtown,8,Stalking,0.4357709959530419,1
13.065501263974644,77.69004224117309,Industrial Area,8,Stalking,0.5603855181367788,1
13.039441876381927,77.51265253436414,Suburbs,18,Harassment,0.4608522425393178,1
13.042865327147,77.62060277267292,Suburbs,8,Harassment,0.30096027095766825,0
12.992343228762623,77.51142654386867,Residential Area,1,Harassment,0.5854690972317537,1
13.084198904219315,77.67875483755239,Residential Area,18,Safe,0.2148204044129604,0
13.038919085450656,77.60596181141402,Industrial Area,15,Assault,0.5959408240054569,1
13.045796212331163,77.63386967015256,Industrial Area,21,Stalking,0.643980082662481,1
13.07233818075747,77.6663147851821,Suburbs,13,Assault,0.41980620797569307,1
12.954814317868438,77.5300621244968,Park/Isolation Zone,19,Stalking,0.8010641196655593,2
13.06141418077334,77.50771831238762,Industrial Area,23,Stalking,0.8615500804185804,2
12.939048120591298,77.67577622918257,Industrial Area,0,Stalking,0.8680125228205952,2
12.969068390448978,77.56298664549179,Park/Isolation Zone,12,Stalking,0.5372145020102134,1
12.96712209085397,77.52579578158543,Residential Area,21,Theft,0.4092857527248749,1
13.095705093677827,77.59369224741742,Residential Area,1,Theft,0.5668533670376291,1
13.071307444749586,77.6196612151392,Industrial Area,21,Safe,0.5292932033205224,1
13.040233972318052,77.5061941206845,Residential Area,13,Harassment,0.2990608878286945,0
13.045411352323077,77.55497913165142,Residential Area,0,Stalking,0.6303105619901231,1
13.012414558880515,77.50655997485538,Residential Area,14,Assault,0.4116802610646717,1
13.089418133421704,77.5840670778391,Suburbs,17,Theft,0.2529872190497541,0
12.999251750576473,77.67902000581326,Downtown,8,Harassment,0.44025500697768494,1
12.976103541973979,77.69653048229871,Industrial Area,21,Safe,0.5061226786725883,1
12.932607067386318,77.62740951070073,Industrial Area,7,Harassment,0.545099861617606,1
13.057241130452212,77.53232753875692,Suburbs,6,Stalking,0.4502461450700558,1
13.046888786415119,77.68116987799986,Downtown,8,Harassment,0.4488903986444876,1
12.976871007704828,77.60324956464001,Downtown,8,Stalking,0.6223739998355027,1
12.905038682791846,77.53074986242058,Suburbs,10,Theft,0.17671009440636826,0
13.067799465543603,77.68434533389033,Park/Isolation Zone,3,Theft,0.7906617923026276,2
12.902283596690815,77.65149381014463,Park/Isolation Zone,6,Stalking,0.7876249532929329,2
13.04073995592581,77.64634105454464,Downtown,20,Assault,0.7381201077198707,2
13.094051421945212,77.64183614075888,Park/Isolation Zone,6,Theft,0.6338990417541408,1
12.98753226562964,77.54006796421929,Park/Isolation Zone,3,Assault,0.9765198554365286,2
12.946994680999191,77.5422013383415,Park/Isolation Zone,11,Stalking,0.5468061873742422,1
13.040974202008677,77.63765859968545,Downtown,16,Stalking,0.4915474584287147,1
13.063425628403117,77.54394455002208,Park/Isolation Zone,19,Theft,0.7013012201724497,2
13.00928606321557,77.58773433936061,Industrial Area,2,Assault,0.886408447348208,2
13.093407055051228,77.65640036511878,Downtown,8,Stalking,0.5133348839941957,1
12.910333744331593,77.65679050361958,Suburbs,4,Theft,0.4539498278351169,1
13.000959119660905,77.59065235450517,Park/Isolation Zone,19,Stalking,0.7489673303464451,2
13.04369078946451,77.65843798765505,Residential Area,15,Harassment,0.2789385061389807,0
13.072528094229835,77.66772435923961,Downtown,7,Harassment,0.48371675605384307,1
12.935851122381559,77.63095515025685,Suburbs,20,Theft,0.35498604093845953,1
13.060000696352736,77.54568517046168,Industrial Area,15,Stalking,0.5710949769457052,1
13.01054141514371,77.5548023560771,Suburbs,18,Theft,0.39167314174310613,1
12.979310736397993,77.56296823108175,Park/Isolation Zone,15,Safe,0.3531321201602871,1
12.926343005715818,77.52336082154679,Residential Area,17,Theft,0.33382663611335706,0
13.073059151781782,77.55463192407399,Park/Isolation Zone,14,Theft,0.557809352211512,1
12.931454641635943,77.5419038448625,Suburbs,23,Harassment,0.6740767498564197,2
12.96195757184182,77.59106574996173,Downtown,17,Harassment,0.40910216287250645,1
12.958009106392488,77.68168750957446,Residential Area,13,Stalking,0.29891279104397356,0
13.07428280683817,77.52089606335079,Residential Area,23,Theft,0.5733371450422838,1
13.03454059884178,77.64405358478948,Suburbs,15,Theft,0.26620116242058073,0
13.059336279438273,77.63745660088263,Park/Isolation Zone,4,Stalking,0.6511770090925586,2
12.9500935797585,77.51915083973267,Suburbs,7,Assault,0.46688161329953837,1
13.0249748199214,77.68451448098116,Residential Area,15,Stalking,0.4523656231494931,1
13.01434919662875,77.61369444043136,Suburbs,20,Harassment,0.54485266716349,1
13.066566075357654,77.57274510422714,Residential Area,0,Harassment,0.5650151096842569,1
13.081217412096251,77.65130771669907,Park/Isolation Zone,10,Theft,0.5355514860445333,1
12.902431354295478,77.55147309168032,Downtown,10,Harassment,0.4055485144538731,1
13.03480398381176,77.63870196740926,Downtown,1,Stalking,0.7952050461420799,2
12.910367159823947,77.50794224151446,Suburbs,21,Theft,0.3589883763002899,1
13.009771733015471,77.66788160752186,Residential Area,18,Stalking,0.4415492125721049,1
12.957526545808737,77.58963416940426,Downtown,23,Stalking,0.8441645735364126,2
12.961355319904428,77.62733858287159,Residential Area,4,Theft,0.4143246973405503,1
12.970591700690472,77.54424756396133,Park/Isolation Zone,2,Assault,1.0,2
13.024258489809922,77.6354147425317,Suburbs,22,Harassment,0.6316517145152793,1
12.966809993133754,77.65444805517866,Residential Area,7,Safe,0.10986256470402074,0
13.046539810118055,77.59464263737688,Suburbs,3,Safe,0.3481187307365351,0
12.980905477114774,77.62354538481236,Residential Area,12,Safe,0.11051956132070424,0
12.913670640061993,77.59126518476448,Residential Area,21,Harassment,0.43910656309199403,1
13.05675196849682,77.67881827385158,Park/Isolation Zone,13,Assault,0.6904298459328693,2
12.957151664918541,77.59957383610286,Suburbs,0,Stalking,0.6028177655414657,1
12.986553375919852,77.66836174180577,Industrial Area,4,Theft,0.5246897407395228,1
13.03708877664438,77.66027041165405,Residential Area,20,Assault,0.5716382313533565,1
12.966491231429742,77.58210096426967,Residential Area,6,Safe,0.2772679758220898,0
12.911317131229344,77.54601689837149,Downtown,22,Harassment,0.7465298352853781,2
12.974784209402562,77.58121642651196,Suburbs,5,Harassment,0.5391585692105181,1
13.08888971653886,77.66524347515505,Industrial Area,14,Theft,0.446723803493397,1
13.028346879459711,77.54552650716388,Park/Isolation Zone,14,Stalking,0.6097456186333791,1
13.034295829733441,77.60488726917156,Industrial Area,7,Assault,0.650831033720303,2
13.026456430727528,77.66121934959216,Park/Isolation Zone,1,Assault,0.9468676469751965,2
12.939798427791887,77.57069549502567,Industrial Area,13,Assault,0.6489269537796496,1
12.983666772820456,77.62844192740054,Industrial Area,15,Stalking,0.4965828501721806,1
13.050187959672664,77.54912631480977,Suburbs,22,Stalking,0.6465755894441512,1
12.920274579510632,77.52185588907363,Downtown,9,Stalking,0.4120032311607271,1
12.955570555217943,77.65887684501857,Industrial Area,14,Theft,0.44652685248473817,1
12.95526382169317,77.51979372468175,Residential Area,22,Harassment,0.6074023934605056,1
12.9864037855189,77.55427627901592,Residential Area,3,Safe,0.41100595977497145,1
13.096073748188436,77.6710218843995,Residential Area,11,Stalking,0.278272976550979,0
12.913500509336764,77.56929385741573,Downtown,9,Harassment,0.47403592647134957,1
13.00374019887612,77.69460906990284,Industrial Area,1,Stalking,0.8829509059199849,2
12.935872936402442,77.69594686695477,Park/Isolation Zone,3,Safe,0.6020916504499718,1
13.094135309081949,77.55365520409072,Park/Isolation Zone,19,Stalking,0.799268208762931,2
12.922660700945492,77.50819564444998,Suburbs,5,Harassment,0.4594346944105444,1
12.980720200472318,77.64101265684108,Downtown,13,Theft,0.39698914070568864,1
13.04757699696692,77.59019730052967,Industrial Area,22,Safe,0.6283931113012018,1
13.04091088560549,77.52015056879192,Residential Area,2,Harassment,0.6810728796427014,2
12.984545727378787,77.6415045637956,Downtown,14,Assault,0.5929605555572911,1
12.969304833590543,77.50623498182239,Downtown,0,Assault,0.8753001071421788,2
12.979522475710574,77.67403933809845,Industrial Area,18,Assault,0.904032030623314,2
12.952855252631728,77.52773050582266,Suburbs,0,Theft,0.5413544105750994,1
12.94106658774136,77.52546237574934,Suburbs,12,Stalking,0.36833266013660443,1
12.996607939511778,77.53513445959372,Suburbs,7,Stalking,0.341332933737635,0
12.953706751213522,77.69205327169841,Residential Area,17,Stalking,0.26964712569291477,0
12.95749233297945,77.63863387205078,Residential Area,21,Theft,0.38462381067888934,1
13.031351212694911,77.66027430709273,Industrial Area,2,Assault,1.0,2
13.093707466339978,77.57952699714656,Suburbs,22,Stalking,0.6095092180697654,1
13.020727440111875,77.567262545501,Industrial Area,17,Theft,0.515914805772376,1
12.915395893412994,77.54689680135664,Suburbs,19,Theft,0.4381821715330759,1
12.915116722770813,77.59612960566248,Downtown,8,Harassment,0.39978631702038137,1
13.090284644169113,77.61036574670683,Park/Isolation Zone,5,Stalking,0.6897793903730647,2
12.959458158061468,77.62635496873055,Park/Isolation Zone,19,Assault,0.7883902609667384,2
12.918413397216495,77.55142370079975,Suburbs,1,Safe,0.37956658570398666,1
13.019808917430076,77.6897308161806,Industrial Area,3,Theft,0.6955200574826187,2
13.024729755658052,77.53395169964143,Residential Area,17,Harassment,0.3609907189548476,1
13.029700964023737,77.69313063495329,Suburbs,6,Safe,0.1908221492721474,0
12.953480405571508,77.50297122450151,Suburbs,10,Theft,0.2054145491922701,0
12.903022136842896,77.59622513836337,Residential Area,4,Harassment,0.5259424402037194,1
13.093003073890895,77.56667356762331,Suburbs,7,Stalking,0.33682835773341946,0
12.95017860913822,77.58982468278604,Downtown,10,Harassment,0.47107342106823963,1
13.03520525761051,77.61413291579616,Residential Area,23,Theft,0.5732257490942363,1
13.041325973975741,77.58711783160254,Downtown,19,Stalking,0.5772783071717069,1
13.022001483415897,77.58296937006033,Park/Isolation Zone,19,Assault,0.890138922365301,2
12.96258147884273,77.64654468308267,Residential Area,14,Harassment,0.33066405110881647,0
12.954219250752812,77.6371752550173,Residential Area,23,Safe,0.4326254866698703,1
13.01953365654054,77.66665425640717,Industrial Area,2,Stalking,0.8160661906659515,2
13.073219126722337,77.5499917962479,Industrial Area,6,Stalking,0.7143475516192201,2
13.08934674578468,77.62190570195081,Residential Area,23,Assault,0.741353043389734,2
12.921181160880751,77.61703895707858,Park/Isolation Zone,7,Harassment,0.5546568831372264,1
12.930965722519543,77.57394756217454,Suburbs,10,Safe,0.0611390461466023,0
13.088947251756615,77.59721150838054,Industrial Area,9,Assault,0.6404877753300815,1
13.047307045666958,77.56275642866115,Park/Isolation Zone,19,Harassment,0.7488450866212221,2
13.076598764965954,77.5283688795234,Park/Isolation Zone,8,Safe,0.2537014108570325,0
12.94052652682707,77.54276024213254,Industrial Area,14,Safe,0.2817022107390352,0
13.017517174221881,77.52110272928024,Suburbs,19,Theft,0.4319379482902672,1
13.040227918883495,77.63661391503803,Industrial Area,23,Safe,0.5456070789233967,1
13.036022377089395,77.63214547862184,Park/Isolation Zone,21,Harassment,0.7200176589623006,2
12.98163033817334,77.69012127431597,Downtown,4,Assault,0.7734517732835985,2
12.903078978338263,77.64593568272944,Industrial Area,14,Assault,0.642342308711066,1
13.016585211360853,77.51040916775122,Park/Isolation Zone,3,Theft,0.8150623893371316,2
12.950620307835923,77.67684903478579,Industrial Area,4,Harassment,0.7314321942336571,2
12.990050849228577,77.67253503258915,Park/Isolation Zone,14,Safe,0.3163819296993906,0
13.091516203016763,77.58866406415454,Suburbs,16,Theft,0.18060817231388798,0
12.979807063528487,77.61717261010558,Park/Isolation Zone,22,Stalking,0.8787760033671094,2
13.067960321332885,77.6952156664945,Residential Area,7,Harassment,0.25027502932371004,0
12.93770812114985,77.60646087276963,Downtown,18,Theft,0.5692512186922895,1
13.034492099605005,77.68106436567523,Park/Isolation Zone,8,Assault,0.6772245726880497,2
13.095401390887789,77.51660775156203,Industrial Area,9,Theft,0.48065559761398535,1
12.920378620174588,77.53821037374173,Industrial Area,4,Stalking,0.7145592224235822,2
12.901663988445438,77.58815098868827,Park/Isolation Zone,9,Harassment,0.5157396219154129,1
12.986716558526522,77.61695136166746,Residential Area,21,Theft,0.3538702443189802,1
12.918525096610274,77.66324557037257,Park/Isolation Zone,0,Safe,0.5803472193902596,1
13.049676869935245,77.69765242302864,Suburbs,21,Harassment,0.5025699822127492,1
13.082909732769712,77.57777029929483,Residential Area,23,Theft,0.5762226238000691,1
12.986804194541751,77.50948312722802,Park/Isolation Zone,3,Theft,0.7794597965491227,2
12.951742328431088,77.66023430065907,Downtown,20,Harassment,0.6303128170283925,1
12.986880663801323,77.62087614381656,Residential Area,4,Assault,0.5447817610321112,1
13.04468956357,77.53970857177364,Park/Isolation Zone,22,Safe,0.6062571225278074,1
12.901810832316075,77.59896569132428,Downtown,6,Harassment,0.5512621360247038,1
13.01789079789694,77.64846204910674,Park/Isolation Zone,22,Safe,0.6638301935337959,2
13.022658336977475,77.65408235741373,Suburbs,4,Safe,0.21976793423422375,0
13.027537649379187,77.59992368239975,Industrial Area,19,Harassment,0.5772964624696463,1
12.948404415996176,77.56104290602578,Park/Isolation Zone,7,Theft,0.5045663033413915,1
13.042810544675625,77.6947485164077,Residential Area,16,Assault,0.47865129428892933,1
12.918278297266356,77.6326725221913,Park/Isolation Zone,0,Safe,0.643202786643475,1
12.93985406729336,77.58164750386926,Park/Isolation Zone,21,Safe,0.5569874487057607,1
13.075494009330896,77.55609264484093,Park/Isolation Zone,17,Theft,0.5401396312262926,1
13.047744630145313,77.64622059660071,Park/Isolation Zone,11,Harassment,0.6059339256597155,1
12.902749110802269,77.54843668911876,Residential Area,2,Assault,0.789188878047092,2
12.94967525207396,77.53434199779474,Residential Area,19,Safe,0.2617932580505624,0
12.942881296598634,77.60596677779242,Park/Isolation Zone,13,Safe,0.2878072648448754,0
12.954161265607395,77.55799747852883,Industrial Area,15,Harassment,0.48269345226391425,1
12.949511954055977,77.62578102898472,Park/Isolation Zone,17,Theft,0.47437923562701567,1
12.912505259148569,77.52358773497485,Residential Area,9,Stalking,0.3055750766313282,0
12.991788103319363,77.63098822091347,Suburbs,22,Theft,0.5212594960754073,1
13.046546694957232,77.55665930559954,Park/Isolation Zone,14,Safe,0.2767775862515389,0
13.021346344943487,77.5000485868869,Park/Isolation Zone,9,Safe,0.39419715604643635,1
13.034574333719616,77.52538721153483,Park/Isolation Zone,0,Assault,0.9470543590994359,2
12.916229835707249,77.68672307556702,Park/Isolation Zone,18,Theft,0.6906638469773856,2
13.090298142035357,77.67347092782308,Downtown,1,Stalking,0.8663370877165838,2
13.067698366768605,77.54672180640725,Park/Isolation Zone,12,Assault,0.6616923418786002,2
13.061018063699132,77.6556743809091,Residential Area,15,Stalking,0.32227479670762776,0
13.064596761008353,77.6217143186348,Residential Area,7,Assault,0.4749272015830064,1
13.086542101626552,77.69418094228998,Downtown,2,Theft,0.6781755737342737,2
13.00885079322274,77.57472113190681,Park/Isolation Zone,20,Safe,0.4600099621282243,1
12.940056403573525,77.63629212250343,Industrial Area,18,Stalking,0.7220478889761487,2
13.023356721570508,77.51270714448478,Park/Isolation Zone,13,Theft,0.4629687947955596,1
13.048576298733588,77.57924946936328,Residential Area,10,Stalking,0.4568873671401584,1
13.047583478670806,77.69276353223763,Suburbs,11,Theft,0.27808560334052185,0
13.004289804833377,77.60779617489003,Suburbs,10,Assault,0.48346538647281667,1
12.913691743866716,77.55757590066698,Industrial Area,10,Theft,0.44551054847223903,1
12.974222587686025,77.52405419262573,Park/Isolation Zone,21,Assault,0.9431490544655464,2
13.084153321692671,77.6407056680363,Downtown,20,Safe,0.36286830617716537,1
13.016889781951486,77.62897120868595,Park/Isolation Zone,17,Assault,0.7380332122723416,2
13.007666388651142,77.57478774272076,Industrial Area,9,Harassment,0.43309005819725727,1
12.953770702876438,77.69018827037317,Industrial Area,15,Safe,0.41468095926232135,1
12.973689783983316,77.50444056259757,Industrial Area,7,Theft,0.49099505806577354,1
13.079069217830634,77.56074477032637,Suburbs,5,Theft,0.3530062988129523,1
13.033292609505366,77.68421389725992,Park/Isolation Zone,18,Harassment,0.7262856998739043,2
13.057477405350467,77.56418708766388,Park/Isolation Zone,12,Theft,0.5531373785876231,1
12.99086908461353,77.55045056677103,Downtown,14,Safe,0.2052983754394861,0
13.026049443891232,77.60684408198625,Industrial Area,12,Safe,0.27698407816041626,0
12.949676721748641,77.6647603499841,Industrial Area,0,Assault,0.900324809018829,2
13.041092166056696,77.52062935217567,Residential Area,20,Stalking,0.5239419609004095,1
12.985520266740668,77.68860414192915,Residential Area,1,Theft,0.5591073171265833,1
12.988509102962949,77.65901457623623,Suburbs,12,Harassment,0.301570544902553,0
13.029864464915375,77.53625005111031,Park/Isolation Zone,1,Safe,0.6097235561113712,1
13.087256124293784,77.64240159223964,Downtown,10,Safe,0.239654499337543,0
12.912801269321724,77.57699174452752,Downtown,12,Safe,0.21421387931767327,0
13.064948647469402,77.58045893561527,Industrial Area,9,Stalking,0.5742348341786009,1
12.958476622082438,77.65665801848778,Downtown,22,Stalking,0.7473565492071098,2
12.988783890901276,77.69255696159615,Industrial Area,21,Theft,0.5600528128213351,1
12.904382665755001,77.52533117456944,Park/Isolation Zone,14,Harassment,0.590765518604935,1
12.960209215566863,77.58412604737576,Downtown,0,Stalking,0.7780054463326752,2
13.000526248526025,77.59618832161686,Industrial Area,13,Assault,0.7380455868351349,2
12.911235215469489,77.575262363391,Park/Isolation Zone,9,Stalking,0.609803383755181,1
12.998219145876632,77.57263782474324,Park/Isolation Zone,17,Safe,0.2593377466888411,0
13.085422125771686,77.51045373351232,Industrial Area,10,Harassment,0.43378434498108676,1
12.921078643621561,77.63710772411252,Industrial Area,6,Theft,0.5704854295809858,1
13.0528881456151,77.58724288342401,Suburbs,14,Stalking,0.38713468720246963,1
12.981934210675199,77.53895876052879,Park/Isolation Zone,2,Safe,0.6820574017201644,2
13.031034742904868,77.66320670046042,Industrial Area,1,Assault,0.9258178915783091,2
12.952047319597046,77.66051214963032,Park/Isolation Zone,21,Assault,0.911618491886995,2
12.931898452508271,77.59727832561778,Downtown,7,Theft,0.4164365603521857,1
12.932092522854246,77.55969013222955,Residential Area,7,Theft,0.23404337385930385,0
12.914098389128629,77.6276185451593,Residential Area,10,Stalking,0.40865507272731016,1
12.937129340980249,77.55763042715549,Industrial Area,15,Theft,0.40962966567486914,1
13.032843876997793,77.54720158606474,Industrial Area,1,Safe,0.6277559423365305,1
13.076338122368702,77.64610293080527,Park/Isolation Zone,21,Safe,0.5328586887901844,1
13.062825137118232,77.50806504794419,Industrial Area,4,Safe,0.4809217753100032,1
13.037026861974896,77.51895369420691,Park/Isolation Zone,6,Stalking,0.7422208606369242,2
12.922086372682221,77.50135763480472,Industrial Area,19,Stalking,0.7435473652007697,2
12.957837489259191,77.53058863729508,Park/Isolation Zone,12,Theft,0.5920791206915589,1
12.961961375064494,77.51379800174209,Industrial Area,1,Stalking,0.8422353131633693,2
12.949991389279525,77.69916047355599,Suburbs,2,Safe,0.40337534318045276,1
13.003001131941945,77.55776199399082,Park/Isolation Zone,8,Harassment,0.5962560210183199,1
13.007110762975934,77.52985360253385,Suburbs,9,Safe,0.08671533620864902,0
12.971377195034222,77.54819925159919,Suburbs,23,Harassment,0.5853498887938502,1
12.970757831747287,77.68722511430803,Suburbs,12,Theft,0.19199465379346553,0
13.065711119581216,77.60403204460488,Suburbs,20,Assault,0.5137926105010983,1
13.057858569663937,77.57296361926157,Downtown,12,Stalking,0.4432590969875266,1
12.96155916633615,77.67467829158184,Residential Area,4,Stalking,0.5431365574799343,1
13.082757688774652,77.5789980541098,Downtown,22,Safe,0.4986144221982127,1
13.0905630034005,77.56700171399154,Industrial Area,6,Safe,0.47432382541744744,1
12.965348508406008,77.54145650450995,Industrial Area,16,Harassment,0.574266724185578,1
12.970884989758611,77.57555936478188,Residential Area,14,Stalking,0.3579326215470201,1
13.001126830684392,77.56333687120339,Residential Area,4,Theft,0.35588063105310175,1
13.088224162506734,77.63546079185963,Residential Area,23,Safe,0.3933854007726919,1
13.075263886628463,77.55791654093414,Suburbs,6,Stalking,0.5189913164019622,1
12.920513592516718,77.61543994928451,Downtown,1,Assault,0.9192487120813193,2
12.978546148654283,77.51317843300639,Industrial Area,23,Harassment,0.8058529164078843,2
13.010674237949955,77.53825783133931,Downtown,17,Safe,0.28158354348174275,0
13.000626494510309,77.58148105432227,Downtown,9,Safe,0.2999798336460013,0
12.938772613587378,77.68738985078174,Downtown,0,Theft,0.6760088173384106,2
13.071763354233632,77.57545039714314,Residential Area,13,Safe,0.1702368904630759,0
13.035388156599367,77.63281482423997,Residential Area,18,Stalking,0.5164806432221971,1
13.067581674970361,77.55101744448427,Industrial Area,15,Stalking,0.43873266619934476,1
13.071752855869894,77.52540671519465,Industrial Area,18,Stalking,0.6906072515686822,2
13.049671170733149,77.51170732001601,Industrial Area,5,Assault,0.7913227929073549,2
12.987842120249944,77.56108269970855,Downtown,11,Assault,0.654007098505385,2
13.022109351003085,77.53153220535938,Residential Area,2,Safe,0.3709368079121357,1
12.93207308122395,77.53480208960323,Suburbs,6,Assault,0.607458117592914,1
13.034729083494982,77.6521518616774,Downtown,23,Assault,0.8290436688616397,2
12.935850651147856,77.50316761418898,Park/Isolation Zone,2,Theft,0.7584887669935965,2
13.038789918102031,77.6115620251471,Downtown,16,Assault,0.6398489996275036,1
12.945919632150794,77.5758922761187,Residential Area,14,Harassment,0.2389324736454169,0
12.923510260030044,77.60130999998171,Park/Isolation Zone,18,Harassment,0.7482976253184614,2
12.933056898028592,77.61256604744293,Downtown,18,Harassment,0.6569980572974501,2
12.900398427043815,77.56267353889146,Residential Area,22,Safe,0.4620685149112205,1
13.043747923570706,77.55902177203686,Residential Area,10,Stalking,0.4272660232201217,1
13.046480209811676,77.64668036986698,Suburbs,20,Theft,0.43875913937554545,1
13.002986669982652,77.67425539762424,Downtown,19,Safe,0.42127284182756974,1
12.932272560211077,77.5385163264917,Residential Area,1,Stalking,0.6809815981470443,2
12.916710867502138,77.51952375210703,Industrial Area,6,Theft,0.6035642784763255,1
12.903825793287458,77.6795591612784,Residential Area,18,Theft,0.38132019756159924,1
12.933149635393045,77.56997909272948,Suburbs,6,Theft,0.4385053889523728,1
13.07817110699663,77.61026347813257,Residential Area,9,Harassment,0.32245340343935597,0
12.948307368340336,77.571908628904,Downtown,11,Harassment,0.4940154013111987,1
12.970854265443442,77.52516046726922,Downtown,22,Harassment,0.7395700942962448,2
12.921069096896266,77.61786632898955,Park/Isolation Zone,17,Theft,0.4939714418503054,1
12.944472260949635,77.60502817035393,Downtown,22,Theft,0.7105746017315959,2
13.00384491415604,77.54059871183824,Park/Isolation Zone,5,Harassment,0.6936676242365332,2
13.02155053661913,77.59037380893045,Industrial Area,19,Theft,0.742091178045859,2
12.949070462833243,77.65938950080313,Suburbs,20,Harassment,0.5467226307685614,1
12.911546431845023,77.61808522062158,Industrial Area,7,Harassment,0.5002146686577239,1
12.97820657382548,77.5193834654134,Park/Isolation Zone,4,Harassment,0.6934560418192751,2
12.946840674185268,77.60960429944583,Residential Area,2,Stalking,0.6723014304831417,2
12.943910784645961,77.64054765985792,Residential Area,1,Theft,0.5285281370316925,1
13.091972560542692,77.65854068115615,Industrial Area,21,Safe,0.42768593206212774,1
13.023260097185144,77.62582351572685,Residential Area,5,Harassment,0.4521451963364099,1
13.01137568863442,77.53053163290815,Park/Isolation Zone,6,Safe,0.4814308821188465,1
12.983155020704665,77.64203465331803,Suburbs,7,Stalking,0.35918838396636527,1
12.985788866686029,77.63546836921631,Downtown,3,Theft,0.7185045580214048,2
13.008181000767616,77.50488537658812,Park/Isolation Zone,11,Harassment,0.3908859375732411,1
13.039285961407222,77.58234953351806,Park/Isolation Zone,23,Harassment,0.7536803715071059,2
13.040429219236366,77.56659004939247,Downtown,11,Harassment,0.407614707250154,1
12.93433878154109,77.63388241285072,Downtown,16,Safe,0.2639834400847739,0
13.000022550415325,77.54322716246219,Suburbs,21,Stalking,0.4614648169200996,1
12.98239161900682,77.61817438459485,Suburbs,21,Theft,0.5155050439507494,1
13.074105393253877,77.68264119236284,Suburbs,18,Stalking,0.5447313474210972,1
13.026283784243676,77.65956047444172,Residential Area,8,Harassment,0.397914042659918,1
13.006500813283196,77.6842915472433,Park/Isolation Zone,11,Stalking,0.6450087373296747,1
12.923078928435784,77.69570119338654,Downtown,20,Safe,0.3208084086610081,0
13.021127577864682,77.50213402540123,Park/Isolation Zone,16,Assault,0.6417209556230049,1
12.923440781136048,77.6245482552755,Park/Isolation Zone,22,Assault,0.9744299409214079,2
12.96744131511315,77.58256787955179,Suburbs,9,Theft,0.19020031203748433,0
12.928568392962866,77.67197089806703,Suburbs,18,Theft,0.45406157971213856,1
13.038414729404874,77.55036294040183,Park/Isolation Zone,10,Stalking,0.5920746135909537,1
12.941250422767231,77.69620589782302,Suburbs,19,Theft,0.4102544215454782,1
12.978371874637606,77.62274159390876,Residential Area,21,Safe,0.31882812068586275,0
13.079134955523756,77.65870748044577,Downtown,23,Harassment,0.8463360445755373,2
12.940863276679794,77.51711991056456,Park/Isolation Zone,12,Harassment,0.5364306271063904,1
13.001561012791756,77.53669157695177,Downtown,3,Stalking,0.7317711107250242,2
12.983854332233204,77.65168073460684,Residential Area,14,Harassment,0.24058690912566005,0
12.903624808209146,77.50439730440786,Suburbs,11,Stalking,0.407470327474323,1
13.058551622714562,77.66337559717876,Industrial Area,23,Theft,0.7632802231664138,2
12.91380918126292,77.50278980373838,Residential Area,9,Theft,0.205498236439001,0
12.994851004195391,77.63142376781225,Industrial Area,21,Safe,0.4853975449308197,1
13.01213565898779,77.57301878404637,Downtown,6,Harassment,0.5461886846443387,1
13.025685291322917,77.62229897054384,Park/Isolation Zone,23,Safe,0.5613806607999958,1
13.037726325861575,77.63920628139782,Suburbs,1,Assault,0.6496138717432228,1
12.950654476704543,77.56849504383726,Residential Area,20,Safe,0.17770172443397197,0
12.90199575533169,77.52159248962217,Suburbs,6,Stalking,0.5578658041999544,1
13.044688732470982,77.51392917354966,Industrial Area,7,Stalking,0.5398719607648242,1
13.007131319869515,77.61778720451251,Industrial Area,20,Safe,0.44831000002139704,1
13.06722354064145,77.60413107074682,Park/Isolation Zone,18,Theft,0.6593484549561436,2
13.064277672580138,77.64844020182423,Industrial Area,5,Assault,0.7494756901897686,2
13.068665233557576,77.60194710200079,Park/Isolation Zone,20,Safe,0.476016621344753,1
12.997018931995909,77.58448915800618,Residential Area,7,Theft,0.23082910648334995,0
12.966725679167373,77.57961743564725,Park/Isolation Zone,21,Safe,0.45345127822783543,1
13.058311640518275,77.50528938051953,Industrial Area,19,Harassment,0.6257080882349286,1
12.99025882260585,77.56711144033933,Downtown,3,Stalking,0.7939172438615935,2
12.936688439280687,77.6952040315049,Park/Isolation Zone,19,Harassment,0.6876067010787,2
13.070994803912294,77.67471111524542,Suburbs,23,Harassment,0.621659334769017,1
13.07651197535447,77.56587561340685,Downtown,8,Assault,0.5757185161546892,1
12.993261951228034,77.61755908101328,Park/Isolation Zone,4,Theft,0.7272422615264661,2
12.915139945461958,77.6694593491071,Suburbs,5,Stalking,0.448362950213212,1
12.977565217983386,77.58825486735002,Downtown,18,Harassment,0.5734856966105999,1
13.06070753189252,77.50359157275003,Park/Isolation Zone,11,Stalking,0.6197002747530924,1
13.080354805709245,77.51490209236373,Residential Area,4,Theft,0.4308804421604695,1
12.94069454849952,77.60207854426974,Suburbs,4,Safe,0.18969242940645964,0
12.913394722405055,77.69388787513518,Residential Area,17,Harassment,0.294863298827582,0
13.075470090626567,77.63864190844377,Industrial Area,5,Theft,0.6399766791252607,1
12.977880987795775,77.51418323828771,Park/Isolation Zone,8,Stalking,0.5198704350962458,1
13.008352192853513,77.53787217515837,Park/Isolation Zone,10,Theft,0.49560930956726135,1
13.09361316241015,77.65426462864338,Suburbs,22,Safe,0.3256537262577739,0
12.913312945582845,77.66828795199125,Park/Isolation Zone,13,Theft,0.4593531540647164,1
13.02966360149042,77.62353891723772,Industrial Area,23,Stalking,0.8542782279506403,2
12.914821084514974,77.62888463392596,Park/Isolation Zone,1,Harassment,0.8391334085207522,2
12.9750937856933,77.50566749007668,Downtown,13,Harassment,0.39296960509901163,1
13.060762909038688,77.6657060519163,Residential Area,18,Assault,0.6610702013193591,2
12.986694446551127,77.65765504163417,Industrial Area,9,Stalking,0.5333171155989126,1
13.09943647078059,77.55180702882068,Industrial Area,4,Assault,0.827494475137101,2
13.01181185698932,77.6417353439931,Residential Area,22,Assault,0.8250881727005474,2
12.964232430527192,77.542970921285,Residential Area,3,Safe,0.36617910675157006,1
12.944022265180951,77.50806603221031,Industrial Area,6,Stalking,0.7307805066116507,2
12.970104106857232,77.54022730851807,Residential Area,23,Harassment,0.6207581970225783,1
12.97450665475191,77.53572577535085,Suburbs,12,Stalking,0.2805226400726502,0
12.913742735544792,77.56754959934698,Residential Area,9,Safe,0.16036181444474235,0
12.973914839885355,77.58368989943509,Downtown,9,Stalking,0.5050469602322432,1
12.992847703947845,77.60170777829954,Downtown,3,Stalking,0.7733582200956477,2
13.04454755044776,77.59535077510166,Suburbs,15,Assault,0.36901883883662817,1
13.031345896944321,77.55413492119305,Residential Area,14,Stalking,0.28628602674601933,0
13.04175313104583,77.50583413371481,Downtown,20,Assault,0.7445741189350931,2
12.901672736375371,77.62102032444743,Park/Isolation Zone,10,Assault,0.6331070564199659,1
12.943533479916107,77.57914896596947,Residential Area,18,Theft,0.43163732595982707,1
13.03233685767997,77.55973443147751,Suburbs,20,Safe,0.23104884221251987,0
12.99679787363595,77.67338820856611,Residential Area,23,Assault,0.6719293414351727,2
12.90106269513367,77.64934866155963,Industrial Area,2,Stalking,0.8168525955276124,2
13.060898928486365,77.67155310967449,Industrial Area,14,Assault,0.5968554896548469,1
13.054561914658068,77.59899655894249,Downtown,15,Assault,0.5387932567747347,1
13.009683832598713,77.52618625042535,Industrial Area,13,Assault,0.5392429614575149,1
12.913292665155256,77.63924428722426,Suburbs,4,Harassment,0.4549754927739857,1
13.053303009906516,77.54121475598744,Downtown,16,Harassment,0.40230825709609497,1
13.016742717546272,77.58824593381834,Suburbs,17,Harassment,0.39383098222914226,1
13.056391995431591,77.51300015778978,Suburbs,18,Harassment,0.4996287731848247,1
13.050349398479169,77.6650616804846,Industrial Area,0,Theft,0.83157386675624,2
13.060600414391567,77.5251881282095,Industrial Area,8,Assault,0.6857778027833058,2
13.003601613280924,77.68061950140986,Suburbs,20,Theft,0.37076836247964606,1
12.928064903638703,77.67284612045232,Industrial Area,13,Stalking,0.566204137323354,1
13.034231494675938,77.59291655288786,Industrial Area,19,Safe,0.4348621228114596,1
13.024094757010394,77.6488736408608,Industrial Area,20,Theft,0.6170314210446025,1
13.048450637439817,77.62388901476363,Residential Area,19,Harassment,0.49456371717144987,1
12.933976201210147,77.66061512846755,Suburbs,20,Harassment,0.4798734058329568,1
12.938995039980059,77.58636102015718,Park/Isolation Zone,22,Stalking,0.9004171264553846,2
13.078081903443865,77.65716169684887,Suburbs,10,Assault,0.45329145316413305,1
13.049995559690414,77.59249136341303,Downtown,23,Safe,0.5609800371991952,1
13.081645697740065,77.68819315756856,Industrial Area,1,Theft,0.8052921148300064,2
13.051743064232785,77.59727442016504,Industrial Area,19,Assault,0.7755167563553412,2
13.01943106119806,77.59252385438674,Park/Isolation Zone,23,Assault,0.9870641433411602,2
13.030826547405574,77.6570143723127,Downtown,22,Theft,0.6746264475975581,2
13.077825584788002,77.66431553835217,Residential Area,4,Theft,0.40686497840547714,1
13.015761350902388,77.61089782286423,Suburbs,21,Theft,0.43183435644714274,1
13.026478264865677,77.53595956269902,Residential Area,23,Theft,0.5649826828622225,1
12.93129534320072,77.59355164619151,Downtown,14,Harassment,0.4471162334406393,1
12.99478424402322,77.69361450058194,Park/Isolation Zone,11,Assault,0.7536386127744116,2
13.04327942239162,77.65059723860784,Downtown,13,Assault,0.5602891213018716,1
12.954188539663273,77.66223252077583,Park/Isolation Zone,10,Harassment,0.475009791775995,1
12.940450836104906,77.50656509976385,Residential Area,20,Assault,0.6160775940173228,1
12.962765361644884,77.59357189252684,Residential Area,8,Theft,0.2479870087522942,0
12.948300125598568,77.62932422673151,Downtown,19,Safe,0.39164370181701474,1
12.94298252740728,77.66600653672562,Downtown,7,Assault,0.5340268928992689,1
12.984970168573618,77.50985473071655,Industrial Area,11,Safe,0.30993010799200266,0
13.081567702776706,77.67048777712837,Park/Isolation Zone,2,Safe,0.739753682831378,2
13.001411929347743,77.60968018734839,Industrial Area,20,Harassment,0.5834228814095929,1
12.937584076163064,77.53946279411521,Suburbs,14,Stalking,0.3421449300892431,0
12.915394333876176,77.56345104328994,Suburbs,7,Assault,0.45377464055127703,1
13.039231229027585,77.55638591035031,Downtown,6,Harassment,0.5778032949152211,1
12.976559752887278,77.6061718068577,Residential Area,16,Harassment,0.30822017720574213,0
13.064366189317072,77.51033713598223,Suburbs,11,Safe,0.0776485035847044,0
13.031902153728154,77.53170723169998,Suburbs,19,Assault,0.6076796495255662,1
13.059248290108274,77.66253860867516,Industrial Area,17,Harassment,0.4872553745556368,1
12.95438920788369,77.52652079814936,Industrial Area,17,Theft,0.42310872052304466,1
13.038471784492211,77.54667925389163,Suburbs,14,Harassment,0.2961461699511314,0
12.952812396938745,77.59067412112083,Downtown,22,Theft,0.7240630606472901,2
13.087813695890057,77.60342417762267,Industrial Area,2,Stalking,0.7721268002154693,2
13.027274856306676,77.65272209592284,Suburbs,18,Theft,0.4346950887113165,1
12.964902360035069,77.58946648533323,Residential Area,14,Theft,0.21371261334562713,0
12.953902372458455,77.65797292420712,Industrial Area,15,Safe,0.33092115253583837,0
12.938185317014328,77.62366926140909,Suburbs,21,Harassment,0.4165108061317188,1
13.038928191778746,77.52261994788476,Park/Isolation Zone,21,Stalking,0.7856665104123114,2
12.943743122599585,77.53126628767856,Industrial Area,16,Harassment,0.49755244259199755,1
13.019060653185498,77.58740674508995,Park/Isolation Zone,0,Theft,0.7535291963270327,2
12.952927005385071,77.5793778786178,Industrial Area,10,Theft,0.4280610056602612,1
13.032393788958773,77.64870885392746,Industrial Area,5,Harassment,0.7096833598596187,2
13.062987945708107,77.61614742795948,Park/Isolation Zone,22,Stalking,0.9025914182322782,2
13.05560504862893,77.57762661620045,Downtown,8,Stalking,0.4770982554823865,1
13.052170266186156,77.53415205669008,Suburbs,19,Safe,0.3070268431348702,0
12.93754448113845,77.5453674204651,Downtown,15,Theft,0.4427583286890677,1
12.917676989396904,77.61510020369381,Downtown,5,Theft,0.5079887288563685,1
13.039789765697478,77.58468776097996,Suburbs,11,Safe,0.08977553831667853,0
12.97366944275887,77.60298550177214,Residential Area,18,Harassment,0.3618744733854998,1
12.98646924528067,77.53413548706045,Downtown,12,Theft,0.44359764884696934,1
12.906229818558678,77.63258125046892,Downtown,12,Harassment,0.45020335623468993,1
12.95191528985501,77.67050774817119,Downtown,3,Stalking,0.8335080143086158,2
12.906735280774893,77.55158790135738,Residential Area,8,Assault,0.3533947769802722,1
13.075837154520249,77.59830284516637,Industrial Area,13,Safe,0.2859571352449642,0
12.948679336643707,77.69510546580419,Park/Isolation Zone,13,Theft,0.5083794831881839,1
13.011467433914602,77.56664834811015,Park/Isolation Zone,16,Safe,0.24408791561007237,0
12.907795864132227,77.61900926898475,Residential Area,4,Stalking,0.5328176682483444,1
13.03336947826113,77.51803914004005,Downtown,22,Stalking,0.7838268375926724,2
12.964605469150818,77.6212030004959,Park/Isolation Zone,18,Stalking,0.6622641609981152,2
13.079583837391533,77.51792635466093,Residential Area,1,Stalking,0.6242746106623319,1
13.077623637786807,77.69184708706477,Suburbs,12,Assault,0.47283408054149606,1
12.96505812367235,77.64313253041446,Park/Isolation Zone,10,Harassment,0.5043445954952108,1
13.080192179138093,77.65763195762715,Suburbs,1,Harassment,0.597716376649927,1
13.099231534699756,77.64082087215434,Downtown,0,Assault,0.8783433445317317,2
13.065083132824789,77.61794580721529,Park/Isolation Zone,20,Harassment,0.6002948928946381,1
13.068974269551045,77.58998255621711,Residential Area,2,Stalking,0.6811917693767675,2
12.949801747221818,77.67167467595222,Industrial Area,11,Harassment,0.5403867886270013,1
13.01534047977155,77.69136713350862,Park/Isolation Zone,6,Safe,0.5574365707491852,1
12.913451182793473,77.59980723458082,Park/Isolation Zone,0,Harassment,0.8504506181043998,2
12.918983587364334,77.68630700983105,Park/Isolation Zone,8,Safe,0.37423015643176116,1
13.099778522406657,77.6166665819977,Park/Isolation Zone,17,Theft,0.41929806600344544,1
12.965327849885183,77.60767683737929,Residential Area,23,Safe,0.41200630618746736,1
13.049636782409769,77.59089654659107,Residential Area,19,Safe,0.23410252746017463,0
13.061333010605363,77.54185755230603,Industrial Area,5,Stalking,0.6961522615354895,2
13.071604654201446,77.50074393216362,Residential Area,8,Stalking,0.2941329999828739,0
13.099525659480431,77.5483012453712,Residential Area,22,Stalking,0.7061331976484667,2
12.948299297051374,77.60194463432072,Downtown,7,Safe,0.1674512515520276,0
12.90807016537194,77.57599199045195,Downtown,22,Assault,0.9136005825033996,2
12.982238303598917,77.58969704560053,Suburbs,17,Stalking,0.30412459021194943,0
12.92601613396579,77.69612964391281,Industrial Area,14,Stalking,0.6559299765038874,2
12.904485177832411,77.57005447413387,Downtown,0,Safe,0.5847682910996822,1
12.972085365428297,77.59043658787202,Industrial Area,13,Theft,0.4485750927595638,1
13.056747650215048,77.52670311027056,Industrial Area,17,Theft,0.3986040274174825,1
13.013236138245015,77.5095915464874,Park/Isolation Zone,18,Harassment,0.7445014638752335,2
12.962555597842071,77.6550819029185,Industrial Area,18,Theft,0.4367682085736249,1
13.030868401098544,77.6141366350144,Park/Isolation Zone,9,Stalking,0.6192085054112149,1
12.946403636061762,77.65214096120879,Suburbs,19,Assault,0.6255189773441137,1
12.902876289214417,77.5299725597773,Suburbs,20,Harassment,0.47258684649450955,1
13.052870677287284,77.61436575423654,Suburbs,5,Assault,0.6418923377758369,1
13.024748616972802,77.55072849486828,Park/Isolation Zone,16,Assault,0.6717513767814542,2
13.052460524900193,77.54561236338,Park/Isolation Zone,13,Stalking,0.6274656920308667,1
12.907787603337534,77.5023052028106,Suburbs,12,Safe,0.06650037248621726,0
13.06742392556613,77.52606814471382,Park/Isolation Zone,7,Safe,0.3084808558665578,0
13.023905240007261,77.56185362229994,Residential Area,21,Safe,0.19838268680643184,0
13.012679070142529,77.52337575211818,Residential Area,9,Theft,0.23740101660678187,0
13.024922809622906,77.6971716880822,Park/Isolation Zone,8,Safe,0.4055612007200554,1
13.072886649373672,77.56172652970479,Park/Isolation Zone,4,Stalking,0.835753806372685,2
13.017387301311782,77.52606478934047,Downtown,22,Theft,0.6864790061471288,2
13.016190075977637,77.5398164625656,Downtown,3,Safe,0.5177516044117547,1
13.098135831413153,77.6175406456683,Industrial Area,5,Assault,0.8664715852547192,2
13.051346033413713,77.51280870477295,Industrial Area,5,Stalking,0.7216713731323458,2
12.988458761090227,77.67248682602823,Industrial Area,12,Stalking,0.5514530058067963,1
13.041479400006585,77.69229993584743,Suburbs,3,Harassment,0.5447109048107732,1
12.977846094338357,77.54934948413347,Residential Area,21,Stalking,0.5715850832858459,1
12.9457750924967,77.59001905371818,Suburbs,7,Assault,0.45468424143367636,1
13.019370375377552,77.5044268902059,Park/Isolation Zone,4,Stalking,0.7500079898520519,2
13.08563641962279,77.62814204494545,Downtown,1,Harassment,0.7770837627075261,2
13.085827904003093,77.58278521161051,Park/Isolation Zone,8,Stalking,0.6010949126739039,1
12.968381055621098,77.55401169322032,Park/Isolation Zone,10,Stalking,0.6737318322556857,2
13.00553549324434,77.54136742212333,Downtown,19,Harassment,0.6505900491200695,2
12.942327179713972,77.63080461553176,Park/Isolation Zone,19,Stalking,0.721933472460054,2
13.099126221899777,77.58324340620646,Industrial Area,10,Theft,0.4543450466119913,1
13.096223581573586,77.53593185780598,Downtown,6,Stalking,0.6207290169581401,1
13.029901785941489,77.63782181629736,Park/Isolation Zone,13,Safe,0.44446820584713087,1
13.060882811935494,77.61301445660735,Industrial Area,5,Safe,0.41385606356254095,1
13.04302003225674,77.6717344109859,Industrial Area,3,Theft,0.7440485864084848,2
13.018631643807893,77.5234951797753,Residential Area,5,Stalking,0.5181963322044063,1
12.91066959939778,77.6571333203889,Industrial Area,2,Assault,0.9752859724053102,2
12.990952868510533,77.63470335736345,Suburbs,22,Stalking,0.6837289568177682,2
13.034957260433481,77.52300218736562,Downtown,5,Safe,0.4400483277163345,1
13.035506322776737,77.63896414597434,Downtown,2,Harassment,0.7846430028039515,2
12.974624523684477,77.58830945777596,Downtown,0,Theft,0.6783513152660509,2
13.088338397331606,77.68899695711117,Park/Isolation Zone,20,Harassment,0.6726820440826758,2
12.933471406447357,77.52832227012358,Park/Isolation Zone,17,Assault,0.7019114936431704,2
13.000071889243111,77.62856667816315,Suburbs,22,Stalking,0.622415066377777,1
13.038176795310164,77.57639600909259,Industrial Area,22,Assault,0.9171140930290791,2
13.039427161178361,77.69136293411817,Park/Isolation Zone,3,Harassment,0.8289030637745524,2
13.029727791353762,77.56599497905806,Industrial Area,5,Stalking,0.8051067347132254,2
12.955057642690372,77.69243718189836,Industrial Area,16,Assault,0.7271911397692253,2
12.931241313737324,77.68029717022016,Park/Isolation Zone,17,Safe,0.33804100063662684,0
13.027188065365342,77.55407664706213,Park/Isolation Zone,5,Safe,0.39667432902252003,1
13.019860423227888,77.66070835536529,Suburbs,1,Theft,0.5204854330793497,1
12.935871202057848,77.6991208403607,Residential Area,11,Safe,0.1440010498912685,0
13.041027829114112,77.55053260043425,Downtown,11,Safe,0.1717231951426308,0
12.99103439834673,77.58735543386466,Park/Isolation Zone,3,Harassment,0.8801921483687564,2
13.03355211832063,77.60403614731335,Park/Isolation Zone,15,Safe,0.3769856789570335,1
13.06747341595403,77.55898622716077,Industrial Area,19,Safe,0.4508662354676539,1
12.933945685715384,77.50305296792921,Residential Area,9,Harassment,0.2981198121356399,0
12.903828973599367,77.54402584883951,Park/Isolation Zone,9,Safe,0.304771168346132,0
13.055820517279157,77.55638737686836,Residential Area,6,Safe,0.2848411961548063,0
13.021939485030524,77.58871994026364,Downtown,13,Theft,0.4154956666873229,1
13.039927913924425,77.53422049568267,Industrial Area,6,Safe,0.4259685953469722,1
13.067630994997728,77.67465087133834,Suburbs,11,Safe,0.060749353570765476,0
13.0605621869649,77.64098222654627,Downtown,10,Theft,0.3403287685929263,0
13.092184029385765,77.51704009551193,Residential Area,16,Harassment,0.3185760482674897,0
13.007187015770423,77.63001849022798,Residential Area,10,Safe,0.0898878141458494,0
12.99769912653198,77.63073129528112,Downtown,20,Assault,0.7405251837299661,2
12.980377439978145,77.69124423472873,Residential Area,2,Harassment,0.5219409410738554,1
12.930738208568842,77.50060417427123,Suburbs,18,Harassment,0.3952412540932271,1
13.014521446576405,77.54958648996116,Suburbs,21,Safe,0.1898029826379422,0
12.955402504865196,77.68555829587507,Residential Area,3,Theft,0.5884375237625787,1
13.084261502442594,77.68642678307965,Residential Area,7,Harassment,0.30858499653709154,0
13.01663816085542,77.64411728387412,Suburbs,13,Theft,0.2358507963504531,0
13.018568036101621,77.65315266420951,Residential Area,19,Assault,0.6552780452744513,2
12.970984932175401,77.51829659158592,Park/Isolation Zone,23,Theft,0.8482063018123209,2
12.910397870395542,77.60277516695565,Industrial Area,13,Stalking,0.6052717838946291,1
12.906348753074598,77.5463165982578,Park/Isolation Zone,15,Theft,0.4878977985003066,1
12.98466702883064,77.53624360872273,Residential Area,14,Harassment,0.22928155945563017,0
12.916913075619448,77.66206065982468,Residential Area,11,Theft,0.33532495395819684,0
13.021369391108028,77.5270076273361,Industrial Area,15,Theft,0.4762104394752998,1
13.07619460112793,77.59373032739929,Residential Area,19,Stalking,0.5272466611538802,1
13.076582963303744,77.68771564791722,Industrial Area,18,Stalking,0.7337934541397362,2
13.031809082026447,77.53716641111306,Suburbs,4,Safe,0.3881749272970163,1
12.942246366294587,77.69559868474765,Industrial Area,11,Harassment,0.49497797361134505,1
13.072599366271774,77.69885759715221,Industrial Area,4,Safe,0.5218241412148015,1
13.077218687062642,77.61112343093649,Park/Isolation Zone,9,Stalking,0.5573692751030442,1
12.939330716990591,77.53402854803544,Residential Area,16,Theft,0.2907616121343249,0
13.047485217154135,77.56322097758817,Suburbs,14,Stalking,0.4391720951254578,1
12.957303909785425,77.5848985665353,Downtown,7,Assault,0.5976518926447082,1
13.060528062470585,77.56186484487165,Industrial Area,7,Theft,0.3540536865453575,1
13.09944757998072,77.5561271159753,Downtown,7,Safe,0.2783506314282203,0
12.906005201065879,77.69444594184327,Residential Area,9,Theft,0.23915459384484822,0
13.079473173158187,77.53067296548315,Industrial Area,19,Assault,0.8422129370829071,2
13.024526106719732,77.64666558174338,Downtown,12,Stalking,0.47667944861079564,1
13.094676523832964,77.50008205788784,Park/Isolation Zone,15,Harassment,0.669379081447125,2
12.993001903505286,77.61923653388048,Downtown,8,Harassment,0.4553215915773673,1
13.069477586114274,77.68318860079081,Park/Isolation Zone,15,Harassment,0.5895539088224037,1
12.912478813719655,77.55758681881865,Suburbs,9,Stalking,0.30001547641014714,0
12.96705581001566,77.53710519505154,Residential Area,2,Harassment,0.5412465724381019,1
12.913403307550242,77.63033595897569,Downtown,22,Assault,0.8351562046175895,2
13.095068626695813,77.64252028145968,Industrial Area,21,Stalking,0.6354925208685887,1
13.063394781454367,77.6376061037904,Residential Area,13,Harassment,0.3339231899832846,0
13.070509484249193,77.56386337600428,Downtown,12,Safe,0.2198493838461514,0
13.087593046286779,77.55044048043187,Industrial Area,3,Stalking,0.7864985544070274,2
12.917020697223958,77.69118375999241,Industrial Area,3,Stalking,0.8151654438481671,2
12.977119518502667,77.68465990165399,Industrial Area,5,Theft,0.6351819520955604,1
12.914206977808801,77.59146332197857,Industrial Area,23,Harassment,0.8339343511223187,2
12.942158620310005,77.66923877323087,Downtown,18,Safe,0.4498450925776159,1
12.945873155407535,77.59046469552686,Suburbs,10,Assault,0.43592360611097125,1
12.993821442209516,77.5848778036145,Park/Isolation Zone,7,Stalking,0.6998560590003595,2
12.953712433490729,77.53135258951986,Park/Isolation Zone,13,Assault,0.7541006684718459,2
12.920195621363552,77.5852812112984,Park/Isolation Zone,7,Assault,0.6412921392608911,1
12.933498217818821,77.60748338771997,Suburbs,13,Assault,0.49060695686138395,1
12.929455112710418,77.50450086548574,Industrial Area,22,Theft,0.7509554236216885,2
13.094615359582459,77.58882260103508,Industrial Area,6,Assault,0.7917462830064653,2
13.051858501383695,77.65627124367904,Residential Area,20,Harassment,0.45049214861809883,1
13.093552293053913,77.63600921127485,Park/Isolation Zone,17,Harassment,0.51670211793656,1
12.987948097301581,77.62703139777278,Park/Isolation Zone,11,Safe,0.4004498339212669,1
12.955673696332532,77.68191108568745,Industrial Area,13,Safe,0.27108834910682494,0
13.059658639441837,77.50360640196504,Park/Isolation Zone,14,Assault,0.6719917945132811,2
12.96525078360823,77.61140951723844,Industrial Area,17,Assault,0.688009677764985,2
12.95987667474107,77.65746976968194,Industrial Area,11,Theft,0.558523816380083,1
12.946501198441567,77.60826707654026,Industrial Area,9,Assault,0.6251537629914049,1
12.925935795644847,77.56477911051607,Downtown,11,Assault,0.5376737459891701,1
12.951292612203353,77.5272501130184,Downtown,7,Assault,0.6569922258952151,2
12.971063949694777,77.67751261436324,Downtown,5,Stalking,0.6597521167339547,2
13.034798841629145,77.59415247847753,Downtown,23,Stalking,0.8251175111955282,2
12.91251296844389,77.67562303939714,Suburbs,18,Theft,0.4017164053988225,1
12.942101387933068,77.61717042448663,Residential Area,0,Theft,0.5796797373328614,1
13.061804728058336,77.634838423323,Residential Area,12,Harassment,0.3181943565567858,0
12.929384384716755,77.66085223087569,Industrial Area,21,Theft,0.5738269478747767,1
12.968529029304504,77.63183110892003,Park/Isolation Zone,15,Harassment,0.5851938823453363,1
13.072931784371628,77.57961096813578,Downtown,17,Assault,0.6250050290389912,1
12.93098506222869,77.60272667678574,Residential Area,11,Theft,0.23144001863685618,0
12.916547367123638,77.66060910493518,Residential Area,4,Theft,0.3913490689001296,1
12.996907599016001,77.5747300592746,Downtown,20,Theft,0.5107057532708376,1
12.960483902255707,77.5776242913537,Suburbs,12,Harassment,0.3230944133919712,0
13.01268167289677,77.5191380232116,Suburbs,7,Harassment,0.32364135774647007,0
13.060760978096695,77.68291688704436,Residential Area,5,Safe,0.24806277435416474,0
12.927429697630549,77.5182072629891,Suburbs,2,Harassment,0.5430636399999114,1
13.016139816910856,77.6296418354897,Downtown,19,Harassment,0.4988735942828395,1
13.001101752077973,77.58263889576057,Residential Area,3,Stalking,0.6384303753770407,1
12.92881575720264,77.58112387805109,Downtown,11,Theft,0.411830763559154,1
13.024799697105797,77.63591036731454,Suburbs,12,Harassment,0.33223385882225304,0
12.954728083572155,77.51341874652597,Downtown,1,Theft,0.7566403391793399,2
12.997566863708803,77.61874115659029,Suburbs,18,Theft,0.3821445199902746,1
12.916454464855413,77.65440635719447,Suburbs,3,Stalking,0.5708958481529998,1
12.991916811442724,77.66564255157732,Downtown,22,Theft,0.6743161687825286,2
12.961292693608565,77.53410607787876,Suburbs,12,Harassment,0.4091633149432927,1
13.06447624223707,77.67948381001564,Industrial Area,18,Theft,0.6822116628493926,2
12.911395745399474,77.63122921836948,Downtown,7,Safe,0.27140448546238205,0
12.983721454983666,77.67637096016414,Industrial Area,7,Safe,0.2784195896139987,0
12.991686284826288,77.59705614342204,Downtown,15,Stalking,0.4954360442921806,1
13.045001215259823,77.60840666901944,Suburbs,10,Harassment,0.3857349688074292,1
13.014857515018042,77.68380765540574,Suburbs,17,Stalking,0.3604995482628499,1
13.033442467438837,77.67998190867094,Residential Area,3,Safe,0.38097473418753236,1
13.055409857130352,77.5896321746738,Residential Area,23,Harassment,0.666312484925381,2
13.072440594731637,77.55488252632713,Industrial Area,0,Theft,0.6526162434445926,2
12.962775099344494,77.57863408691286,Suburbs,0,Harassment,0.5497719335992534,1
13.00760454107278,77.57755286570595,Residential Area,13,Assault,0.40975241903503545,1
13.06802161568784,77.55737337499656,Suburbs,3,Harassment,0.6500813004688382,2
13.09789022619301,77.5537159208666,Downtown,10,Theft,0.3719609590258995,1
13.077903862208752,77.67221258729595,Residential Area,17,Assault,0.36134859616805814,1
12.974293452524876,77.51397238413693,Industrial Area,15,Stalking,0.5153908551001742,1
12.93903330344373,77.63552223641992,Residential Area,16,Harassment,0.27645222161458777,0
12.997878507481317,77.53456401029129,Suburbs,23,Stalking,0.6466252820315054,1
13.048328290367209,77.56890117867881,Park/Isolation Zone,1,Harassment,0.8564116420873664,2
12.998513814150659,77.51230860682696,Park/Isolation Zone,3,Safe,0.6983836827853378,2
12.996636172662734,77.55399472737109,Suburbs,2,Safe,0.3843983568626322,1
13.06764608421636,77.65368421422345,Downtown,14,Theft,0.3708621825917825,1
12.972280755813438,77.67700306490946,Residential Area,1,Safe,0.4023348315499682,1
13.071958934962328,77.54430543038048,Park/Isolation Zone,23,Assault,1.0,2
12.981360960190345,77.59270956785178,Downtown,18,Assault,0.7199335061291124,2
12.965646621135669,77.59406480958744,Suburbs,8,Harassment,0.21484922944339258,0
12.99079798223994,77.67471506115194,Downtown,9,Stalking,0.47550504983054187,1
13.052489391734973,77.65255981057517,Suburbs,20,Assault,0.6403717895014642,1
12.925200405572799,77.60261544367361,Residential Area,18,Harassment,0.4460592541615053,1
12.939283843174403,77.63414944009436,Downtown,4,Stalking,0.712192550480523,2
13.090288965132618,77.66947101078188,Residential Area,13,Safe,0.12512773714792053,0
12.935098325476272,77.5019077908051,Downtown,9,Harassment,0.42360395300888737,1
13.01354546358621,77.58057800621,Suburbs,15,Stalking,0.4234519357814981,1
13.015862893332388,77.68144863345542,Suburbs,5,Theft,0.3565472734136136,1
12.99792489241005,77.64806260616879,Downtown,7,Theft,0.31624209716738455,0
13.028949049715363,77.60856827486681,Suburbs,1,Assault,0.7672038999195351,2
12.945965345159523,77.60592890540703,Industrial Area,17,Stalking,0.510806258936824,1
13.01053245355535,77.5695540195209,Industrial Area,20,Theft,0.5971661610621106,1
12.97443465104938,77.6041041067283,Residential Area,20,Assault,0.5464012037335054,1
13.032333451925838,77.6310766398927,Industrial Area,20,Harassment,0.650227035245566,2
12.92824470867463,77.58367260768576,Industrial Area,19,Harassment,0.6742397741047824,2
13.014175483367895,77.64283062927844,Park/Isolation Zone,7,Stalking,0.6316289333022,1
12.937054071076664,77.67224644545207,Park/Isolation Zone,4,Stalking,0.6930861374418648,2
12.955728612623007,77.53093696963697,Park/Isolation Zone,16,Stalking,0.5322939316613511,1
12.943741960064717,77.59030940456348,Park/Isolation Zone,15,Stalking,0.6198741221076571,1
12.936567555973763,77.58160401825701,Suburbs,4,Theft,0.3810213401623775,1
13.065142190312134,77.63749296080995,Residential Area,16,Theft,0.22216186617105627,0
12.957141513532179,77.54997349305158,Residential Area,3,Assault,0.7441200695562505,2
13.08542475637289,77.62805018299046,Industrial Area,0,Theft,0.7414796725620073,2
13.093985305069038,77.6754978483463,Residential Area,21,Harassment,0.46869763842894274,1
13.01425209398742,77.58362631995873,Industrial Area,5,Assault,0.8243755801081416,2
12.928600224533145,77.68220313999585,Residential Area,0,Theft,0.5991946198837514,1
12.974909648675917,77.6986327477867,Downtown,23,Stalking,0.7870885940928006,2
13.059546452669643,77.52121840998959,Downtown,3,Theft,0.749788598804896,2
12.973478145739413,77.54661063759697,Residential Area,1,Safe,0.42937587030366064,1
12.917403443660557,77.69007595029642,Suburbs,12,Assault,0.4936512077088041,1
13.011356982185637,77.69166553729627,Industrial Area,13,Theft,0.39466153519371255,1
13.069024170299206,77.51954145507734,Residential Area,16,Theft,0.24484704186004055,0
13.0591852774287,77.50299970007542,Industrial Area,10,Harassment,0.5947619158964714,1
12.93502462802607,77.53222000465128,Park/Isolation Zone,2,Stalking,0.8314404778707536,2
13.034552922882494,77.69920255667645,Residential Area,6,Stalking,0.5895768565839175,1
12.94410085268713,77.53599992332214,Suburbs,9,Harassment,0.3873641661525523,1
12.943641506910435,77.6005095213444,Park/Isolation Zone,10,Harassment,0.5865981032220915,1
13.074814354661036,77.6696835452861,Residential Area,9,Safe,0.032662741667781964,0
12.949933790548046,77.50408032213764,Downtown,7,Assault,0.5891708936887926,1
12.952649469303603,77.6208977964517,Residential Area,4,Stalking,0.5396282901715801,1
12.90013067815226,77.55540508977393,Downtown,22,Harassment,0.6837096983569062,2
13.074133806825103,77.67246698328795,Downtown,1,Harassment,0.7838115898819734,2
13.058518962641827,77.55669222985281,Residential Area,14,Assault,0.4553994673241721,1
13.025465787018135,77.63735114405638,Residential Area,15,Harassment,0.271550180007723,0
13.050053152787768,77.63484392648948,Downtown,3,Safe,0.4940392375212954,1
12.930409713484899,77.54429870977192,Industrial Area,21,Assault,0.8729525023010472,2
12.991664718917516,77.50695983997367,Park/Isolation Zone,15,Safe,0.3888387831348827,1
12.970243877469755,77.58184991475709,Suburbs,11,Theft,0.24175273728952762,0
12.918755305251404,77.55783863039318,Residential Area,13,Stalking,0.35174118028353835,1
12.997226097042985,77.66179554992274,Park/Isolation Zone,11,Harassment,0.5366085804433189,1
13.084147930068527,77.66007283769108,Park/Isolation Zone,20,Assault,0.7596140399143678,2
12.908011823810138,77.59140479043853,Industrial Area,15,Safe,0.36442445415364827,1
12.95829218269876,77.62130244506464,Park/Isolation Zone,15,Stalking,0.6109421346942865,1
12.94150818724114,77.62085190319739,Residential Area,21,Stalking,0.5477190665209084,1
12.94762933073314,77.66543162968553,Park/Isolation Zone,11,Harassment,0.5272885109763101,1
13.081686910375875,77.58500048282464,Residential Area,1,Stalking,0.6546069095095559,2
12.993613810846858,77.5550893359581,Residential Area,22,Harassment,0.6159961800001142,1
12.993259882587964,77.55300698362811,Downtown,23,Theft,0.7515579016992902,2
13.052115128491057,77.60723845585645,Industrial Area,13,Harassment,0.5896498210368895,1
12.930898440800986,77.58982964054644,Suburbs,10,Safe,0.08256242590243972,0
12.99745307082001,77.58802415419699,Downtown,8,Stalking,0.48261916102759356,1
12.985997042824213,77.51822746781794,Suburbs,21,Stalking,0.4877145594558341,1
13.01938213810933,77.64372074813804,Residential Area,6,Stalking,0.47018496766849305,1
13.099911540650087,77.54274733759638,Downtown,11,Harassment,0.5823231693204425,1
13.053889778816409,77.53939072604174,Park/Isolation Zone,16,Assault,0.61592056384521,1
12.979573140603485,77.58255166405549,Park/Isolation Zone,8,Harassment,0.6843198891741519,2
13.06551061045481,77.54555566832356,Suburbs,5,Safe,0.28193357626300625,0
12.934141672662497,77.6167716534616,Residential Area,11,Harassment,0.2958711312023257,0
12.906092737261792,77.5742926678669,Suburbs,19,Stalking,0.45811840790653574,1
12.940889674492855,77.58978234451855,Industrial Area,9,Theft,0.44797671350367463,1
12.968082311222853,77.60743386432081,Park/Isolation Zone,8,Safe,0.32181270669965006,0
13.002116151491911,77.54070710449636,Downtown,11,Theft,0.46901795622487,1
13.02302582810824,77.5311503245731,Downtown,0,Safe,0.5815514601154294,1
13.082121143442883,77.67608438057472,Downtown,1,Safe,0.633545840268551,1
13.001970801910092,77.58674474056629,Park/Isolation Zone,18,Stalking,0.7354796943246703,2
13.000255128925145,77.58241872192652,Residential Area,0,Harassment,0.6070671164466145,1
12.910048601964597,77.50712243005457,Park/Isolation Zone,15,Stalking,0.5951298306213879,1
12.906982310531244,77.59959526051748,Park/Isolation Zone,15,Stalking,0.5813095155627174,1
13.010231992383275,77.6108339443222,Downtown,17,Stalking,0.44854805121539215,1
12.987635722649669,77.61176817419093,Park/Isolation Zone,17,Theft,0.5359686780529935,1
13.06783607899606,77.64140623386457,Downtown,22,Safe,0.5670514604814951,1
12.93213591694237,77.5354963669982,Residential Area,12,Assault,0.44763812233047295,1
12.90499433242341,77.55044462684613,Industrial Area,21,Harassment,0.6751471980244732,2
12.989807753586025,77.66214609304609,Downtown,11,Stalking,0.4793928990564566,1
12.947495711350452,77.68943412336868,Suburbs,8,Safe,0.10076001050214561,0
12.909922874667767,77.52718654947347,Industrial Area,4,Harassment,0.6931016109791626,2
13.044919657369526,77.59952991090104,Residential Area,8,Assault,0.49993235178274753,1
12.92231859999145,77.54283525054792,Industrial Area,12,Assault,0.7264093866357795,2
13.021663900001554,77.512014633671,Downtown,15,Stalking,0.44452229805941545,1
12.956209950033378,77.56510066762523,Residential Area,9,Assault,0.40186876276484795,1
12.934699210071004,77.52873752503685,Suburbs,15,Assault,0.39240375726962007,1
12.975950304583863,77.64198661468686,Downtown,13,Harassment,0.41758932661348763,1
13.06028915524459,77.60674508273429,Downtown,1,Harassment,0.7332400282427198,2
12.978418715380915,77.52876689419806,Residential Area,18,Stalking,0.5218529846021026,1
13.05015392984221,77.50184831768111,Residential Area,10,Safe,0.15822745424533596,0
12.92509725935983,77.66163140980484,Industrial Area,18,Stalking,0.6803070790386578,2
13.054554283933015,77.53523888123286,Suburbs,10,Theft,0.27869864130317523,0
12.94738666498133,77.62124332844415,Industrial Area,13,Assault,0.7138997836102299,2
13.035478625977774,77.56738438261534,Industrial Area,14,Safe,0.27723711512857074,0
13.0131563109682,77.617097187663,Downtown,6,Harassment,0.5859351372886122,1
13.085828943442337,77.56313072539646,Residential Area,14,Theft,0.25330572859644634,0
12.977464503595064,77.51738791213845,Downtown,23,Theft,0.6162189522324719,1
12.913233037766888,77.54459000171155,Suburbs,22,Assault,0.7755648869164664,2
12.90383109711025,77.53761171329582,Industrial Area,7,Harassment,0.4397575577297652,1
13.065371712194551,77.58560387048793,Suburbs,3,Safe,0.4394853163811877,1
13.004947127532287,77.63165675668523,Residential Area,17,Harassment,0.2784528838731741,0
13.055048810366989,77.55276121498927,Residential Area,13,Assault,0.4244801945386037,1
12.946885120002303,77.50241398706012,Park/Isolation Zone,20,Theft,0.6010673032097636,1
12.969016749102646,77.60378747285296,Suburbs,17,Assault,0.4770499707745939,1
12.906020774442265,77.6211518978718,Downtown,3,Stalking,0.8267238309044934,2
13.092298464914823,77.69257409880036,Suburbs,1,Theft,0.5272423557975726,1
13.033573581340162,77.61789416061865,Industrial Area,20,Assault,0.8898823548161442,2
13.08664101755186,77.59423451187563,Residential Area,5,Safe,0.25171493370863046,0
12.953099281485814,77.61468032517955,Residential Area,10,Safe,0.09930207069468415,0
13.022292722245131,77.68558012597241,Suburbs,0,Safe,0.40296529164213574,1
13.035699993658527,77.66567562912033,Suburbs,14,Stalking,0.3159840601406106,0
12.963509940051518,77.56459574667277,Suburbs,11,Harassment,0.25030775242135184,0
13.069621847003125,77.54745087273143,Industrial Area,23,Safe,0.5813234657795379,1
13.08943229258005,77.55252672247322,Industrial Area,17,Stalking,0.5816991807729379,1
13.076971023539201,77.60088420794304,Downtown,4,Safe,0.30743442501296436,0
13.047813395187875,77.64880989024572,Suburbs,10,Stalking,0.27502352972324723,0
12.95549293594499,77.6006438414366,Downtown,23,Safe,0.5196222964639337,1
12.956323208421127,77.51355927916562,Park/Isolation Zone,20,Harassment,0.6102958380444197,1
13.092672064089207,77.644716140088,Industrial Area,18,Assault,0.7291644845527643,2
12.902056899187139,77.66119402573419,Residential Area,21,Safe,0.2904731151491482,0
13.043209994648429,77.55789957302395,Park/Isolation Zone,0,Assault,0.97808688279268,2
13.041249232511053,77.63282514785668,Residential Area,16,Safe,0.057705116659844395,0
13.02453790818996,77.58531838021088,Park/Isolation Zone,7,Harassment,0.5569978673352309,1
13.098021769217373,77.67782387114549,Downtown,22,Assault,0.9057495448862254,2
12.962375887152746,77.66904511163214,Downtown,15,Stalking,0.5582301645981537,1
12.96799437275865,77.60508639966193,Industrial Area,10,Safe,0.21102284404126948,0
12.915787880589312,77.63830110916273,Residential Area,18,Safe,0.2036781163861775,0
12.988559627308748,77.67666994020442,Park/Isolation Zone,23,Stalking,0.870149408619024,2
12.95220970524697,77.59914340201566,Suburbs,10,Harassment,0.3195568247388216,0
12.968677340435528,77.56265014809776,Suburbs,14,Theft,0.39459476170271035,1
13.066914358051125,77.65073322758192,Industrial Area,7,Safe,0.32931905386532645,0
13.087096902705499,77.54401325095694,Residential Area,13,Stalking,0.33670614089037676,0
12.937146614401037,77.5777062296012,Suburbs,0,Theft,0.4893359051964451,1
12.974501786310693,77.67314544742136,Industrial Area,9,Safe,0.2330788919618625,0
13.085726112423078,77.64488446805386,Industrial Area,6,Assault,0.8451572635771396,2
12.912361692137845,77.5807622010495,Residential Area,17,Stalking,0.3102611204475493,0
12.918472105622277,77.54294890048168,Suburbs,11,Assault,0.43229583168758834,1
12.932558197841246,77.57119367816645,Suburbs,1,Harassment,0.6828634538257233,2
13.019042566825375,77.55682082984549,Suburbs,17,Theft,0.16426886897339413,0
12.9300944542012,77.53521785758878,Downtown,20,Stalking,0.6635241888054957,2
13.093615276290146,77.64866658271313,Suburbs,6,Safe,0.2048180514984519,0
12.989342905451704,77.55041397737004,Park/Isolation Zone,19,Safe,0.5818135452292622,1
13.000303592070033,77.59083349403356,Downtown,11,Theft,0.35307108737541243,1
12.949331723161082,77.57717188936722,Downtown,19,Assault,0.7834458586264026,2
12.994192050486946,77.69641547572714,Downtown,13,Assault,0.5095911648924069,1
13.032382726527402,77.57821844882965,Downtown,9,Stalking,0.577663907402208,1
13.050235427390808,77.51599649655935,Industrial Area,8,Stalking,0.5959861926687366,1
13.050773616541983,77.51796515051441,Park/Isolation Zone,22,Assault,0.9721903561608409,2
13.015578222538817,77.61815074427061,Residential Area,14,Stalking,0.3696491550079916,1
13.080871954998772,77.61987271034765,Suburbs,19,Assault,0.6478663366382424,1
13.063481569461223,77.58375179809653,Downtown,23,Theft,0.70764161403788,2
13.051409622939724,77.58636873846241,Residential Area,9,Stalking,0.3305726400368929,0
12.911121104336093,77.51078651656817,Industrial Area,18,Assault,0.7950956600916097,2
12.90137559244393,77.60330930207786,Residential Area,18,Stalking,0.505501246244462,1
12.942489455439095,77.60094789507608,Downtown,11,Safe,0.25281712419841523,0
13.032704718782691,77.5299098637114,Park/Isolation Zone,22,Safe,0.671725967410433,2
12.98223949777651,77.52076787722218,Residential Area,11,Harassment,0.24893770059482143,0
12.980481251859862,77.52471449811989,Downtown,8,Assault,0.5675898509115138,1
13.076917377645923,77.52020564929825,Downtown,19,Harassment,0.5804917096485084,1
13.079112569626368,77.62194163910735,Suburbs,3,Assault,0.7735501487854012,2
13.081835052810717,77.53929653048058,Suburbs,0,Stalking,0.5735969897627138,1
12.962775615303006,77.55028603043749,Park/Isolation Zone,15,Assault,0.7076950488714397,2
13.038211162547853,77.53471442883028,Suburbs,0,Safe,0.43903922855784805,1
12.954326636254875,77.69156706088971,Park/Isolation Zone,12,Stalking,0.6024200797850137,1
12.93812196661489,77.67092349263037,Industrial Area,2,Safe,0.6037606584965016,1
12.936926491469475,77.5460989674703,Industrial Area,11,Stalking,0.5348748805649381,1
12.968421524172719,77.56551325878442,Suburbs,22,Assault,0.7531119777447731,2
12.985991523955965,77.541978568461,Industrial Area,8,Assault,0.6279446556172568,1
13.066189834211013,77.59837519189216,Residential Area,3,Safe,0.3916808249157293,1
12.923978218694543,77.50392210649485,Residential Area,1,Theft,0.5279172377697998,1
13.04698516947898,77.63427360177936,Residential Area,21,Assault,0.5910311163934614,1
13.00629098283786,77.60463162996354,Industrial Area,21,Theft,0.5841206671448453,1
12.9575890685352,77.67972778566022,Residential Area,8,Stalking,0.2909403054555885,0
12.998563916906566,77.53287853686568,Park/Isolation Zone,19,Theft,0.5747198541820702,1
12.959988413955404,77.66082184921223,Downtown,23,Safe,0.5539614385021774,1
13.019216391047662,77.65839220289334,Suburbs,12,Harassment,0.3301939828121628,0
12.98676878457105,77.52543623784338,Park/Isolation Zone,13,Harassment,0.6277122423214228,1
12.932881105815776,77.57971184482882,Residential Area,2,Safe,0.4548783803813584,1
12.92331661491114,77.53403052822891,Downtown,17,Harassment,0.49521073424537637,1
13.009339136414425,77.55094410009151,Suburbs,8,Safe,0.11146100608126143,0
13.08048260665722,77.55264923496611,Park/Isolation Zone,14,Assault,0.7059617910788308,2
12.968791537311537,77.61124727880515,Suburbs,21,Theft,0.36054188893943195,1
13.046600021444524,77.58228218635209,Industrial Area,23,Harassment,0.7548877805216763,2
13.031732270987954,77.68954656080126,Residential Area,9,Assault,0.4595255295061909,1
13.086310982861896,77.5252740283894,Park/Isolation Zone,16,Harassment,0.5082503318245054,1
13.064196203459828,77.69473842697005,Park/Isolation Zone,12,Stalking,0.5954709014932743,1
13.013321051781093,77.54612772804285,Downtown,0,Safe,0.425111744897216,1
13.031406099646821,77.65457478727637,Downtown,10,Safe,0.2733569476209853,0
13.079677293316808,77.56779398523456,Downtown,4,Assault,0.6982627803979777,2
12.979903756917388,77.52861627908347,Suburbs,8,Stalking,0.27861103536952114,0
12.965358941171555,77.67157783704926,Residential Area,6,Theft,0.4361229012867117,1
12.90216221672704,77.5617721798473,Suburbs,6,Stalking,0.54815374275281,1
13.065310214838293,77.63177108084537,Residential Area,1,Stalking,0.645776536062132,1
13.060196140080674,77.61328873701733,Park/Isolation Zone,18,Theft,0.6141441277607893,1
12.92089090362003,77.59435126187817,Suburbs,19,Theft,0.43591403230988385,1
13.01537147622654,77.59916389452971,Suburbs,17,Stalking,0.3115498290105516,0
12.992796339633378,77.64644758281845,Suburbs,9,Harassment,0.2921181114077269,0
12.923741819101823,77.51755458282469,Industrial Area,4,Harassment,0.7174154791985022,2
13.096113645412144,77.63363613239159,Residential Area,15,Stalking,0.36876328803363356,1
12.942939177492672,77.67916242027972,Residential Area,22,Harassment,0.5976921725518917,1
12.913446836018112,77.51155763940397,Suburbs,4,Theft,0.38620541714765894,1
13.018969475900382,77.52813066784674,Industrial Area,14,Theft,0.4521913252422329,1
13.047773335426607,77.64332638734041,Suburbs,21,Harassment,0.46330035312882745,1
12.906488689209437,77.58745632964893,Residential Area,15,Theft,0.1937240184341641,0
13.031743527745403,77.58070972416274,Park/Isolation Zone,3,Safe,0.7104128570336019,2
13.006458375190292,77.52739332690885,Industrial Area,13,Theft,0.42709305470154474,1
12.92065300177501,77.60135400814356,Industrial Area,23,Stalking,0.8397737358196148,2
12.934504775389273,77.52530906223927,Suburbs,16,Assault,0.49068107105415293,1
13.013594859463216,77.59532409126211,Park/Isolation Zone,16,Harassment,0.5429263766964716,1
12.959271522702657,77.65272305979234,Residential Area,20,Harassment,0.4940513207367919,1
13.087663145730263,77.55165287157743,Downtown,15,Theft,0.3976486835761607,1
13.06374804589681,77.59615723363595,Residential Area,8,Theft,0.25496664609308023,0
13.096713441302732,77.69840319387937,Residential Area,1,Assault,0.7607686401561622,2
12.951934167790084,77.63733008467081,Park/Isolation Zone,10,Assault,0.7186952930719244,2
13.093944726559595,77.66827135426104,Industrial Area,14,Stalking,0.5779751703834928,1
12.986246773958312,77.58296952131211,Residential Area,2,Safe,0.4525997024074345,1
12.969503759062752,77.65357218462518,Industrial Area,23,Stalking,0.8996312483343119,2
12.91006990539387,77.50810183458826,Park/Isolation Zone,15,Harassment,0.5103361085189204,1
12.91055305157192,77.52458223650845,Park/Isolation Zone,20,Theft,0.7227100721874197,2
13.03840225118933,77.54061411858402,Suburbs,18,Stalking,0.4149744474447535,1
12.991585798886806,77.58039038492305,Downtown,21,Theft,0.5184398368629756,1
12.945304325207221,77.66914897566515,Park/Isolation Zone,5,Theft,0.6431105588616475,1
13.022794061265046,77.56925321015758,Park/Isolation Zone,13,Stalking,0.5416870465957717,1
12.950571623650022,77.63092423870309,Industrial Area,4,Stalking,0.713991120372729,2
13.015526350868884,77.64186285896069,Park/Isolation Zone,4,Assault,0.8869930221947515,2
12.971841749396539,77.61723647081767,Residential Area,5,Safe,0.2143687826850047,0
13.064710445322364,77.57144839363403,Suburbs,17,Assault,0.4731724784152292,1
13.064139232153355,77.6154106683427,Suburbs,21,Safe,0.2918424035014915,0
12.99547007962448,77.56845311855795,Residential Area,17,Stalking,0.2532239459253304,0
12.970163821867004,77.5167747477104,Park/Isolation Zone,18,Safe,0.5087122213459139,1
12.972511959311818,77.6985607956372,Downtown,1,Harassment,0.7686654201780786,2
13.061142905133643,77.5254364907265,Park/Isolation Zone,16,Assault,0.6541394796976667,2
12.965635896559522,77.5144696767672,Suburbs,0,Assault,0.6902534545992027,2
12.941811874741369,77.67570614984143,Downtown,8,Assault,0.5656114270379288,1
12.916937668375061,77.56036693217858,Industrial Area,12,Theft,0.44064711036786114,1
12.993338624176882,77.63005939481471,Industrial Area,3,Theft,0.7124668028589359,2
12.996426419783969,77.56580114593245,Park/Isolation Zone,4,Stalking,0.7777785341905791,2
13.068181742080581,77.5782908541589,Park/Isolation Zone,22,Stalking,0.9213067862179087,2
12.944247739289214,77.55242259440335,Downtown,17,Theft,0.41879631499929254,1
12.97619825473368,77.5686088011586,Downtown,9,Assault,0.6629097220596888,2
13.061681147778739,77.58214008011731,Park/Isolation Zone,3,Theft,0.8322723590527283,2
13.064724722149794,77.64408321381848,Suburbs,12,Safe,0.11416934138719795,0
12.976922215195753,77.60230723884696,Industrial Area,12,Assault,0.5887682137556958,1
12.991824804657336,77.68871304343139,Downtown,16,Theft,0.45787455551625417,1
12.960657178169857,77.50837607876775,Suburbs,7,Stalking,0.41333340524677475,1
13.086510975683861,77.6006136645264,Park/Isolation Zone,3,Theft,0.7835457254486415,2
12.923728753148316,77.61684495776635,Residential Area,22,Harassment,0.5595340118652419,1
13.086749884600295,77.68403939721486,Downtown,2,Theft,0.7377289865743003,2
13.03677329036707,77.50983170472429,Residential Area,10,Assault,0.3589832945136448,1
13.006314430537346,77.61469991698705,Suburbs,11,Theft,0.2699178183809581,0
12.9065318121569,77.67072598570559,Industrial Area,8,Stalking,0.6248394610666275,1
12.995119238364401,77.54838554562384,Suburbs,14,Safe,0.08094211408914957,0
12.981549621000546,77.67525846970479,Industrial Area,12,Harassment,0.5121099248160565,1
12.932243762395025,77.50380868185486,Suburbs,4,Assault,0.6050514911122473,1
13.031281920700131,77.64649092582675,Downtown,4,Stalking,0.7021659507239899,2
13.094230181473657,77.68662264423374,Downtown,18,Harassment,0.6053060548958729,1
13.012437762212905,77.63143953232802,Residential Area,10,Theft,0.23286428295486855,0
13.04295065528879,77.5878058487961,Suburbs,8,Harassment,0.2240396061850372,0
12.913690090513203,77.50897620329454,Suburbs,2,Safe,0.4047122882093171,1
12.983533399163399,77.68402276266453,Residential Area,17,Harassment,0.29650936545935164,0
12.923271697032899,77.59405924453831,Park/Isolation Zone,12,Harassment,0.44827169722388405,1
13.022559167107302,77.50579934886719,Suburbs,11,Theft,0.1996678901517875,0
13.087696431642831,77.63796421426575,Suburbs,8,Theft,0.22011822098994857,0
13.032355546494328,77.59636745071525,Suburbs,9,Assault,0.42012863692764346,1
12.915360609662885,77.52486906348848,Park/Isolation Zone,12,Theft,0.4985891392089018,1
12.970933240997017,77.54285436186206,Downtown,19,Harassment,0.5945114092188419,1
13.01013267588817,77.51289813609117,Residential Area,19,Safe,0.2468622602875704,0
12.98064155122665,77.61485870794172,Park/Isolation Zone,12,Theft,0.6129791814954758,1
13.066728802095033,77.6244058958504,Industrial Area,21,Assault,0.7779287752562504,2
13.062934200941998,77.6011484596711,Industrial Area,8,Assault,0.606531459907851,1
13.022366204020644,77.66342042660052,Park/Isolation Zone,23,Harassment,0.9283497099831296,2
12.974691589026541,77.6722017642616,Park/Isolation Zone,9,Theft,0.5731970855414743,1
12.95106727475265,77.62312487933663,Downtown,18,Theft,0.49588899802335434,1
12.921174863642626,77.50255129594149,Industrial Area,5,Assault,0.8606713846154516,2
12.97097953669731,77.63904593114955,Residential Area,6,Theft,0.3076663939671252,0
12.982634503441544,77.58359984338408,Suburbs,14,Harassment,0.44351948583234335,1
13.035164585020814,77.61311149664527,Suburbs,21,Safe,0.33914189822380825,0
13.031631964859514,77.62981612040377,Downtown,18,Harassment,0.6265967334867567,1
12.914021627928252,77.57004732286542,Downtown,13,Theft,0.4429285210630666,1
12.979051863086232,77.68341970103437,Industrial Area,15,Harassment,0.5221858409582019,1
12.936355773443472,77.52679497334995,Residential Area,13,Stalking,0.31704846486759497,0
12.931362541063361,77.63430236145621,Residential Area,19,Stalking,0.5597831636934805,1
13.065460429947448,77.50087191599131,Park/Isolation Zone,1,Theft,0.8678078950421395,2
12.908383043343251,77.68493022108103,Downtown,8,Theft,0.36363719019065155,1
12.983836575180424,77.52250082664762,Suburbs,2,Safe,0.39839972169770865,1
12.933640731153304,77.51897684602952,Suburbs,5,Harassment,0.3883409347087837,1
13.075866043135694,77.56660152661046,Industrial Area,4,Safe,0.44761757838484545,1
13.011408102655007,77.57471325720782,Suburbs,13,Theft,0.23661935978552798,0
12.94627612727537,77.54286001446458,Residential Area,14,Theft,0.3126244400988428,0
13.000485457433275,77.61702433218542,Residential Area,17,Assault,0.5300420366656752,1
13.046297271940624,77.58858281960839,Downtown,16,Safe,0.1968171080958062,0
13.091623601783887,77.50683511780822,Industrial Area,8,Theft,0.48845687073685545,1
12.944089200849085,77.56393041245106,Suburbs,18,Stalking,0.5439829036189722,1
13.07723635442587,77.66208658271464,Downtown,22,Assault,0.812606631636097,2
13.086860822833497,77.63794030697238,Park/Isolation Zone,8,Harassment,0.598250253567632,1
13.083284108906414,77.64497417071598,Park/Isolation Zone,15,Assault,0.6260939054804578,1
13.027082871372382,77.6396233848167,Suburbs,5,Harassment,0.4244388789697399,1
13.025964130886942,77.56219460427661,Suburbs,7,Stalking,0.3049494951432508,0
12.980642126636765,77.51993278441536,Suburbs,2,Harassment,0.5214442737220892,1
13.050479576460758,77.55449343680662,Residential Area,21,Safe,0.3051895855202068,0
13.006258803670187,77.66635706003703,Suburbs,4,Harassment,0.4028898816086798,1
13.035487614245659,77.69609415955662,Park/Isolation Zone,6,Harassment,0.6801854927531426,2
12.985691580769759,77.5987694029483,Suburbs,22,Assault,0.7496589580724627,2
13.046299292808628,77.5019400709846,Industrial Area,0,Stalking,0.8871493751549541,2
13.06489430352091,77.52800896242685,Park/Isolation Zone,21,Harassment,0.6515683037765142,2
12.929287251320563,77.56441611506325,Industrial Area,20,Safe,0.4743744580441945,1
13.066585943114845,77.61571706971858,Park/Isolation Zone,3,Assault,0.9884510159787165,2
13.008059306358062,77.51501872916106,Downtown,15,Stalking,0.4495962846809532,1
13.068933181818045,77.68867145974198,Park/Isolation Zone,13,Stalking,0.6510253905803475,2
12.986260341268203,77.57301673465687,Park/Isolation Zone,0,Theft,0.9039228034964004,2
12.975808097076607,77.68251684358496,Industrial Area,3,Safe,0.6101971245435458,1
13.083012146503444,77.65610436055141,Industrial Area,9,Assault,0.6195515386545548,1
12.95023385350968,77.65108745450311,Park/Isolation Zone,10,Assault,0.6632148282090512,2
13.068842465057228,77.62134391595644,Park/Isolation Zone,6,Safe,0.5403212652609986,1
12.996804114501881,77.62535676341037,Residential Area,3,Stalking,0.6506760226271593,2
13.002819088510252,77.62760064704325,Downtown,0,Harassment,0.696883675565865,2
12.961693656297896,77.62574427740512,Downtown,0,Safe,0.4653405155901783,1
13.014608440123803,77.61074564627967,Suburbs,16,Assault,0.46906071725284687,1
12.965042239255242,77.69728280369658,Park/Isolation Zone,9,Safe,0.2867333630122565,0
12.90785388284833,77.64645811348514,Park/Isolation Zone,4,Stalking,0.729871656746786,2
12.95439972106887,77.65538927767851,Park/Isolation Zone,6,Theft,0.7314356676486014,2
12.90127580868132,77.67449256301674,Park/Isolation Zone,7,Theft,0.4584430619034892,1
13.095670957411372,77.54312795254518,Downtown,1,Harassment,0.802684127789941,2
13.093149441963948,77.51676083181901,Industrial Area,8,Harassment,0.4489398329883643,1
12.979031059494462,77.59657888731972,Residential Area,3,Stalking,0.6937344087100509,2
13.04567417086793,77.60281613912386,Industrial Area,11,Harassment,0.5287568868614912,1
12.969161219682086,77.66583635598998,Industrial Area,10,Theft,0.4744089299415062,1
13.034218631417195,77.58875671585646,Downtown,4,Stalking,0.619567046741113,1
13.061086008609196,77.61417060510887,Residential Area,11,Stalking,0.3818444222579887,1
13.089351248938447,77.60541418770269,Park/Isolation Zone,20,Stalking,0.7687290267002287,2
12.980042455169935,77.50764055675148,Downtown,3,Safe,0.6443971546859065,1
13.05665959659121,77.62304297931938,Downtown,12,Harassment,0.41920229277853194,1
12.953185690126423,77.66560865715485,Residential Area,21,Assault,0.6642995587729387,2
13.09806646075873,77.53150010961517,Suburbs,0,Theft,0.5049685517504472,1
12.90515391975287,77.61886634678532,Downtown,17,Harassment,0.43806024679001004,1
13.020705761300224,77.61872210888929,Industrial Area,3,Theft,0.7180745877556959,2
13.031901196330265,77.53283699281127,Industrial Area,3,Harassment,0.775227914422303,2
13.037609111414826,77.52469271474615,Park/Isolation Zone,7,Assault,0.6921310175916464,2
12.924077515757817,77.6960103885953,Downtown,19,Theft,0.6220874183043652,1
13.087705956694625,77.5787438339306,Park/Isolation Zone,5,Assault,0.8728321457371421,2
12.936236655810017,77.54548434574471,Downtown,3,Theft,0.7617038915240643,2
13.024550680647968,77.53426490889088,Residential Area,3,Safe,0.4007287886360018,1
12.944535215824617,77.63352034271665,Downtown,10,Safe,0.31413676373338284,0
12.961443283404254,77.62188905946546,Suburbs,8,Theft,0.2613504470953552,0
13.009291708345625,77.62871042459749,Industrial Area,13,Theft,0.41053723757817207,1
12.983438683712915,77.51760120550229,Residential Area,3,Assault,0.8028000316514203,2
12.932045120195301,77.6787069166997,Industrial Area,12,Stalking,0.6241951074026766,1
12.93418728048417,77.5778532793618,Park/Isolation Zone,5,Theft,0.6819158483412838,2
12.98362895763256,77.56267388128607,Residential Area,12,Harassment,0.3415439980280656,0
13.0514565956551,77.59247228944955,Suburbs,2,Harassment,0.6639576543451912,2
13.079592929369557,77.57801321314953,Industrial Area,22,Harassment,0.7864975832944504,2
12.916825532451877,77.67271540062784,Downtown,6,Safe,0.3641027593870422,1
12.97862078151188,77.68585219503959,Downtown,0,Assault,0.9181348905590968,2
12.920049112744575,77.56069064328992,Downtown,10,Safe,0.33632255959807666,0
12.90331849612652,77.672787161492,Residential Area,1,Harassment,0.6150594823078063,1
13.03234373652879,77.65630462590661,Suburbs,4,Theft,0.4314853264586407,1
13.020489888393318,77.68616153446895,Suburbs,23,Harassment,0.6037365019446718,1
12.932603822762978,77.54915006243718,Suburbs,21,Theft,0.41472864623658706,1
12.946762566618613,77.6153918300242,Industrial Area,13,Assault,0.6235990939222334,1
12.904741550728904,77.5549089169481,Residential Area,12,Stalking,0.3774133674416966,1
13.06698944113888,77.66481889809688,Downtown,15,Theft,0.4438892133658956,1
13.09493811920971,77.50106483811422,Industrial Area,22,Safe,0.5248742291414833,1
12.927091907358939,77.61296383257728,Suburbs,14,Harassment,0.2249429077851844,0
12.946295042753059,77.56784068625439,Downtown,2,Harassment,0.6623069084055517,2
13.073681904789387,77.56453674141557,Residential Area,5,Harassment,0.5237728599407528,1
13.085292759591237,77.62898126477299,Park/Isolation Zone,8,Theft,0.4537603256503,1
12.983925476561362,77.6702968898628,Suburbs,2,Assault,0.7675863721217829,2
12.910124494453814,77.62183907827867,Suburbs,12,Theft,0.3392507944774985,0
12.907878366738565,77.67063459572935,Suburbs,12,Safe,0.1166261911475501,0
13.014789973213801,77.5529194223762,Suburbs,21,Harassment,0.4757146725546348,1
12.978579021778636,77.603900370953,Downtown,6,Theft,0.5078437413723369,1
12.905730485515532,77.59010730781341,Residential Area,4,Harassment,0.4666605488117682,1
13.01665047846251,77.50232897990062,Industrial Area,7,Safe,0.25024517710406946,0
12.902260507317806,77.61136242862815,Downtown,7,Stalking,0.4048344277155479,1
13.057474391629855,77.63230486482924,Residential Area,21,Stalking,0.5026170959145185,1
12.961286564540675,77.61838288088381,Industrial Area,6,Stalking,0.7160408080417842,2
12.908051600601846,77.6472559797567,Suburbs,18,Harassment,0.4235808230778525,1
13.01767044419663,77.61426790569061,Residential Area,6,Theft,0.3626687608634507,1
12.979536882886611,77.51335005097015,Suburbs,22,Harassment,0.5893284419055037,1
13.09476008267143,77.52328910481694,Residential Area,3,Assault,0.7136631763245835,2
13.008839732500741,77.61929491550879,Park/Isolation Zone,9,Theft,0.5371100740885081,1
12.955047836207402,77.55499583839473,Suburbs,12,Safe,0.12234231654175277,0
13.041887772926795,77.51592902580695,Suburbs,3,Stalking,0.7314020585202669,2
12.954298400508543,77.58592054868971,Suburbs,18,Theft,0.38222459169514095,1
13.080848658281512,77.61086451961673,Downtown,9,Theft,0.4034911133750992,1
12.974944394101476,77.56574919766992,Industrial Area,6,Stalking,0.7086789850492516,2
13.00997371255524,77.64408674044516,Suburbs,4,Safe,0.2313502899797844,0
12.910114620764846,77.62875412162025,Suburbs,2,Harassment,0.5008255641521636,1
12.985224247590446,77.56656367221834,Downtown,21,Harassment,0.6221945090025099,1
13.0664727079322,77.65097450578172,Downtown,21,Theft,0.6667410845673425,2
13.061129761072667,77.6297390085066,Park/Isolation Zone,21,Stalking,0.7999677705896111,2
12.944863711770706,77.62748907574358,Residential Area,1,Assault,0.8479093378962246,2
12.945215814202113,77.61068554015742,Suburbs,10,Safe,0.14483981804526486,0
13.063461062442647,77.5022779336177,Residential Area,9,Harassment,0.29240162529802,0
13.086079684033864,77.63930143669538,Downtown,22,Safe,0.580079116781039,1
12.9190721842546,77.57520835822183,Downtown,12,Safe,0.30349464404255655,0
12.990011727885244,77.68852194203173,Park/Isolation Zone,6,Safe,0.419967303215231,1
12.967490855792846,77.66359695421545,Industrial Area,9,Stalking,0.5722410773487959,1
13.074137691091488,77.61753889390626,Downtown,3,Stalking,0.7950783614500445,2
12.916704982936004,77.55043639636385,Suburbs,21,Stalking,0.5738722341770403,1
12.942225188511607,77.54074347865553,Park/Isolation Zone,19,Theft,0.6686162583046454,2
13.0504936675173,77.5680769675355,Industrial Area,15,Stalking,0.4269847796844448,1
12.910258769796243,77.59531358871601,Park/Isolation Zone,19,Theft,0.6719943102382242,2
12.998507076142857,77.55921310200779,Downtown,5,Harassment,0.4969074223160731,1
12.988421406935943,77.6029858990785,Industrial Area,8,Harassment,0.5637054208179796,1
12.966880235797749,77.53307408510264,Residential Area,12,Harassment,0.2616055899896034,0
12.978914463063784,77.69554256256511,Industrial Area,6,Harassment,0.5934627100899066,1
13.005988117386046,77.521584910993,Suburbs,17,Harassment,0.2614475284244042,0
12.932273471677677,77.68638882793088,Residential Area,13,Stalking,0.3053162879611082,0
13.014399175656719,77.68271560228054,Residential Area,21,Assault,0.5922144919547264,1
13.061086465859997,77.6050720963639,Suburbs,4,Stalking,0.45697460849198496,1
13.052032185958032,77.64498205436722,Residential Area,21,Assault,0.5849587517345836,1
12.930779980938755,77.58720965959452,Downtown,12,Stalking,0.4228860232024075,1
12.929849893948296,77.62600691550848,Industrial Area,23,Harassment,0.7874177555942021,2
12.953634873548983,77.56811518748422,Industrial Area,7,Safe,0.37112936703513955,1
12.972214945268208,77.5602318039571,Suburbs,14,Assault,0.4275707123715325,1
12.981691116281697,77.61564595723391,Downtown,18,Safe,0.43120733840836867,1
13.035939443366669,77.5996259348368,Residential Area,8,Harassment,0.23718545139937044,0
12.911336086433167,77.61590727383,Industrial Area,5,Assault,0.8289848033020889,2
12.906934540845214,77.5573321162574,Industrial Area,22,Safe,0.6568792114697186,2
12.978382112588783,77.5733915663634,Industrial Area,13,Stalking,0.6212605991607141,1
13.039432738427596,77.51677959212579,Industrial Area,22,Harassment,0.8100373850316218,2
12.938687068591296,77.51045527445444,Park/Isolation Zone,9,Stalking,0.6335721385551437,1
13.02830089625125,77.5506914259346,Suburbs,8,Stalking,0.2859740576799142,0
12.95196562758806,77.5148493718661,Residential Area,16,Harassment,0.28082950686623687,0
13.077217221762703,77.52075494172695,Residential Area,12,Assault,0.40998581625192143,1
13.079137988853322,77.6625856810788,Suburbs,16,Theft,0.2664226411246486,0
12.959457440856266,77.50777473940333,Downtown,18,Theft,0.5235892389959023,1
12.945998750792649,77.63178855878695,Suburbs,12,Harassment,0.3343393973989629,0
12.982260794413246,77.55451154976308,Industrial Area,8,Theft,0.5734295164556528,1
12.94810631703603,77.67430913614163,Industrial Area,0,Safe,0.6310787379570857,1
13.03447676865834,77.5969984569155,Suburbs,0,Assault,0.8205828991670316,2
13.065212936909656,77.56111529186556,Suburbs,4,Stalking,0.4407723719680975,1
13.034618426182243,77.60352778713789,Residential Area,7,Stalking,0.34575149333359945,0
13.064870089449869,77.57639160380906,Residential Area,17,Harassment,0.31084277209689243,0
12.979398432441496,77.61286021293397,Park/Isolation Zone,3,Stalking,0.9032527848897287,2
12.931263394141773,77.52290657366527,Park/Isolation Zone,21,Safe,0.592166572900543,1
13.047590189479518,77.69939810056252,Industrial Area,0,Safe,0.5628056976528465,1
12.972094901028312,77.58511117553934,Park/Isolation Zone,14,Harassment,0.5661562013824939,1
13.034254165045827,77.56964612794147,Park/Isolation Zone,19,Stalking,0.6285766124152217,1
12.954128788396353,77.64204196966325,Downtown,3,Theft,0.7212336552681761,2
12.916245926961334,77.57277988129907,Suburbs,8,Theft,0.2752957927957276,0
13.098516359097552,77.66665486100575,Residential Area,21,Assault,0.5973874268340357,1
12.93124030158612,77.59085414487208,Park/Isolation Zone,23,Harassment,0.8697650758489094,2
13.097684198792695,77.64391168265308,Residential Area,19,Assault,0.5717755304127576,1
13.09545598651329,77.52149064328837,Park/Isolation Zone,9,Theft,0.4389240228215159,1
13.058763620781608,77.66922383711102,Park/Isolation Zone,23,Theft,0.7505729814659394,2
13.0318845924164,77.64714359735562,Industrial Area,14,Theft,0.40737169905983134,1
13.015561410050218,77.5423433556924,Downtown,2,Assault,0.8353824195516442,2
13.073220309075566,77.52905720194916,Suburbs,1,Harassment,0.5334088816810939,1
12.957887904323897,77.56325846974512,Suburbs,21,Safe,0.20849679173042956,0
12.993536242496976,77.69521411720639,Industrial Area,4,Safe,0.4321948409140595,1
13.0238779938733,77.55136631491341,Industrial Area,23,Theft,0.7565938251129483,2
12.982238095173898,77.59122544178933,Suburbs,0,Harassment,0.5388046173029857,1
12.985497290818053,77.50600404514347,Suburbs,10,Harassment,0.25330706763427624,0
12.966056933500417,77.57944550591324,Downtown,11,Stalking,0.4692867517106184,1
13.012846363336907,77.61426400308662,Park/Isolation Zone,2,Stalking,0.9218439385720666,2
13.070114905603022,77.6906249225016,Downtown,22,Assault,0.8402434068852298,2
12.940305675601262,77.60334720898801,Suburbs,15,Stalking,0.3241367734776277,0
13.086886607750689,77.66382146523554,Park/Isolation Zone,13,Assault,0.7486202772704253,2
13.037817530749646,77.60942552851378,Suburbs,11,Safe,0.06026887453871779,0
13.064654642536006,77.5081570026871,Downtown,19,Theft,0.48763605349890204,1
13.011238138526002,77.56300165503795,Downtown,15,Harassment,0.445639036863176,1
13.055903340284813,77.61510990156623,Downtown,20,Safe,0.35843950401682734,1
12.903240079467894,77.69011879318623,Park/Isolation Zone,7,Safe,0.21190276650071518,0
13.063676084955906,77.67182607195025,Residential Area,16,Assault,0.45995228839700336,1
12.908027771817073,77.54567112283577,Residential Area,16,Theft,0.2935118545866794,0
13.077982675272573,77.54402196600384,Suburbs,6,Assault,0.5988820681496787,1
13.098392549447729,77.54023459342278,Park/Isolation Zone,14,Safe,0.4021599157814566,1
12.958813492435356,77.6844997792605,Industrial Area,8,Harassment,0.5322012949055053,1
12.942063711257159,77.67053323062035,Residential Area,3,Stalking,0.6072550165894882,1
13.053072672771608,77.6549766864506,Park/Isolation Zone,7,Assault,0.8024753439643517,2
12.95060526818405,77.57854702284484,Park/Isolation Zone,9,Safe,0.36605717909488183,1
13.07311247663444,77.60087614085975,Residential Area,14,Stalking,0.3713901454055319,1
12.920568518431496,77.59286634895903,Park/Isolation Zone,22,Stalking,0.8503266190724085,2
12.925191039275871,77.55067962151188,Park/Isolation Zone,17,Safe,0.27270757322712075,0
13.095830311020123,77.60100560922976,Residential Area,13,Theft,0.1958303030792667,0
13.034767779654,77.50609930957054,Downtown,4,Safe,0.4460050606923073,1
13.06937744488579,77.52636207469949,Suburbs,8,Harassment,0.38552491882671286,1
12.964865875470304,77.67731791923379,Industrial Area,12,Stalking,0.5644375535592658,1
13.03529674990412,77.65033595340628,Suburbs,18,Harassment,0.4546262487169559,1
13.01884836546172,77.58457368181182,Downtown,10,Assault,0.6483619815967399,1
13.02063002402459,77.60343007245677,Downtown,11,Stalking,0.5690584217348588,1
13.036506491907545,77.573999777192,Park/Isolation Zone,2,Theft,0.7273966986094766,2
13.01507183462582,77.64815597343214,Suburbs,1,Safe,0.48139669862758283,1
12.985812473860534,77.65683743584641,Downtown,22,Assault,0.880975342386404,2
12.955184538876109,77.65265703804063,Suburbs,21,Harassment,0.5041989756979471,1
13.05371626618264,77.64452234496689,Downtown,14,Assault,0.5466184147107696,1
12.945254486000637,77.54090086773856,Industrial Area,4,Theft,0.6516750990301017,2
13.038470861230882,77.5675939958481,Downtown,6,Safe,0.3283152438704694,0
12.946666564529865,77.59396908699674,Suburbs,3,Assault,0.8060656510171252,2
13.02506603399089,77.56615859828553,Park/Isolation Zone,4,Harassment,0.7321673163550609,2
13.049415653425806,77.65098804003166,Suburbs,15,Assault,0.3713978556141181,1
12.943742777781308,77.56587070484998,Residential Area,14,Safe,0.1637706884973702,0
12.911988660172263,77.52764641735706,Suburbs,15,Assault,0.4012010645472229,1
12.926194748598835,77.57980809040966,Industrial Area,3,Harassment,0.8571457797618206,2
13.021199393454205,77.69598288655648,Industrial Area,5,Safe,0.4572239145739694,1
13.069889281245146,77.54517628258671,Industrial Area,17,Theft,0.3876864503644639,1
12.908999364247085,77.62243173178865,Downtown,2,Theft,0.6493390340278591,1
13.046830251808329,77.58659460996795,Industrial Area,21,Stalking,0.8951399358810963,2
12.96826372919001,77.51420491352987,Suburbs,23,Assault,0.8653673507953322,2
12.995705673983904,77.59757532119961,Park/Isolation Zone,4,Harassment,0.689466090501852,2
13.085771909969113,77.64043286572966,Industrial Area,1,Assault,0.971231914407377,2
12.966394300947169,77.60264399516556,Suburbs,22,Safe,0.46015169334548794,1
12.993067386787898,77.67442121274932,Downtown,15,Stalking,0.4354061432172341,1
12.902736482952136,77.55778740333152,Downtown,5,Harassment,0.634496808961577,1
12.916319744000967,77.5172498342608,Park/Isolation Zone,14,Assault,0.7493584096653734,2
12.951718318226957,77.6873131223316,Park/Isolation Zone,17,Harassment,0.5680922371738114,1
12.905570448164216,77.57563926990565,Suburbs,5,Safe,0.31954727740393135,0
13.02627506520965,77.61528111029072,Park/Isolation Zone,12,Stalking,0.607632197875677,1
12.985279671360324,77.65840062522604,Park/Isolation Zone,23,Harassment,0.9052648438677778,2
13.009629040545605,77.56486273277511,Downtown,12,Safe,0.26181501434711035,0
12.934929437179266,77.64323290763552,Suburbs,0,Theft,0.4733151194126513,1
12.959186405887323,77.52708376996357,Park/Isolation Zone,15,Harassment,0.5969480913995655,1
13.032764894970544,77.55825874944111,Suburbs,3,Stalking,0.7150973429711315,2
13.093060544726079,77.52894212722731,Industrial Area,16,Harassment,0.4924398707584443,1
12.910083354720442,77.66224611168028,Downtown,17,Harassment,0.3830453622833884,1
13.078076864171052,77.54452984704535,Downtown,15,Safe,0.2934037279324023,0
13.015376240262242,77.64348071108104,Downtown,0,Assault,0.9158238412422272,2
13.012783913351125,77.68865967944913,Residential Area,5,Assault,0.6148506306573215,1
13.000055707041552,77.60555444181378,Suburbs,10,Harassment,0.30945097334825367,0
12.913878817180837,77.60800583845214,Industrial Area,5,Stalking,0.7503855202296662,2
12.917975370347232,77.59220671361956,Park/Isolation Zone,16,Stalking,0.614396813378976,1
13.020182401131818,77.56517802867873,Industrial Area,3,Safe,0.5762539584492077,1
12.968191714287112,77.59513100618499,Suburbs,13,Harassment,0.21923696614672172,0
13.083453613315536,77.62056150645336,Downtown,13,Harassment,0.42692367497897504,1
12.981318107471894,77.69719831443413,Residential Area,19,Assault,0.6454779417241078,1
12.928656291740529,77.68755291186365,Suburbs,7,Safe,0.08326192321885809,0
13.042943766700407,77.67243059165862,Suburbs,21,Theft,0.44539246692290274,1
12.958670684288203,77.67782610714097,Park/Isolation Zone,1,Stalking,0.8292875899284913,2
13.005094061471178,77.5935698366584,Industrial Area,4,Stalking,0.649416991322403,1
13.039566557101034,77.6314888654355,Industrial Area,3,Harassment,0.7465149460179576,2
13.080052822240415,77.67901334458725,Park/Isolation Zone,9,Safe,0.35676878339934076,1
13.058438238960335,77.57859015299827,Residential Area,19,Theft,0.48960066824519183,1
13.035272213574544,77.6923524956691,Downtown,23,Stalking,0.91221501456005,2
13.03592663647903,77.58315721241384,Downtown,20,Safe,0.4528769270107968,1
13.089184928806416,77.62021653307865,Residential Area,2,Theft,0.4521044746800648,1
12.959164819499307,77.64196094265448,Park/Isolation Zone,15,Harassment,0.5123959483522744,1
12.900222418839238,77.69011840261518,Suburbs,9,Assault,0.29805745831562813,0
12.95439091187964,77.54892325481046,Industrial Area,14,Stalking,0.5582601378567837,1
12.943578275925349,77.64922619564773,Suburbs,3,Stalking,0.7312440539024005,2
13.032366917022799,77.60416311722882,Industrial Area,0,Theft,0.7907753668551446,2
13.026742319953106,77.55371142812413,Suburbs,21,Assault,0.5117266246399501,1
13.018692276540945,77.65532136795927,Park/Isolation Zone,14,Safe,0.41943612228930605,1
12.903248688641892,77.61044445603477,Park/Isolation Zone,9,Harassment,0.6102139783509201,1
13.04575561089013,77.63219476412993,Residential Area,19,Safe,0.32715640923367717,0
12.964706082497099,77.56458021371559,Suburbs,21,Theft,0.45545542562488694,1
13.033011197801326,77.59625479036552,Suburbs,17,Stalking,0.32369320811544294,0
13.011315685700431,77.62347085019762,Residential Area,15,Stalking,0.2572542688167516,0
12.968546185085582,77.58098216285397,Residential Area,20,Safe,0.30854630990549575,0
12.926915253420821,77.53967450796954,Park/Isolation Zone,8,Harassment,0.5888299732578004,1
12.918883779532097,77.69232809846307,Park/Isolation Zone,23,Theft,0.7014034392890931,2
13.066303666622444,77.60229350800853,Suburbs,18,Harassment,0.4017850870741879,1
13.083679508416312,77.64678407405754,Park/Isolation Zone,16,Theft,0.453189614710857,1
13.02995760935286,77.58220943871122,Park/Isolation Zone,9,Harassment,0.5863735591110154,1
12.920686822972097,77.57102635280515,Suburbs,18,Safe,0.24922498633225662,0
12.980405443377649,77.58143285969342,Residential Area,7,Assault,0.4368159018900855,1
13.045787840021031,77.58183932875713,Suburbs,18,Theft,0.37902604208467294,1
13.055964176802014,77.60883602318839,Downtown,4,Safe,0.3437166201727014,0
12.923643724458218,77.60869397399627,Suburbs,1,Stalking,0.6982690940524457,2
12.900006143769076,77.59943076317657,Downtown,14,Stalking,0.4636555226184089,1
13.04242740917612,77.52695715698349,Suburbs,16,Harassment,0.3581188108901871,1
12.97131923519724,77.5992150957001,Downtown,9,Stalking,0.4303480901418422,1
12.950896266323653,77.53382078008413,Downtown,20,Assault,0.7254014172713432,2
12.902579493957905,77.52522715725915,Suburbs,20,Theft,0.4982416627966318,1
13.0080598813523,77.68652914346823,Park/Isolation Zone,21,Harassment,0.7117311155923245,2
13.070230147085196,77.62099000262954,Industrial Area,1,Theft,0.7254726571442889,2
13.091526329254517,77.63189801162491,Park/Isolation Zone,8,Theft,0.4685956706124439,1
13.013148990122659,77.58035873406668,Downtown,1,Safe,0.5065302973464263,1
13.00289226554798,77.68179617838298,Suburbs,17,Stalking,0.3726848486573265,1
12.91701127709785,77.62758609791594,Suburbs,11,Theft,0.2949298224552188,0
13.00977456030852,77.65383397390472,Suburbs,14,Assault,0.46256486207330344,1
12.975995815793079,77.57371249380554,Suburbs,20,Assault,0.5970391256211087,1
13.021427056176716,77.69200237616383,Industrial Area,19,Stalking,0.730078435487855,2
12.97774526957531,77.66409225803166,Residential Area,5,Stalking,0.4297720947602155,1
12.948059824690073,77.67078969260291,Downtown,17,Harassment,0.4689041034108932,1
12.918993055045675,77.53443885348516,Industrial Area,12,Harassment,0.5217327176854619,1
12.96298368891778,77.55419264157425,Park/Isolation Zone,3,Harassment,0.8633676515621683,2
12.91932896685755,77.55712531993672,Residential Area,11,Stalking,0.3222385258302666,0
12.935379390164798,77.55418184464938,Residential Area,8,Theft,0.21124784029591165,0
13.097467231715909,77.67108163242087,Suburbs,1,Safe,0.334958559413886,0
12.988820711381324,77.50637695904172,Industrial Area,15,Harassment,0.5735290786209603,1
13.006374353301004,77.51521999779615,Park/Isolation Zone,0,Safe,0.6472161343566655,1
13.074723705747443,77.55478297412598,Suburbs,3,Assault,0.7288101858792069,2
13.099113780098136,77.53997459492989,Suburbs,14,Stalking,0.3239385061314945,0
13.016542889868937,77.54637192277657,Downtown,19,Assault,0.7021753579116091,2
13.062494764208834,77.65958863785066,Residential Area,0,Harassment,0.573214803266225,1
12.965388204867335,77.61262531877841,Park/Isolation Zone,19,Theft,0.710561483573992,2
12.961148791489459,77.50115413225859,Residential Area,14,Harassment,0.32908556358914975,0
12.980540744198912,77.58586455314084,Industrial Area,2,Safe,0.6414246704553452,1
13.03450145253473,77.58157698537008,Downtown,12,Harassment,0.49796432035175436,1
13.03643833785102,77.52278905388891,Suburbs,17,Theft,0.3599915066851041,1
12.96304788692989,77.6352283577203,Downtown,12,Theft,0.40138600910916383,1
12.926641984827326,77.6404194376759,Suburbs,9,Stalking,0.32860060342769803,0
13.026479251293102,77.64417864381042,Downtown,19,Stalking,0.6718588637390227,2
12.925665172437753,77.64569418911172,Suburbs,23,Theft,0.5824338304457961,1
13.015698501645867,77.50001056538646,Residential Area,6,Theft,0.39829770856143465,1
13.038684425611262,77.69078416076935,Residential Area,7,Safe,0.055301790729838006,0
13.04012229927889,77.66284175341093,Residential Area,0,Harassment,0.6092998388062835,1
13.050694422131919,77.68079633931787,Residential Area,17,Stalking,0.3772245166412343,1
13.074571884313132,77.50312865906149,Downtown,11,Safe,0.2673694087108036,0
12.999991798392958,77.68677175915715,Suburbs,17,Harassment,0.20811803487845357,0
13.046049837905914,77.66195770573762,Residential Area,23,Stalking,0.5704955250245134,1
13.023834547073168,77.66744382859174,Downtown,11,Safe,0.2858392140637188,0
12.937327987959536,77.5186574769444,Suburbs,19,Assault,0.5813844583076047,1
12.905137928973883,77.64775560578371,Downtown,8,Assault,0.7112286291376165,2
12.956908277135387,77.69198333792842,Residential Area,1,Stalking,0.7170580366277035,2
12.988606741267525,77.63570946828364,Industrial Area,13,Safe,0.236593502466079,0
13.023421188885731,77.61411228092493,Downtown,3,Harassment,0.8013257641964922,2
13.06999186610064,77.6891259355498,Residential Area,14,Harassment,0.3800288435102781,1
12.939249143341234,77.58858742434688,Park/Isolation Zone,16,Safe,0.32773631836606,0
12.925109957979696,77.6198587132621,Suburbs,18,Assault,0.5956911189606373,1
13.092695989494866,77.59526765869887,Residential Area,5,Safe,0.22259814757436017,0
12.921608911875282,77.68656924427206,Park/Isolation Zone,8,Assault,0.6438671780538938,1
12.995698214021438,77.5152169453531,Downtown,16,Assault,0.6788488973534317,2
13.017112745758661,77.60022394016507,Downtown,14,Harassment,0.3205013086228742,0
13.008274884181487,77.63739048827709,Park/Isolation Zone,4,Stalking,0.7162709413337927,2
12.917206431406589,77.65838130768445,Park/Isolation Zone,17,Theft,0.47887703320106745,1
12.911405382800725,77.61660372948883,Suburbs,22,Safe,0.40785939778017466,1
12.921096685492207,77.6817835488243,Downtown,3,Assault,0.8380151873341233,2
13.017117536774522,77.68839828937678,Park/Isolation Zone,20,Safe,0.5677467193709179,1
13.008868977526864,77.51286384463872,Industrial Area,23,Stalking,0.758205014849512,2
12.946748158407349,77.58047410790827,Industrial Area,1,Stalking,0.7589363751243338,2
13.027554828369118,77.50469180434423,Park/Isolation Zone,18,Theft,0.6529026554955034,2
13.06401350041113,77.5658833314749,Suburbs,4,Theft,0.33565234588766707,0
12.908315791969319,77.60737364359412,Downtown,3,Assault,0.9103878976885378,2
12.999625988709608,77.682158986102,Industrial Area,4,Theft,0.5629953151779573,1
13.037862082420538,77.66931086449308,Park/Isolation Zone,18,Assault,0.8903697762030326,2
12.950462385413937,77.5254999453344,Park/Isolation Zone,12,Harassment,0.5036065697104181,1
12.96155418105863,77.51860607494818,Residential Area,15,Assault,0.5222275386143138,1
13.022727580597877,77.61785346775133,Park/Isolation Zone,11,Theft,0.5314703757235311,1
13.079587058688746,77.60642359449176,Suburbs,8,Safe,0.06209523531593742,0
13.06198488406058,77.55327552828601,Industrial Area,23,Theft,0.7812123202316367,2
13.016626043819917,77.67989061691077,Residential Area,15,Stalking,0.35730079713042256,1
13.046044343551449,77.68547328189231,Industrial Area,13,Theft,0.4892755262758288,1
12.97296449404156,77.58052228766803,Industrial Area,21,Harassment,0.6799721831899164,2
13.028193105619751,77.6780605114227,Suburbs,0,Assault,0.767964343139019,2
12.993236318225511,77.5767897788526,Park/Isolation Zone,19,Stalking,0.7532326027049607,2
12.937987227291512,77.64736336636594,Suburbs,22,Assault,0.7952236994264328,2
13.04034765477545,77.59518844350954,Park/Isolation Zone,20,Assault,0.9085298295740065,2
13.011292927469764,77.52451663130144,Residential Area,3,Theft,0.556828350044945,1
12.971724316390718,77.68558684024741,Suburbs,8,Safe,0.13030742832093045,0
13.082267838015726,77.59081931867551,Suburbs,23,Stalking,0.6968629106018713,2
12.904186823565347,77.64689740806449,Downtown,18,Harassment,0.6803463513459018,2
12.9631546302499,77.57343476288627,Suburbs,13,Harassment,0.3716061726989915,1
12.91137627955553,77.50377617571525,Downtown,21,Safe,0.4514928422939583,1
13.053305463244325,77.52010607173837,Park/Isolation Zone,11,Safe,0.32929387787699604,0
13.040421490822759,77.59924389589798,Park/Isolation Zone,3,Theft,0.7343562840591089,2
12.966270443747263,77.63799287142527,Park/Isolation Zone,6,Harassment,0.7279648544696223,2
13.035132580441415,77.56694706531586,Downtown,16,Stalking,0.5275863509059752,1
12.97918744523919,77.63909769183553,Park/Isolation Zone,0,Safe,0.6301528905008389,1
13.051250758284487,77.6397271178864,Industrial Area,13,Safe,0.23328759774583574,0
12.990836732547342,77.64078718146557,Suburbs,14,Safe,0.18278967563772158,0
12.982455945566333,77.59850437080411,Downtown,11,Stalking,0.5212796959222954,1
13.08694598309766,77.6829772300243,Park/Isolation Zone,11,Harassment,0.48958769766541044,1
12.95017581997814,77.59783930359612,Industrial Area,5,Stalking,0.6936510253295933,2
12.924089467999313,77.59005303869932,Suburbs,12,Stalking,0.28281575777345946,0
13.016908622651892,77.53987616380212,Suburbs,15,Theft,0.2840892117274923,0
13.093864362456836,77.56153101747127,Park/Isolation Zone,13,Safe,0.442504074128818,1
12.975567842745438,77.50846689850366,Industrial Area,6,Harassment,0.640698848879175,1
12.912407352725756,77.62670705872324,Downtown,15,Theft,0.3953757126542858,1
12.967861053461913,77.54970714878542,Park/Isolation Zone,22,Theft,0.7861856581947251,2
13.001186330863911,77.5608310508971,Suburbs,8,Assault,0.438780173980175,1
12.932384601326444,77.65416290433286,Suburbs,13,Safe,0.06120373393965385,0
13.031620443611299,77.56544423663229,Suburbs,23,Harassment,0.669102142999962,2
13.09954987780204,77.54843917840263,Park/Isolation Zone,6,Harassment,0.7097514000849373,2
12.990347895196289,77.53381154982674,Residential Area,11,Harassment,0.3031691454442006,0
12.970945711346042,77.65497168043639,Residential Area,2,Safe,0.3886973222273289,1
12.980140833366894,77.525941251598,Residential Area,13,Harassment,0.23635517730598704,0
12.92302923567904,77.59075075205007,Industrial Area,18,Stalking,0.7469191080101283,2
13.076654720285244,77.60138602321544,Park/Isolation Zone,10,Stalking,0.6711479341594911,2
12.98296513110427,77.63747798253715,Suburbs,4,Safe,0.1569266080518818,0
12.977454882284968,77.6266566964666,Industrial Area,22,Harassment,0.83547235984662,2
13.031938054586094,77.66214413458904,Residential Area,12,Assault,0.49312253760688646,1
12.988406684186225,77.50895028678525,Downtown,9,Assault,0.6642102592899584,2
13.029646693761569,77.55928814495589,Industrial Area,6,Assault,0.8602732610995263,2
12.912289258026158,77.55602682375508,Industrial Area,16,Stalking,0.6817901325995369,2
13.062744668744445,77.52920338111842,Park/Isolation Zone,15,Assault,0.7200130311541525,2
13.088100790575881,77.5578356507713,Industrial Area,7,Harassment,0.5496339094888949,1
13.029753077231877,77.56195306282858,Park/Isolation Zone,16,Harassment,0.5506216123805281,1
13.090913185771761,77.6043768923855,Downtown,12,Assault,0.5598582578502972,1
12.930286462873992,77.63274089578525,Suburbs,10,Theft,0.2854136720817966,0
12.995483237896071,77.57622010272236,Suburbs,19,Assault,0.6496897000454899,1
13.02036134678909,77.64389404626267,Residential Area,17,Theft,0.26708924859613686,0
13.016347329484237,77.56723306771592,Residential Area,4,Safe,0.16698773836396333,0
12.98029235581781,77.55805673546296,Downtown,5,Safe,0.32755217393411756,0
12.967616881873253,77.6082376111714,Suburbs,19,Harassment,0.488364749939979,1
12.925364804510084,77.50474327206116,Residential Area,13,Stalking,0.3317131440879291,0
12.978348490112456,77.5159578247268,Industrial Area,11,Harassment,0.5178046646460595,1
12.932532163021097,77.5835939087173,Park/Isolation Zone,3,Harassment,0.8741345609007318,2
13.046873135298444,77.68858254227835,Residential Area,6,Stalking,0.49427915301362413,1
12.941766187098919,77.64430235596869,Downtown,10,Harassment,0.43719578747779747,1
12.911713061056908,77.51762531390011,Suburbs,19,Stalking,0.4934866519441535,1
13.010473227563446,77.66926360255617,Downtown,1,Harassment,0.7795745121204518,2
13.01904594654388,77.64646015412164,Park/Isolation Zone,3,Safe,0.6739998975166737,2
13.0743826122561,77.62218930514054,Park/Isolation Zone,6,Theft,0.6100512701361411,1
13.015396322483536,77.66405859212183,Downtown,0,Harassment,0.7492581987735174,2
12.96909617074469,77.5808219695486,Residential Area,14,Theft,0.19696465570006902,0
13.060602376305264,77.54430021017077,Residential Area,19,Assault,0.6257177875456806,1
13.008055778637484,77.60240467782175,Suburbs,21,Harassment,0.42672288918362083,1
12.91585605692624,77.6097683511187,Suburbs,23,Safe,0.4359886064324636,1
13.01317011206265,77.60766527440198,Industrial Area,7,Stalking,0.537978540698651,1
13.081603709084332,77.61301475829602,Industrial Area,4,Safe,0.5072003012815485,1
12.979262525099644,77.68974098364784,Suburbs,13,Theft,0.31665298914403106,0
12.95926516037996,77.68044912461924,Industrial Area,17,Stalking,0.5722100670091715,1
12.928693891403604,77.6751434073118,Downtown,2,Safe,0.5316378360295809,1
12.930289104387072,77.66028336218173,Residential Area,1,Safe,0.3531351403803302,1
12.986554296868364,77.68868562145306,Industrial Area,21,Safe,0.498081604598019,1
13.019135964832305,77.51969892833588,Industrial Area,15,Stalking,0.5466903293763832,1
12.91612308103392,77.55302465228915,Downtown,13,Safe,0.2524075004512545,0
13.087913717805034,77.59901118913092,Park/Isolation Zone,15,Safe,0.330579835299172,0
13.05102672348904,77.66930689862468,Suburbs,10,Theft,0.1808603223705103,0
13.017324783656733,77.60103314230454,Downtown,16,Safe,0.30372415093037847,0
13.065687734187797,77.64960694786832,Park/Isolation Zone,2,Safe,0.6457642754682899,1
12.916037351362423,77.52779198104979,Downtown,22,Assault,0.8068875163376754,2
12.995367775546624,77.55048276259531,Residential Area,22,Stalking,0.6430985701085222,1
13.026018625372332,77.64635521900753,Downtown,4,Assault,0.6822653065778002,2
13.065730581223658,77.53294680177754,Downtown,2,Theft,0.7295189307946628,2
13.056693912009854,77.57027118693098,Residential Area,14,Assault,0.47265016217264677,1
12.95541384994268,77.55297325156272,Suburbs,22,Harassment,0.675412731931675,2
13.088176033911841,77.5699723388445,Park/Isolation Zone,4,Stalking,0.6761707824725816,2
12.924869168286174,77.6416648098156,Industrial Area,21,Safe,0.521860406961001,1
13.07502672372423,77.57356943622857,Suburbs,2,Assault,0.7759667373750944,2
13.094188049920923,77.6110526645216,Downtown,5,Assault,0.6816543414537672,2
12.935430704644526,77.51998637541088,Industrial Area,22,Safe,0.6913508755716276,2
13.044413212840757,77.66100353864692,Residential Area,13,Safe,0.09377704149460284,0
12.908057103755601,77.57397772512962,Suburbs,23,Theft,0.49043826374394606,1
12.981084565027832,77.62970683180667,Park/Isolation Zone,1,Assault,1.0,2
13.003256659839534,77.64507792033237,Suburbs,17,Assault,0.39555467831848756,1
13.016129045181927,77.54193218442234,Suburbs,5,Harassment,0.5078110549245523,1
13.087187449649711,77.67693499699067,Industrial Area,23,Harassment,0.7904021766453329,2
13.034450137458839,77.6232448503214,Residential Area,4,Assault,0.5825388474643391,1
12.996255590243848,77.5857450283503,Residential Area,13,Harassment,0.23491794297313284,0
13.061935007253178,77.53646703671565,Suburbs,16,Assault,0.3978204664187082,1
13.090106564190881,77.68846018758025,Residential Area,10,Stalking,0.358023263627081,1
12.904413229736459,77.65101364082632,Industrial Area,0,Theft,0.668039966741791,2
13.096504254451208,77.54160491254665,Industrial Area,9,Harassment,0.5344612652210292,1
12.917226427812736,77.56754215494485,Park/Isolation Zone,8,Assault,0.6737593070493668,2
13.062877355853752,77.66193485161762,Residential Area,19,Harassment,0.4301805510589254,1
12.956066950510282,77.63913553264307,Park/Isolation Zone,11,Theft,0.5291582435481736,1
12.926435931550774,77.65315685854314,Downtown,0,Stalking,0.7897963664282619,2
12.987971127942767,77.58824022044259,Industrial Area,23,Safe,0.6615288131206205,2
13.028791315889523,77.64329525252843,Suburbs,17,Safe,0.0,0
12.976190369004694,77.57729874457279,Industrial Area,11,Harassment,0.5400226134790205,1
12.91091308165654,77.54225258338764,Downtown,1,Assault,0.901204447062833,2
13.019892227931743,77.62653540696827,Suburbs,0,Theft,0.5171059267645275,1
13.080480655222134,77.69520278511976,Residential Area,0,Stalking,0.6974495563281375,2
12.97664307318945,77.56212019427906,Residential Area,0,Stalking,0.6793411885062055,2
12.943266555526165,77.5921939184425,Industrial Area,21,Stalking,0.7114169628642164,2
12.988515469186563,77.63480027421397,Suburbs,11,Safe,0.0873460139560159,0
12.909672542209757,77.6083012564245,Suburbs,6,Theft,0.3647266996679477,1
13.064097516896055,77.6686855591418,Park/Isolation Zone,3,Safe,0.5960528969464514,1
13.065268162190037,77.6523485412939,Downtown,20,Harassment,0.6682967586506541,2
13.017600092685926,77.51165944077248,Residential Area,19,Stalking,0.5413367924388113,1
12.970620577787678,77.69968424678476,Industrial Area,3,Theft,0.7784326848322688,2
13.059956672889156,77.6504804907439,Suburbs,14,Stalking,0.3286501335622854,0
13.010937404957673,77.67278066325882,Residential Area,0,Safe,0.5016946458389134,1
13.065186461710002,77.63023954241908,Industrial Area,5,Safe,0.4152775994067084,1
13.026291758516605,77.67125702560935,Residential Area,13,Safe,0.08109640857469481,0
13.05688109464256,77.52247659498575,Industrial Area,13,Stalking,0.6406477147232528,1
13.019712598643553,77.56954756711187,Residential Area,9,Theft,0.24737955357403865,0
12.982828213643133,77.6752841887209,Park/Isolation Zone,6,Theft,0.7369054855504101,2
13.091589171985227,77.54033104225338,Downtown,22,Harassment,0.7689297606490941,2
13.00822276497577,77.515648419716,Residential Area,23,Stalking,0.6242611007192107,1
13.021017903708108,77.65762378798905,Downtown,22,Harassment,0.740209543599905,2
12.94409752788295,77.66709723112866,Residential Area,21,Harassment,0.41415972390634276,1
13.025130157885455,77.53253044363798,Suburbs,11,Harassment,0.3346666442869916,0
13.01432152989659,77.67086919655655,Park/Isolation Zone,23,Harassment,0.9111444534555145,2
12.936967679589404,77.63735355911943,Park/Isolation Zone,18,Safe,0.5233662700817185,1
12.91191741947063,77.60401653664331,Downtown,8,Harassment,0.4641814832851452,1
13.020871863942954,77.66605003855628,Suburbs,2,Theft,0.4980382705230976,1
13.052738453870063,77.5838498498638,Industrial Area,3,Harassment,0.8546696250887607,2
13.004680274184402,77.53879879124467,Park/Isolation Zone,12,Safe,0.39199484428384157,1
12.94535452506393,77.55697053532212,Suburbs,9,Assault,0.4639046080281781,1
13.033304395338607,77.60103280365867,Suburbs,13,Assault,0.43493136226298046,1
12.91602114532192,77.60626615853464,Downtown,5,Assault,0.7521952436834438,2
12.988366740960391,77.66111616528825,Suburbs,7,Stalking,0.3045053618980616,0
12.932673351679684,77.65827054473047,Suburbs,18,Theft,0.3262841057858373,0
12.936891810211977,77.61627331144092,Industrial Area,9,Safe,0.28500763812507446,0
12.940458789831641,77.6561570966731,Downtown,21,Assault,0.7069987808039107,2
12.977341411408796,77.53835469165874,Downtown,4,Safe,0.37461821261363215,1
12.91023004112408,77.51001290541866,Suburbs,4,Safe,0.2256024403929095,0
12.97955868818582,77.67472676452694,Industrial Area,4,Stalking,0.6960987250364881,2
13.00234148942294,77.51511089875255,Residential Area,8,Assault,0.4428152441168912,1
12.996658856993266,77.5493376859488,Park/Isolation Zone,22,Harassment,0.6973423317550168,2
12.976556820080608,77.63906378992488,Downtown,8,Safe,0.2673948773485737,0
13.06782932161415,77.58188958752547,Industrial Area,14,Assault,0.6565748269837794,2
12.9290653384841,77.67526279398311,Industrial Area,8,Safe,0.34805738288864146,0
13.001139348756276,77.55959595893245,Suburbs,13,Stalking,0.33930949496070995,0
12.912408283391311,77.50237426933387,Park/Isolation Zone,5,Stalking,0.8042216787801528,2
12.914231135775582,77.56013112811215,Downtown,21,Harassment,0.5923484619038772,1
13.014773169935419,77.61561500983697,Residential Area,19,Stalking,0.5170039296178441,1
13.013203684977563,77.57518767508066,Suburbs,7,Assault,0.40414325313144284,1
13.07560670256889,77.60697455115175,Downtown,1,Stalking,0.8568040122247487,2
13.011574735132015,77.67531962376701,Downtown,4,Harassment,0.6649998803739136,2
13.091958204080969,77.68249701084608,Industrial Area,16,Theft,0.54416578435923,1
12.909738969679987,77.55319481293083,Park/Isolation Zone,9,Safe,0.3228779284432088,0
12.919601536956149,77.59242809465398,Residential Area,13,Safe,0.12648428179878912,0
12.908813172314076,77.60982880304829,Park/Isolation Zone,17,Assault,0.628010079926985,1
12.937055370066709,77.68982249137765,Industrial Area,0,Harassment,0.7056383086738331,2
13.008254022188336,77.69972346383288,Residential Area,21,Harassment,0.47817178100599267,1
13.029114436285486,77.5470814497683,Residential Area,1,Harassment,0.594357992646117,1
12.909117031589734,77.64539597426916,Suburbs,3,Safe,0.3357454976460404,0
13.08919417796912,77.57560621244664,Residential Area,12,Stalking,0.35895653008921374,1
13.068433075330075,77.50162163937725,Downtown,15,Safe,0.29668204254338326,0
12.959322496431419,77.50185050448718,Park/Isolation Zone,4,Safe,0.5031549392907062,1
12.915437506045294,77.59211320151245,Park/Isolation Zone,22,Safe,0.7114238701831521,2
12.933977414643811,77.59766698260087,Suburbs,9,Stalking,0.3169621956792578,0
12.925388882750994,77.50451393931469,Residential Area,16,Theft,0.304137183651101,0
12.92465675585979,77.63738548335486,Industrial Area,10,Assault,0.6308114608664797,1
13.003712337733146,77.55880067771899,Downtown,4,Theft,0.6115082798620984,1
12.949169488498681,77.6119786203072,Suburbs,14,Theft,0.1864404572555775,0
12.97162794330583,77.56018381463308,Residential Area,3,Safe,0.41153677318865256,1
13.097901066676863,77.53342686297387,Industrial Area,6,Theft,0.6114309943111913,1
13.036862849785068,77.58143474771978,Residential Area,9,Safe,0.12385579526115176,0
13.0897961334094,77.5464546729581,Suburbs,22,Safe,0.38242900489496184,1
12.928511311006623,77.60696019538383,Industrial Area,23,Assault,0.9715838263100945,2
12.976427894966514,77.5397657060573,Industrial Area,3,Harassment,0.7900856253140603,2
13.01094636065647,77.60168119532892,Industrial Area,19,Safe,0.4236708649912733,1
12.915351612377748,77.53147570297378,Industrial Area,4,Theft,0.6707046368369598,2
12.900837488725593,77.63419494189716,Residential Area,4,Assault,0.6039016270284795,1
13.034086866759383,77.65078753688829,Industrial Area,10,Theft,0.3743084318620927,1
13.028363903360287,77.52207884685,Residential Area,18,Harassment,0.4163484975663675,1
12.982157761999922,77.59356048240747,Industrial Area,4,Stalking,0.7725743646915121,2
12.997928815206407,77.51417434013098,Industrial Area,20,Harassment,0.6045696422721976,1
12.983088600118418,77.6196364891084,Suburbs,7,Assault,0.4770422436384379,1
12.904801008968978,77.55288085958593,Residential Area,6,Harassment,0.4152728990492806,1
12.967074321243492,77.60552489136774,Residential Area,7,Harassment,0.228089766813744,0
12.935416451079458,77.60349220187686,Park/Isolation Zone,12,Assault,0.7240227443305901,2
12.919684837820274,77.68487086923876,Suburbs,4,Assault,0.583570704606702,1
13.09134408677787,77.60981664451374,Residential Area,17,Theft,0.32942642173483766,0
13.019871945008433,77.61659969594366,Suburbs,23,Safe,0.4562771944305615,1
13.04573125684732,77.58033062515288,Suburbs,8,Stalking,0.413262895941059,1
12.963072748653223,77.68981592063656,Suburbs,1,Stalking,0.7033043365107388,2
12.978629425898804,77.65543718188792,Downtown,15,Stalking,0.5344756149959635,1
12.947384798779344,77.55708105806058,Residential Area,13,Harassment,0.2317097880116245,0
12.919393134193085,77.66884191715525,Suburbs,16,Assault,0.4383022812903044,1
12.935806327488317,77.58647927203702,Downtown,5,Assault,0.7835437055534158,2
13.059502809059296,77.66573342870672,Downtown,2,Assault,0.8854797280182568,2
13.035509161036755,77.66457761365871,Industrial Area,16,Safe,0.2985000842523827,0
13.009385775197096,77.53777403735258,Industrial Area,12,Assault,0.6862305855047567,2
12.995017974573354,77.64022822627672,Residential Area,5,Assault,0.6528028511692423,2
13.084486856731225,77.55812859386131,Industrial Area,7,Harassment,0.4538703684370252,1
12.914546989555735,77.55949853399854,Residential Area,5,Theft,0.43350205045649404,1
12.956120162647583,77.55926961537612,Downtown,15,Stalking,0.5282480611217906,1
12.969987570714142,77.645113649512,Downtown,5,Harassment,0.5505565713331874,1
13.056485162442558,77.54596520835851,Residential Area,16,Harassment,0.27967583665427564,0
13.098502924032394,77.50018116704922,Industrial Area,20,Harassment,0.6574842579938375,2
12.94813410295143,77.64304737069652,Industrial Area,2,Stalking,0.9194974147017854,2
13.074861466827416,77.53423694876703,Residential Area,22,Harassment,0.5792623894632122,1
13.066124552086357,77.52089647906156,Park/Isolation Zone,11,Theft,0.5208827477923688,1
12.944931479528353,77.54750322411881,Industrial Area,5,Assault,0.8584383232438312,2
12.979866516039845,77.57598010446455,Suburbs,20,Theft,0.4927340388277898,1
12.981934573858505,77.59518126549465,Industrial Area,6,Assault,0.8113413921105918,2
13.095644133705312,77.50891400814253,Park/Isolation Zone,10,Assault,0.5940167188429817,1
12.93617838027578,77.69411466652548,Downtown,8,Harassment,0.4961707631640425,1
13.059831594220956,77.64321261068392,Downtown,15,Harassment,0.46055352512657516,1
12.966838542834623,77.56463881306487,Downtown,4,Stalking,0.6077542125666194,1
13.046174069155231,77.56373945145708,Industrial Area,14,Safe,0.33555317855617767,0
12.984002200859132,77.58970850987369,Downtown,20,Theft,0.6432665687749533,1
13.015671952623308,77.62524896455261,Park/Isolation Zone,3,Stalking,0.9104494629443689,2
13.066522354665226,77.5292746133178,Park/Isolation Zone,4,Stalking,0.6689094106514448,2
13.060833112996777,77.53778596275299,Industrial Area,6,Theft,0.6722046048870255,2
13.073284636707939,77.6718869165667,Suburbs,2,Theft,0.5511322218297432,1
12.911923465068933,77.55125098477781,Industrial Area,3,Assault,0.9856274315595077,2
13.038410110607948,77.57603899959504,Downtown,14,Safe,0.2531006148712517,0
12.927997475344354,77.67425437019003,Industrial Area,1,Harassment,0.8228084313426293,2
12.983163713603682,77.63262956587997,Park/Isolation Zone,23,Safe,0.6832841525953129,2
13.009717683010937,77.56834237586834,Industrial Area,4,Safe,0.49034746799410805,1
12.980547896949366,77.63673990914492,Industrial Area,6,Harassment,0.6573330946009301,2
13.0039223351606,77.50393664307629,Suburbs,21,Safe,0.2119711715810249,0
13.099305261759724,77.64712853200227,Park/Isolation Zone,16,Stalking,0.6096840175544084,1
12.92704346274257,77.59740320810324,Residential Area,7,Stalking,0.38942686175096675,1
13.035091209067286,77.6626364294569,Residential Area,8,Harassment,0.26231969283931955,0
12.979200193277123,77.6909275304013,Park/Isolation Zone,9,Harassment,0.49466757411285595,1
12.926601959781467,77.68515770989892,Residential Area,10,Theft,0.3166513899348401,0
12.931747352674861,77.68185300869106,Downtown,0,Theft,0.7845790736122487,2
13.089854621249122,77.60243399118679,Residential Area,14,Safe,0.10191859838068645,0
13.075920299342352,77.57202842282778,Downtown,7,Safe,0.2800609926759044,0
13.081408392083004,77.59300706494614,Park/Isolation Zone,18,Harassment,0.7187890564430216,2
13.098306555165477,77.63797920066267,Residential Area,11,Safe,0.0,0
12.941663078001703,77.67679955537425,Residential Area,5,Assault,0.6103363423566054,1
12.971087867472813,77.54139726060002,Downtown,9,Stalking,0.573298649315266,1
13.033843805984974,77.68363863169235,Downtown,23,Safe,0.49128124901570575,1
12.99676050797213,77.66303604639398,Industrial Area,4,Safe,0.3867081205203574,1
12.983677906675666,77.69577120303565,Suburbs,23,Theft,0.5134825592876082,1
12.97156224986712,77.67605035465634,Residential Area,6,Assault,0.5762932219148422,1
13.01875612638869,77.55598746593839,Suburbs,6,Safe,0.283357128496402,0
13.015118685728016,77.52119118226881,Suburbs,22,Stalking,0.7160320202244006,2
12.932291566812848,77.52244821439832,Residential Area,21,Safe,0.31485903622616207,0
12.994347967503687,77.55824466371566,Downtown,21,Harassment,0.632697363452749,1
13.01069435524197,77.62283674479691,Industrial Area,8,Assault,0.5704456756680898,1
13.014057387746279,77.66086406521944,Park/Isolation Zone,14,Safe,0.27024097790187906,0
12.94202143858247,77.67985006139631,Residential Area,5,Assault,0.6367090115990012,1
13.048454278450457,77.62475067687384,Residential Area,15,Safe,0.020650649986763067,0
12.905039818964214,77.5011262625496,Park/Isolation Zone,6,Stalking,0.7777677464026249,2
12.970966371108632,77.53726335530371,Suburbs,14,Stalking,0.3638748348089732,1
13.056042529707126,77.51994524077067,Industrial Area,22,Assault,0.9268269556753116,2
13.01277858421108,77.5726648951138,Suburbs,1,Theft,0.4226808901915061,1
12.952232486502172,77.60027019872675,Park/Isolation Zone,7,Theft,0.510089088816349,1
13.03899062386861,77.5086794357157,Park/Isolation Zone,11,Harassment,0.5755928394135337,1
13.013478188831215,77.56969559515913,Industrial Area,10,Theft,0.4221946619611499,1
13.059248721891278,77.53583593492506,Park/Isolation Zone,5,Assault,0.7954032269715933,2
13.047005037237964,77.62941403325178,Park/Isolation Zone,19,Theft,0.6646667628651645,2
13.022021584407247,77.59285447386488,Industrial Area,12,Harassment,0.42738668236770927,1
12.997635535062162,77.59906352938678,Residential Area,22,Safe,0.43084302175400446,1
12.926636425133506,77.5855383576067,Suburbs,15,Theft,0.302792145527506,0
12.952266603577076,77.69120394209732,Residential Area,7,Assault,0.35199305278008464,1
12.983819894583418,77.54294702502432,Residential Area,16,Assault,0.4235931611550269,1
13.019859857401277,77.60333285196877,Suburbs,12,Harassment,0.297561568990225,0
13.00274157104306,77.64720347367307,Residential Area,3,Harassment,0.5990300041720305,1
12.957636905191906,77.61136888262692,Industrial Area,19,Stalking,0.6560503495040254,2
12.901292871557942,77.68580417714337,Suburbs,9,Stalking,0.283186896729539,0
12.999247844380163,77.57559367112826,Downtown,21,Stalking,0.6269930055773123,1
12.957125197712449,77.59273516115464,Residential Area,19,Safe,0.28220590586623673,0
13.046921660142107,77.51770446304295,Park/Isolation Zone,15,Assault,0.7285239019707551,2
12.904789253054098,77.62179982221039,Suburbs,16,Stalking,0.379135092216978,1
13.016965562261158,77.55764239368962,Downtown,7,Assault,0.6625494913728647,2
13.088294847501214,77.53206180790312,Park/Isolation Zone,10,Harassment,0.4976329696420042,1
12.9348818534223,77.6089062585809,Downtown,4,Safe,0.3811011750039428,1
12.994329898150118,77.60646205267598,Residential Area,20,Harassment,0.44075815611090163,1
12.918284398363427,77.51517432824481,Park/Isolation Zone,15,Assault,0.5558759382369166,1
13.02513638245227,77.6396430906989,Residential Area,23,Stalking,0.661212098841457,2
13.010106336119245,77.62475443813017,Park/Isolation Zone,7,Harassment,0.5485166713181857,1
12.981473104842566,77.5378034565493,Suburbs,20,Theft,0.34318224755546733,0
13.004275404294749,77.59388697243081,Industrial Area,15,Safe,0.343564645379566,0
13.079314931693801,77.64406458329572,Industrial Area,3,Assault,0.9904051848120342,2
12.939258860462214,77.60588714810825,Downtown,5,Stalking,0.669991441403575,2
12.90451290234107,77.57909781523672,Park/Isolation Zone,20,Harassment,0.6145585303551437,1
13.072332976939819,77.56446769161619,Residential Area,7,Safe,0.05134956443785876,0
13.015423416477581,77.62207877332881,Suburbs,8,Stalking,0.3652017742649041,1
13.078131691092368,77.68782173966206,Suburbs,12,Harassment,0.2731522043466186,0
13.019389044682635,77.6343489680955,Suburbs,16,Assault,0.4384586209366166,1
13.06203221799194,77.51494918072726,Industrial Area,8,Theft,0.3949423862308946,1
12.98593467267103,77.59213699469643,Residential Area,12,Theft,0.2595953377787456,0
13.049971986257654,77.67816482630212,Suburbs,8,Assault,0.5252395291784129,1
13.082608293377971,77.51889248516022,Suburbs,5,Safe,0.26618693323637244,0
13.014424592744442,77.69777514242752,Downtown,9,Assault,0.6485622718805413,1
12.936157030112476,77.68981387872908,Park/Isolation Zone,4,Harassment,0.743880650192527,2
12.95375952300604,77.51565489614597,Park/Isolation Zone,6,Safe,0.4820904749726482,1
12.939728915379481,77.68668266408991,Park/Isolation Zone,10,Theft,0.4907219335432497,1
12.949371405519146,77.57262651805189,Downtown,23,Harassment,0.8235351482670502,2
12.961283089870207,77.66894183341518,Industrial Area,8,Stalking,0.5866269517660816,1
13.011026757350638,77.58367666754266,Downtown,9,Stalking,0.5480435326824185,1
13.017598325892767,77.58817102254051,Suburbs,10,Stalking,0.3583301673819273,1
12.985299949448372,77.62684861819551,Residential Area,2,Theft,0.5304021858344099,1
13.023084155964167,77.6548954838552,Suburbs,7,Assault,0.4364875521500358,1
12.916314985122273,77.50675783018966,Suburbs,16,Safe,0.16886401452712135,0
12.917557647411632,77.61863119910542,Residential Area,6,Theft,0.3999594887639346,1
12.934365892071533,77.53734659881947,Park/Isolation Zone,11,Harassment,0.6123824545550306,1
13.003615499608069,77.56918990357264,Downtown,15,Harassment,0.5202567784031575,1
12.942798935739663,77.56959373323105,Industrial Area,14,Stalking,0.5960304546654047,1
12.956656880698516,77.59381206804423,Suburbs,20,Safe,0.29018233394403853,0
12.980062567234599,77.56682728237523,Suburbs,12,Stalking,0.4348452267259526,1
13.062373224802077,77.52147222369014,Industrial Area,17,Harassment,0.4577193782974124,1
12.902772427182573,77.5291257477051,Downtown,17,Harassment,0.42938578737664634,1
13.029875764047324,77.50668759711222,Suburbs,23,Assault,0.6870320736727458,2
13.033775306208137,77.59404981706575,Industrial Area,4,Assault,0.7251277549900965,2
13.059731156071328,77.6908895389706,Suburbs,13,Assault,0.4477842297787088,1
13.086550587812063,77.52313504472963,Park/Isolation Zone,10,Stalking,0.6134285754196266,1
12.904027569789859,77.68925289860061,Park/Isolation Zone,2,Safe,0.6752680090427869,2
12.930756741102643,77.64667230294643,Suburbs,16,Assault,0.4151359035421675,1
13.077234258811199,77.62749976058683,Suburbs,22,Theft,0.5293474235869995,1
12.991703712437403,77.62905555106471,Park/Isolation Zone,11,Assault,0.7423369532519958,2
13.012918127786692,77.66534552967926,Suburbs,2,Stalking,0.5769746466125061,1
13.032605440744629,77.52138397287597,Downtown,22,Safe,0.5506338003300405,1
13.035813320899127,77.60095086471311,Downtown,1,Assault,0.9652970699937856,2
13.086348080663301,77.63941822765216,Residential Area,3,Safe,0.3867198074890242,1
13.099389883482333,77.61736408901471,Downtown,17,Theft,0.37894192134801613,1
13.044031492186187,77.66655581420466,Suburbs,19,Harassment,0.5121417001271747,1
12.95744424184103,77.51445434180226,Suburbs,20,Safe,0.17931331763697128,0
13.075950480458868,77.63814020789984,Industrial Area,13,Assault,0.609798573075697,1
12.909844182908152,77.60680554607694,Downtown,7,Stalking,0.4617197117243082,1
12.9462161705749,77.57583217279598,Park/Isolation Zone,1,Stalking,0.9347107410566126,2
13.079477143492742,77.5680549964468,Park/Isolation Zone,18,Stalking,0.6697971661708568,2
12.951238302887871,77.62416652655484,Residential Area,9,Stalking,0.41168085057897696,1
12.94413021192435,77.67819907492886,Industrial Area,4,Safe,0.4486694305719918,1
12.927625058628049,77.59923518522022,Park/Isolation Zone,10,Stalking,0.6522897843609703,2
13.071822351529383,77.66494463281539,Residential Area,8,Harassment,0.3620412534481643,1
13.000011651838218,77.5804312763688,Downtown,15,Theft,0.36072003081593185,1
13.03497864061083,77.52047889255863,Industrial Area,4,Safe,0.45091688443999706,1
12.947813276815006,77.51230114729172,Industrial Area,14,Safe,0.28859639504709156,0
13.051608084202243,77.51026687426473,Suburbs,13,Stalking,0.3467277350188638,0
13.05200110899242,77.57603002839153,Downtown,8,Stalking,0.4715200171426347,1
12.96251960498166,77.56744755016717,Industrial Area,19,Safe,0.5057082824437873,1
12.982136526602057,77.64358740472451,Residential Area,4,Stalking,0.4906969550648991,1
12.941938055486041,77.64856430031698,Park/Isolation Zone,14,Stalking,0.5832934795231274,1
13.09531220466458,77.51017079376675,Downtown,8,Stalking,0.5561773371976035,1
13.029120515411682,77.54422465257781,Downtown,3,Stalking,0.8418086189445622,2
13.086908776143103,77.55485237003178,Industrial Area,20,Stalking,0.714377267095225,2
12.960677108725827,77.60952239682857,Industrial Area,20,Assault,0.7803806210049631,2
13.056378182599378,77.52890304478139,Industrial Area,3,Assault,1.0,2
13.053171728776949,77.52678824388,Residential Area,19,Assault,0.5471575372890437,1
13.038331130373308,77.68875777784159,Suburbs,20,Safe,0.30361915804585987,0
13.093127795053359,77.66084058145955,Industrial Area,21,Theft,0.631322654140247,1
12.978711067221264,77.53613098041824,Suburbs,6,Safe,0.18667984209138333,0
12.926143464717951,77.5813135615811,Suburbs,14,Assault,0.45369525898400515,1
13.034341771848812,77.57112439985151,Downtown,21,Safe,0.3339627858689548,0
13.045861960095442,77.65820081481309,Park/Isolation Zone,16,Theft,0.48260492785366016,1
13.015012114691762,77.60204258329563,Park/Isolation Zone,17,Stalking,0.6140079644054596,1
12.94136357862668,77.5255699473987,Residential Area,6,Harassment,0.3992848245090749,1
13.00089118833387,77.64779841263125,Residential Area,18,Assault,0.4826110146164763,1
12.962437947313825,77.57937759564498,Park/Isolation Zone,9,Assault,0.6936123151769095,2
12.985493305633337,77.55258484952643,Park/Isolation Zone,12,Theft,0.5107278071424626,1
13.029043715168932,77.57509972440414,Downtown,1,Stalking,0.7811512258411991,2
13.049042948538167,77.59955131272137,Downtown,21,Stalking,0.6492305271381912,1
12.946444938180269,77.5686231032834,Park/Isolation Zone,19,Harassment,0.6910192623294786,2
12.981065072129391,77.54838115451835,Industrial Area,10,Stalking,0.499116631011839,1
12.953832314198326,77.5797004057608,Industrial Area,4,Theft,0.6973559008197588,2
12.939726322772374,77.50383458214998,Downtown,5,Stalking,0.6658493775587947,2
13.056677443999167,77.65449956921927,Suburbs,2,Theft,0.528708509019345,1
13.081850538887398,77.53418897871352,Park/Isolation Zone,0,Assault,0.9587608004979876,2
12.974046437136915,77.50878092272613,Residential Area,2,Assault,0.7301217773521775,2
13.050255784874754,77.63073973858101,Industrial Area,2,Assault,0.9317519908697762,2
13.079399057872882,77.65478722576474,Suburbs,21,Safe,0.25190764723023357,0
13.069224842106046,77.66276582631858,Industrial Area,3,Assault,1.0,2
12.936562677707846,77.59870183653211,Suburbs,6,Theft,0.35977150760199494,1
13.091258376302672,77.541073636938,Park/Isolation Zone,14,Harassment,0.5588862028976986,1
12.975335288085892,77.64744553544996,Park/Isolation Zone,10,Stalking,0.6399818836505373,1
12.967848132234767,77.63994261543087,Park/Isolation Zone,17,Assault,0.666307627638246,2
12.912486265455556,77.54925414682063,Downtown,11,Safe,0.21602021165473237,0
12.997234730820976,77.68068155117255,Suburbs,3,Safe,0.32454475451016135,0
12.921802723128186,77.52087429161656,Residential Area,23,Theft,0.6340605469796414,1
12.949707964185485,77.69653764791826,Residential Area,10,Harassment,0.3253962776639898,0
12.963388524353457,77.6720495621955,Park/Isolation Zone,5,Assault,0.8214809676200048,2
13.061765264698337,77.63757972909582,Residential Area,18,Assault,0.5693157316561763,1
13.075097730079179,77.68774997765597,Industrial Area,17,Safe,0.2484308917470307,0
12.960493263492294,77.64446223366474,Suburbs,14,Theft,0.2578550182445057,0
13.071739624248915,77.53809139940601,Suburbs,2,Safe,0.38289246854084114,1
13.071446187473958,77.58843122762256,Suburbs,16,Safe,0.05413074108625614,0
13.052930190076975,77.51430060486632,Industrial Area,0,Harassment,0.7614131033246004,2
12.929339022803036,77.57793148445762,Downtown,1,Theft,0.7362858815031085,2
13.038064569380145,77.64832060394744,Industrial Area,18,Harassment,0.6309282661982439,1
13.089004812916114,77.57728867018616,Suburbs,8,Theft,0.18859727438138757,0
13.036508095753431,77.56605883509363,Suburbs,7,Assault,0.45323396654686987,1
12.966323369821566,77.61907114450206,Suburbs,11,Stalking,0.31568789583991774,0
13.000115863486167,77.67444090579978,Residential Area,14,Stalking,0.3823036242156025,1
13.029145008670211,77.50951663850923,Downtown,22,Theft,0.7753470941254537,2
13.0021140817457,77.57709408693995,Industrial Area,6,Stalking,0.6031276013503196,1
12.923990588346195,77.53164814836305,Suburbs,20,Safe,0.21465296056441469,0
12.962412808930404,77.63907085014638,Park/Isolation Zone,15,Assault,0.7069258224367365,2
13.060479206110726,77.52114491208623,Downtown,6,Assault,0.7461773629674759,2
13.072283609219102,77.63296155171605,Park/Isolation Zone,19,Stalking,0.8125925565949513,2
12.927460006543114,77.55723617415958,Downtown,20,Theft,0.5490349262349087,1
13.090477350479745,77.53978336274744,Suburbs,11,Safe,0.11021747150182418,0
12.965764523569723,77.687270511565,Downtown,16,Theft,0.4215414885257298,1
13.032462747746145,77.50370491534919,Downtown,10,Stalking,0.46595783554875303,1
13.050365029191337,77.58755545437792,Suburbs,3,Assault,0.7757598498208258,2
13.062389246927577,77.50432539849236,Park/Isolation Zone,18,Assault,0.8702787640983158,2
13.089149940445186,77.59671860962086,Park/Isolation Zone,1,Theft,0.8051597218043173,2
12.962583909605765,77.60020947555888,Residential Area,1,Harassment,0.5041118200112353,1
13.07170129091031,77.56433249427894,Park/Isolation Zone,23,Theft,0.7619498668053527,2
12.926337380687242,77.52643235550501,Park/Isolation Zone,16,Harassment,0.559286220312642,1
13.041008181270719,77.5752775075469,Downtown,23,Theft,0.6952439162655312,2
13.048395545902798,77.63445258798652,Residential Area,8,Harassment,0.3374491875144722,0
13.035544648240265,77.6564791617289,Suburbs,21,Harassment,0.48784873733262707,1
12.950462947227031,77.60615012047764,Suburbs,0,Harassment,0.6172295514140274,1
13.074608629403041,77.61796687888796,Industrial Area,9,Harassment,0.5378564069704087,1
12.93377169267408,77.54012327422492,Residential Area,22,Safe,0.42500470315676836,1
12.910726958304167,77.55746606664553,Downtown,14,Harassment,0.4236850125506861,1
13.043492998122382,77.53237912201047,Industrial Area,20,Harassment,0.6497086946596168,1
12.995095143046546,77.54985907000092,Industrial Area,14,Assault,0.5950571493903727,1
13.069819603991736,77.54497735604511,Suburbs,22,Safe,0.4746697047659624,1
12.976679428211652,77.60388975727825,Park/Isolation Zone,20,Harassment,0.637276625685848,1
12.933655717701543,77.61253775115814,Downtown,1,Stalking,0.695794389552139,2
13.067288438493973,77.68898948416431,Residential Area,13,Safe,0.206033234091556,0
13.009781926328014,77.5391141294203,Industrial Area,3,Assault,0.9453572864920036,2
12.937839158478072,77.6283351420323,Downtown,17,Theft,0.4447377288262404,1
13.044076799717288,77.66345185379751,Suburbs,8,Assault,0.4866469618564382,1
13.0022227276979,77.61204829275661,Industrial Area,1,Assault,1.0,2
13.020862596448064,77.55100073050022,Industrial Area,1,Safe,0.6295566673172985,1
12.992179667641317,77.552510046004,Suburbs,17,Safe,0.1298691711614806,0
13.065741796763602,77.5078506106142,Suburbs,16,Stalking,0.23299968117489284,0
13.06591254313661,77.5610888453097,Suburbs,8,Stalking,0.3018190171297051,0
13.041877764364877,77.64892073580067,Downtown,7,Safe,0.11860765028658046,0
12.921080275479293,77.50950355144143,Downtown,1,Safe,0.5090039599912743,1
13.067770772380813,77.54385905650096,Downtown,1,Safe,0.5233475549751851,1
13.034202596106581,77.64124649970636,Park/Isolation Zone,4,Theft,0.6441710577360131,1
13.03940483320086,77.65653031256458,Industrial Area,11,Assault,0.6026133585057081,1
12.972596568080775,77.59106368201239,Downtown,15,Stalking,0.48237861839991164,1
13.0758559112314,77.63961486769573,Park/Isolation Zone,13,Stalking,0.5741054098762789,1
13.045074320046972,77.57759043373098,Industrial Area,19,Harassment,0.6672707144907627,2
12.92251809330584,77.53198264900483,Downtown,1,Theft,0.7379562770614924,2
12.981555606881233,77.57962989870458,Suburbs,23,Safe,0.4107103802888921,1
13.077276072392028,77.61599356404064,Residential Area,7,Safe,0.13151554212290162,0
12.909439340339476,77.68961065637058,Downtown,3,Theft,0.7095419941261708,2
13.09228332392841,77.51375019041774,Residential Area,19,Stalking,0.559350133418743,1
13.035832513663912,77.601478818769,Downtown,8,Safe,0.34320734494696215,0
13.026275195528676,77.56578395564215,Suburbs,19,Harassment,0.32768709100422083,0
12.954111851297599,77.60166233885533,Residential Area,18,Stalking,0.5566602358880777,1
12.949758357747836,77.50479508947531,Park/Isolation Zone,1,Assault,0.9355199612696322,2
13.088411643897718,77.56260507094032,Suburbs,15,Theft,0.2592899312903311,0
12.959654490846825,77.6639736295054,Residential Area,10,Stalking,0.3630677616748134,1
13.0551010593438,77.61078834677093,Residential Area,7,Assault,0.4804218062734179,1
12.978624359641415,77.59011649856322,Suburbs,11,Harassment,0.29745322823419923,0
12.92785081415694,77.55710501434307,Suburbs,2,Theft,0.549755962787361,1
12.902143059539073,77.55960850455827,Suburbs,12,Safe,0.11716982141997814,0
13.00885146740305,77.57662028671812,Industrial Area,1,Safe,0.5826929085701295,1
13.095155763709787,77.66711414199291,Park/Isolation Zone,12,Assault,0.6050272374185959,1
12.97382723876184,77.69344264136166,Downtown,7,Stalking,0.4999123172559129,1
12.97143846679861,77.58773107627007,Residential Area,14,Harassment,0.2625585687149556,0
12.968818323569888,77.57867056774955,Downtown,23,Assault,0.8582858159785418,2
13.004108767460972,77.66931015516397,Suburbs,20,Harassment,0.40342161851123404,1
12.98813297668486,77.58538106412726,Park/Isolation Zone,8,Harassment,0.451437314544676,1
13.075982925345402,77.61040363445913,Park/Isolation Zone,10,Harassment,0.5300164270370837,1
13.001104158344699,77.54618833291975,Industrial Area,21,Theft,0.6000399134326222,1
13.001551567637714,77.64870050715582,Suburbs,20,Assault,0.638400520469039,1
12.927674318944112,77.60639766365416,Residential Area,2,Theft,0.5204635587577883,1
13.096547908182076,77.66180691004807,Industrial Area,6,Stalking,0.7788758075828757,2
12.949994578173767,77.65614654600573,Suburbs,13,Stalking,0.3791878794113028,1
12.91467281349192,77.543000953654,Industrial Area,14,Safe,0.24394570206194985,0
13.032629249795042,77.64312711011155,Downtown,8,Safe,0.22558578284948158,0
13.019073274031374,77.66001088159028,Suburbs,19,Safe,0.35107718223475637,1
12.983029130798549,77.56922144815648,Residential Area,10,Stalking,0.3879976209189688,1
12.984438446776135,77.53452182258046,Residential Area,6,Harassment,0.4236557832409788,1
13.057012784209286,77.50052643111592,Suburbs,11,Harassment,0.3446328078763162,0
12.93914252801993,77.59018073061863,Industrial Area,18,Assault,0.7369391799123639,2
13.064050663788978,77.57048654630776,Park/Isolation Zone,17,Stalking,0.5723661407483801,1
13.029749422779004,77.61098196676508,Suburbs,12,Safe,0.0,0
12.983793954755905,77.53760821851776,Residential Area,10,Stalking,0.3801852447137704,1
12.991605723316773,77.6719331095333,Downtown,0,Harassment,0.691722073429886,2
12.951329441437219,77.55155104312563,Residential Area,5,Harassment,0.44597111824099533,1
13.050422866539394,77.54528592101754,Park/Isolation Zone,20,Theft,0.5726782233301502,1
13.002574948461053,77.59614281129687,Residential Area,1,Theft,0.5600207956102409,1
12.964170908549969,77.59977020474885,Park/Isolation Zone,12,Assault,0.6962921654358939,2
13.01921002315219,77.54301704575703,Suburbs,12,Stalking,0.27630815040745293,0
13.099146890410264,77.55437214534518,Residential Area,18,Theft,0.37613308873989937,1
12.98705245593131,77.53394104783105,Industrial Area,8,Theft,0.4566598627913779,1
13.084138280155724,77.64369203566463,Industrial Area,18,Stalking,0.7222590271449072,2
12.969003367984913,77.65401780625082,Residential Area,22,Harassment,0.6791650827180906,2
12.910946541384998,77.59246569949185,Residential Area,0,Assault,0.8108937401781225,2
12.940848421273685,77.642817404537,Downtown,22,Assault,0.8652474608291217,2
12.983739028665537,77.64718707838749,Residential Area,7,Assault,0.4146376109868359,1
12.943926985718914,77.52765510553556,Downtown,22,Theft,0.6284680168237231,1
12.90004540764365,77.69323560496692,Downtown,13,Harassment,0.39951304933833937,1
13.083000307549504,77.66420638941929,Downtown,23,Assault,0.943007770502952,2
13.068775882246186,77.54089669223916,Downtown,15,Stalking,0.42054417908581837,1
13.048458446297388,77.53723300714921,Suburbs,3,Assault,0.7422535898176322,2
12.933562919129207,77.52513222911591,Industrial Area,17,Safe,0.28492249789825075,0
12.924072715241998,77.52767571250838,Downtown,13,Harassment,0.4121083025113562,1
12.913520949894476,77.64963235980574,Industrial Area,8,Safe,0.23488410438486954,0
13.044805837754584,77.59393085139033,Downtown,14,Harassment,0.35528244022893085,1
13.085761592137576,77.65658683454798,Industrial Area,2,Stalking,0.7853336720590288,2
12.986107164182608,77.64925097887004,Residential Area,3,Theft,0.5458447956513777,1
12.92382813439921,77.62092254270105,Residential Area,22,Theft,0.5798828669275259,1
13.002478564146422,77.63727332131573,Industrial Area,17,Harassment,0.5805965752876336,1
12.969766381491727,77.50367114487582,Downtown,13,Assault,0.616724167141249,1
12.974964984869999,77.562355529361,Suburbs,14,Safe,0.1296388181760586,0
13.024266124831142,77.62756443585188,Industrial Area,7,Stalking,0.6304108023204478,1
13.04374362265244,77.50186899069725,Park/Isolation Zone,9,Assault,0.7169164605090891,2
12.922120719774632,77.50659538873651,Suburbs,23,Theft,0.5991539405406601,1
12.907118046161296,77.67037759649408,Park/Isolation Zone,11,Assault,0.6810204057720376,2
13.098866060537143,77.63680497233841,Industrial Area,20,Safe,0.4860625544385981,1
12.946545669783111,77.55307394662407,Downtown,8,Theft,0.4104998742838675,1
12.910766104981692,77.63759256802375,Park/Isolation Zone,7,Harassment,0.5379078004157334,1
12.937975065819185,77.65849133382785,Industrial Area,16,Stalking,0.6273601108165694,1
12.907791569269692,77.56135885662202,Suburbs,8,Stalking,0.2898454285616638,0
12.978362178923435,77.50720747549984,Downtown,12,Theft,0.3570044402129396,1
13.060480356890265,77.68655582493754,Park/Isolation Zone,13,Harassment,0.6088802338808637,1
12.968248889951544,77.56903596765913,Industrial Area,4,Safe,0.49855745287833375,1
12.988836681375673,77.52129635265695,Downtown,8,Stalking,0.5006348548086057,1
13.035117354713488,77.59837137427863,Downtown,15,Theft,0.4169846844863133,1
13.001778814013976,77.65369355913283,Residential Area,18,Stalking,0.5258692006455337,1
13.072289137204265,77.54432946292351,Downtown,23,Harassment,0.7682507805593872,2
13.07320713500915,77.55389801002667,Industrial Area,22,Safe,0.6120578050081016,1
12.901982139098232,77.54854299735972,Suburbs,6,Harassment,0.4079764459941039,1
13.05560926129664,77.69833461056633,Residential Area,11,Assault,0.5119115985766538,1
12.992146720048336,77.53948074674611,Industrial Area,1,Harassment,0.7897974301254196,2
13.097768108260732,77.61510404339323,Industrial Area,17,Harassment,0.45047114342441624,1
12.996646415175087,77.6850529283314,Industrial Area,17,Stalking,0.5567048479456498,1
13.097379189077659,77.52937931377555,Park/Isolation Zone,15,Harassment,0.5671606548973557,1
13.050913872241146,77.69417083957354,Park/Isolation Zone,10,Theft,0.5197677467841322,1
12.949720976922661,77.68949544687912,Suburbs,1,Stalking,0.6986392651964961,2
13.007678995857392,77.67691439741165,Industrial Area,13,Stalking,0.5310095809949017,1
13.098427127895716,77.542911304266,Park/Isolation Zone,3,Assault,0.9967421551969613,2
13.071506121550385,77.6268110112022,Park/Isolation Zone,6,Theft,0.6078023589114919,1
12.919473378758244,77.65217829459225,Park/Isolation Zone,1,Harassment,0.861685920193919,2
13.041274399361999,77.6972055856393,Suburbs,20,Assault,0.5570675185496634,1
12.969115917174163,77.53608476441627,Suburbs,13,Theft,0.2205041670829603,0
12.90139645237607,77.65320517990386,Industrial Area,6,Assault,0.8491725695144174,2
12.9806961938054,77.56776023398542,Residential Area,8,Safe,0.10682399118940712,0
12.946950884344995,77.5351252931136,Industrial Area,7,Harassment,0.5712282970335159,1
13.063773854104094,77.58427538824277,Park/Isolation Zone,8,Assault,0.7588358764131282,2
12.967466121769153,77.65876718242973,Park/Isolation Zone,6,Safe,0.5107871927815256,1
13.065504738790763,77.59296996074082,Downtown,18,Harassment,0.6176855521791952,1
12.900119587766959,77.60750462004061,Industrial Area,16,Assault,0.6380752120903554,1
12.961563830005224,77.69903188204003,Park/Isolation Zone,22,Assault,1.0,2
12.948233042861553,77.57982185991149,Park/Isolation Zone,12,Assault,0.7181562227052507,2
12.946713472213723,77.62308015094185,Residential Area,10,Assault,0.4954780466618891,1
12.913637323953093,77.57304884032308,Downtown,21,Stalking,0.6176567738140213,1
12.937424854082101,77.57855712926575,Industrial Area,17,Assault,0.581946330001193,1
13.011109913977124,77.63912815068909,Suburbs,16,Stalking,0.37511272979393495,1
12.958272214567549,77.68757739521898,Industrial Area,15,Stalking,0.5851396554290544,1
12.983478956465829,77.60847179009846,Industrial Area,9,Safe,0.30375947890903937,0
12.975373376069438,77.65367998578976,Residential Area,3,Harassment,0.6289308198868971,1
13.075180984999978,77.51784131176339,Industrial Area,3,Stalking,0.8074000039572229,2
13.081059799802103,77.54223160748639,Residential Area,21,Theft,0.44696490016782475,1
12.998591394331172,77.60042632818391,Residential Area,10,Stalking,0.4085859355759885,1
12.966031190063122,77.50400234472575,Park/Isolation Zone,20,Theft,0.701034089224798,2
12.921360140800473,77.55057099575251,Suburbs,7,Safe,0.10619842830777425,0
13.09068057587642,77.60348025796499,Residential Area,8,Theft,0.309324702003301,0
12.91204538898006,77.50299223965126,Downtown,15,Safe,0.19285659382342357,0
12.959530055513657,77.5529092572452,Downtown,9,Safe,0.2786736068457572,0
12.959613240234,77.60280616389518,Suburbs,22,Safe,0.4358225046017303,1
12.964080257228042,77.61462984959626,Residential Area,8,Theft,0.2750620857025548,0
12.932857368654481,77.68515033861107,Suburbs,2,Theft,0.5029815026133406,1
13.056632286184739,77.62906912465013,Park/Isolation Zone,1,Safe,0.6614679029692495,2
12.924499572393199,77.582947160506,Downtown,8,Safe,0.23719489965428858,0
13.026981331830633,77.68607023542661,Industrial Area,12,Harassment,0.4021300316163663,1
12.924769205341164,77.65697659667757,Downtown,5,Safe,0.34111430398359405,0
12.91410712751859,77.54000178422255,Residential Area,3,Assault,0.8080629086654955,2
13.081885900737175,77.52616847226976,Suburbs,13,Harassment,0.2801042790693259,0
12.93802575326374,77.63516232714855,Downtown,10,Harassment,0.502806526599956,1
13.064250030911941,77.6119766331154,Industrial Area,1,Harassment,0.8571825405408541,2
13.008926174221427,77.65793472275855,Industrial Area,2,Assault,0.9773120379306655,2
12.915571303921753,77.64776101001574,Suburbs,4,Harassment,0.4192784434749648,1
13.091089638287613,77.6250423067715,Suburbs,6,Harassment,0.4972117290242807,1
12.94939223339838,77.69727643432579,Downtown,10,Theft,0.4106778161300657,1
13.07192906907052,77.60671794602209,Residential Area,11,Theft,0.25223339668125416,0
12.933762001156913,77.52262115130034,Park/Isolation Zone,10,Safe,0.3044196524787429,0
13.07078857642837,77.6656547129632,Industrial Area,18,Safe,0.42496088256564524,1
12.90264576258106,77.55037067246914,Suburbs,12,Stalking,0.30514724523628756,0
13.002356091313896,77.65546042962879,Park/Isolation Zone,3,Assault,1.0,2
13.053888515884312,77.69142141920001,Park/Isolation Zone,13,Theft,0.5767184635625094,1
13.086959103498556,77.63935910279287,Park/Isolation Zone,11,Safe,0.39618427162437486,1
13.081840427241296,77.61920603218996,Residential Area,1,Assault,0.7599461438452426,2
13.06392497390953,77.59207723513501,Suburbs,7,Harassment,0.2846581120318836,0
13.07763826993226,77.57288197319909,Industrial Area,21,Assault,0.8238208093157334,2
12.939843937167415,77.57060095019436,Suburbs,18,Theft,0.37914619931696997,1
12.956836859142346,77.62727454114192,Downtown,12,Stalking,0.4984319064125888,1
12.957793704984212,77.65025462338755,Industrial Area,20,Theft,0.5589266034279964,1
12.97541078620034,77.63570341389689,Suburbs,20,Safe,0.2825320421198601,0
12.978664134077038,77.53968202023871,Industrial Area,0,Safe,0.6350454126976807,1
13.008911064930935,77.5987974360287,Downtown,4,Assault,0.7954427817996595,2
12.93197595267329,77.65832801443662,Industrial Area,21,Theft,0.6278892804370285,1
13.038249332757198,77.59514081563782,Park/Isolation Zone,10,Safe,0.37439850702948474,1
12.9335133078609,77.6073246559471,Residential Area,10,Harassment,0.24780889836597308,0
12.962061696420909,77.65422720963417,Downtown,12,Harassment,0.395716163469968,1
13.000669026121232,77.63225306125302,Industrial Area,1,Stalking,0.8665528096542106,2
13.059288112304696,77.58186898417648,Downtown,18,Assault,0.8050448948616226,2
13.047893846647746,77.67908254223885,Park/Isolation Zone,15,Safe,0.3366384232542784,0
13.029106871282105,77.5325134137327,Residential Area,4,Stalking,0.5002804391727578,1
12.931154652116033,77.69910328971807,Downtown,13,Harassment,0.45079980393886143,1
13.009409069123116,77.52377051569525,Park/Isolation Zone,18,Stalking,0.6578355830864243,2
12.917489300359977,77.50298999422085,Park/Isolation Zone,4,Stalking,0.7620212209347405,2
12.97547263535933,77.67800378022976,Park/Isolation Zone,20,Safe,0.47250739859469604,1
12.982703306057992,77.54899070167319,Industrial Area,23,Safe,0.6305540215446979,1
12.90796228788915,77.64593992548934,Suburbs,8,Safe,0.098433135503643,0
12.954797619893995,77.66220307498642,Downtown,23,Assault,0.8910368732164762,2
13.091129893453298,77.67179727820643,Suburbs,11,Stalking,0.34212604805608277,0
13.090726521565937,77.69831884713284,Park/Isolation Zone,15,Stalking,0.5836490177320967,1
12.970465410850508,77.558807942008,Suburbs,18,Assault,0.5319225829124989,1
12.908620021789664,77.64204866838546,Park/Isolation Zone,14,Harassment,0.5976674280667365,1
12.935818987865636,77.52307997165616,Park/Isolation Zone,16,Theft,0.4683048026613065,1
12.978443558686708,77.58136185827136,Residential Area,14,Harassment,0.276612387824508,0
13.089555939593845,77.66959433866252,Residential Area,2,Assault,0.7539532727213254,2
12.928239812707437,77.57353160921183,Suburbs,16,Stalking,0.29422235055642626,0
13.052703168733641,77.61821907610712,Downtown,12,Stalking,0.4750460120647008,1
12.92173650787494,77.60075468874493,Suburbs,8,Safe,0.19582465092451223,0
13.096251515478254,77.62919030622241,Downtown,12,Safe,0.2668367182344888,0
12.976323299821827,77.69457887787755,Suburbs,15,Stalking,0.3071098586917246,0
13.055046907779811,77.51114710530028,Industrial Area,18,Stalking,0.595933014233417,1
12.968518216562227,77.61479230350032,Industrial Area,13,Safe,0.35006971214662463,1
13.02553377543176,77.67260575585006,Downtown,7,Safe,0.199395836040355,0
12.938403216948007,77.59627654234968,Residential Area,21,Harassment,0.4228565120048349,1
12.929204203859392,77.51570543718832,Downtown,18,Stalking,0.629188285901875,1
13.087612827913626,77.61210787048336,Suburbs,23,Stalking,0.6043435346858327,1
13.083529455580887,77.56641477816477,Park/Isolation Zone,2,Assault,0.9961881843360848,2
13.077493788042576,77.53098835706759,Industrial Area,22,Harassment,0.7724294408950746,2
13.02508669003332,77.6698069026567,Park/Isolation Zone,20,Theft,0.6805566884163038,2
13.061653642243256,77.60431990259822,Industrial Area,17,Theft,0.4570275848825898,1
12.913807387382276,77.68665528247581,Suburbs,15,Theft,0.32160642700787506,0
12.966957808378137,77.66120330092062,Industrial Area,13,Safe,0.3726175920773648,1
12.962740624951431,77.63859435875473,Downtown,15,Theft,0.35225915552861303,1
13.027129064390522,77.50100510067307,Park/Isolation Zone,23,Assault,0.9836492398368586,2
12.971191554694128,77.58556469132765,Park/Isolation Zone,16,Safe,0.457715287368816,1
12.929701356328737,77.5394972563304,Suburbs,19,Safe,0.19207702534890764,0
13.019293415082709,77.68215958220978,Park/Isolation Zone,10,Theft,0.5398812642589235,1
13.062876784133817,77.53491679693528,Suburbs,12,Safe,0.127399894096816,0
12.976424698891995,77.55721201033185,Residential Area,10,Harassment,0.2575525139345823,0
12.926453743019696,77.6033673535469,Downtown,3,Harassment,0.709965059422512,2
12.939337639462565,77.55267272379962,Industrial Area,13,Theft,0.5422471931100723,1
12.947496661033878,77.54197293545583,Industrial Area,4,Assault,0.89124763116384,2
12.959979518598907,77.61981986502055,Industrial Area,3,Safe,0.6214957820211553,1
13.028559014101262,77.517785904551,Residential Area,0,Stalking,0.5806897837079181,1
13.020189096907544,77.51163355174418,Downtown,13,Theft,0.4628428934852945,1
13.039215972313407,77.57444905903722,Park/Isolation Zone,6,Safe,0.430478235261165,1
12.972500396906304,77.64413289090157,Park/Isolation Zone,9,Theft,0.535759951265326,1
13.064799530375996,77.6109613516548,Downtown,1,Theft,0.619036886292995,1
12.940817532231152,77.58457529369336,Downtown,9,Assault,0.6003809251693287,1
12.99380814950363,77.61315031284492,Industrial Area,2,Stalking,0.8942490391451196,2
13.060187744308285,77.57309029693066,Park/Isolation Zone,20,Safe,0.3587320794484283,1
12.936031729546524,77.68722926708642,Downtown,7,Theft,0.3735810444774319,1
12.921972622748157,77.51098097818216,Park/Isolation Zone,9,Theft,0.5076655975339032,1
13.076736793537597,77.63467829580597,Downtown,7,Safe,0.23279097767455045,0
12.96858593255184,77.67825653296555,Suburbs,13,Theft,0.21644627122867324,0
13.036774024981806,77.66077694174706,Industrial Area,17,Theft,0.44332622653287235,1
12.905069720852788,77.5368082069643,Downtown,8,Theft,0.4518761911568434,1
13.03800937768189,77.55918526979606,Residential Area,21,Harassment,0.5184477453489463,1
12.963220262309394,77.64340958774142,Downtown,8,Harassment,0.48525105823368425,1
12.911148170717489,77.51685411183615,Suburbs,3,Stalking,0.7276680630607184,2
13.021962552309624,77.66237233996652,Residential Area,2,Assault,0.7232609714524617,2
12.948160763214634,77.64378138892096,Residential Area,13,Safe,0.12983923285972104,0
12.977361448410376,77.64592132984707,Downtown,13,Assault,0.5490576729606934,1
12.916116162457303,77.52004827405352,Suburbs,20,Assault,0.7465562224218925,2
12.92943265021899,77.64355210896325,Residential Area,15,Harassment,0.30500735313474703,0
12.959595447099169,77.635963625044,Industrial Area,4,Stalking,0.7402053465519409,2
12.917951900112032,77.66618449816437,Industrial Area,19,Assault,0.7118767546132684,2
13.082165252937262,77.50831919125129,Park/Isolation Zone,22,Assault,1.0,2
12.901209408636795,77.50462213369356,Park/Isolation Zone,23,Theft,0.8056849619514883,2
12.996772043772863,77.5746014199757,Suburbs,14,Safe,0.12320524500970281,0
12.92464949162651,77.52975765676983,Residential Area,20,Stalking,0.5006786091012325,1
12.961535817895589,77.61167689551405,Industrial Area,8,Safe,0.2940101416274646,0
13.085211911963652,77.68346978030135,Industrial Area,6,Harassment,0.6345925712887043,1
12.932338910654797,77.5782959460668,Suburbs,12,Assault,0.44551712110446406,1
13.093166463943666,77.66899007545452,Residential Area,22,Assault,0.8234137629228644,2
12.941158875397884,77.50004817490357,Suburbs,7,Safe,0.08163083552892265,0
13.048313221693366,77.53370292869184,Downtown,11,Harassment,0.562939187675976,1
13.009335452979462,77.50608470793081,Industrial Area,3,Theft,0.7530688448861211,2
13.076895745519352,77.56562943610301,Suburbs,15,Theft,0.3199983514880237,0
13.010798651100625,77.6816379191393,Suburbs,5,Assault,0.657196305287763,2
13.006911843831261,77.5193904247198,Downtown,4,Assault,0.6718281559386747,2
12.93909160007368,77.62128195534876,Park/Isolation Zone,0,Stalking,0.8324066166283896,2
12.933245872410332,77.59029918782389,Industrial Area,13,Safe,0.2660884613396387,0
13.083297830223103,77.68769364247316,Suburbs,8,Assault,0.3728158147344387,1
12.965567639770008,77.52450382850742,Industrial Area,17,Harassment,0.4793468907000099,1
12.97441645099258,77.54240557010044,Park/Isolation Zone,5,Safe,0.5014058977799244,1
13.051964731685677,77.5059083937223,Suburbs,14,Stalking,0.38243047333944646,1
12.967764696484561,77.58678704992627,Downtown,15,Theft,0.40902882072888397,1
13.0904124893278,77.55556657991293,Industrial Area,7,Stalking,0.5502619892303631,1
13.04758555379976,77.67398118677806,Downtown,18,Safe,0.451187064502653,1
13.019485848514684,77.62098816263955,Park/Isolation Zone,4,Theft,0.6944941587709192,2
13.07617903210895,77.62281814759514,Park/Isolation Zone,13,Harassment,0.6453920623222197,1
12.909921181669898,77.60638213937627,Industrial Area,6,Theft,0.6093311922043748,1
12.951412538437841,77.51837006744584,Park/Isolation Zone,3,Theft,0.6794510900726158,2
12.993007266844183,77.58900373674507,Residential Area,20,Harassment,0.4713599308828841,1
12.945395707894304,77.6999010379417,Industrial Area,0,Assault,1.0,2
13.04878103746043,77.6670458581692,Residential Area,3,Assault,0.8012993046940596,2
13.083841606210745,77.67869181083343,Park/Isolation Zone,13,Theft,0.5627650034726913,1
12.984754023986184,77.6646452718493,Industrial Area,22,Theft,0.7547414936369866,2
12.96842652002238,77.5206083386862,Residential Area,15,Stalking,0.39565683244632455,1
13.092310146427513,77.54548965081295,Park/Isolation Zone,6,Assault,0.9153964266179068,2
12.988970486565508,77.50062433027128,Suburbs,9,Harassment,0.28328748425235434,0
12.997809680089857,77.56070202497563,Suburbs,9,Theft,0.22496085251667622,0
12.970329974468381,77.5217214804693,Downtown,3,Theft,0.7227351531013004,2
13.081909694602427,77.59455866906032,Suburbs,11,Stalking,0.39846307651357354,1
13.01379109665637,77.63542549771478,Residential Area,5,Stalking,0.3622315484369291,1
13.05243491743633,77.67490105900762,Suburbs,12,Stalking,0.34026103165121346,0
13.062361343670178,77.64984343301818,Industrial Area,20,Safe,0.3523272875217162,1
12.968369808383452,77.6877171191557,Industrial Area,0,Harassment,0.7938711385588753,2
12.986738866264076,77.51077965807876,Industrial Area,7,Safe,0.3844807227463124,1
13.069694354881253,77.50243596708331,Suburbs,22,Theft,0.5187990820400784,1
12.972651070335163,77.63226762276724,Suburbs,15,Stalking,0.33569578620643015,0
13.05878702669037,77.55787048204445,Downtown,4,Stalking,0.6830967884013841,2
13.088198464514887,77.55070020322115,Park/Isolation Zone,6,Stalking,0.7996892666821083,2
13.0246420746136,77.56617741753875,Downtown,2,Assault,0.9478083316530427,2
13.048325457490378,77.55395921157847,Residential Area,23,Harassment,0.601865897575441,1
13.061019462408227,77.60228728126032,Industrial Area,20,Safe,0.4785233420308716,1
13.069007929779328,77.58802968944482,Suburbs,1,Harassment,0.6263291663425101,1
12.979010667571359,77.60248571027533,Park/Isolation Zone,1,Stalking,0.8648127148901922,2
12.9102526918352,77.63454272230008,Park/Isolation Zone,19,Theft,0.5624477314076455,1
12.980375254247347,77.57742610179423,Suburbs,22,Assault,0.7051487864036586,2
13.034751245956818,77.55026153742843,Downtown,9,Harassment,0.5219365457205611,1
12.990070077156158,77.53324010736175,Park/Isolation Zone,19,Theft,0.7606606592593699,2
13.04979263017208,77.56989482390652,Downtown,8,Stalking,0.4954490796873112,1
12.971396485893733,77.64836129504924,Suburbs,17,Stalking,0.4200090023784095,1
13.026948828220807,77.65134098202229,Downtown,5,Stalking,0.6351300912743173,1
12.937283960970795,77.63338107733685,Industrial Area,19,Stalking,0.7174516557857632,2
13.04987388732899,77.54680563506138,Suburbs,5,Assault,0.5692897514126265,1
13.009139193762605,77.61761724917095,Suburbs,9,Assault,0.5007274268998815,1
12.94081287770932,77.61413793231537,Park/Isolation Zone,8,Harassment,0.5180692056703343,1
12.958382234699561,77.59685323962195,Park/Isolation Zone,8,Stalking,0.5553693250479572,1
13.049721741716366,77.60999579727678,Park/Isolation Zone,2,Assault,1.0,2
12.996520247132304,77.59835812652473,Industrial Area,11,Theft,0.490838320939516,1
12.943206288078615,77.61309127321482,Industrial Area,10,Assault,0.6581826555954178,2
13.09345423807406,77.64310119092423,Residential Area,13,Assault,0.42654866325172647,1
13.043025003963377,77.52192563888069,Suburbs,18,Harassment,0.4050160939191707,1
13.091426966507958,77.64992515042981,Park/Isolation Zone,9,Assault,0.6156554138920906,1
12.985421009072068,77.52717723002552,Suburbs,18,Theft,0.3771873456356699,1
12.995020068138345,77.51332559968208,Downtown,4,Stalking,0.642354308210053,1
13.079591043237004,77.6952159372443,Industrial Area,21,Safe,0.4776980279282535,1
13.005009868049077,77.69139835377409,Residential Area,8,Harassment,0.24164463113079174,0
13.041455782381133,77.51208730898811,Downtown,0,Theft,0.7334093799868452,2
12.950434575499106,77.58865068829499,Suburbs,14,Harassment,0.27029207857958076,0
12.989345293740529,77.53724898765995,Industrial Area,23,Stalking,0.8243114702559085,2
12.92468997316207,77.59706897942688,Park/Isolation Zone,3,Assault,1.0,2
12.941196007175392,77.66603544859991,Downtown,6,Assault,0.6261325796864259,1
12.900188683053527,77.69012235494858,Industrial Area,5,Theft,0.5386585530393873,1
12.907853010329733,77.6268505306903,Suburbs,14,Stalking,0.35228227791782946,1
13.095456764635385,77.57078113344237,Suburbs,5,Safe,0.24975145021406694,0
12.948470739027353,77.62066511312892,Downtown,6,Safe,0.31490077446822157,0
13.0326621419008,77.5624002612217,Downtown,19,Assault,0.7252896475569972,2
13.067819939759922,77.68196472816642,Downtown,21,Stalking,0.6979007591866351,2
13.010132091847312,77.67408009262117,Residential Area,2,Stalking,0.591858478314782,1
12.930628900016792,77.61164635005593,Park/Isolation Zone,20,Theft,0.704037613844918,2
13.045623287467233,77.56495978307608,Industrial Area,12,Safe,0.2641919871465854,0
13.020050282019916,77.55867793511659,Suburbs,1,Theft,0.4563537970157935,1
13.046250117869475,77.50668359894101,Suburbs,2,Harassment,0.6409542759619827,1
13.053949324571418,77.66316417020506,Park/Isolation Zone,12,Stalking,0.6125345887887477,1
13.095082073536949,77.5900766426078,Downtown,8,Safe,0.17670316871880667,0
13.014712656005342,77.56502658568006,Downtown,21,Theft,0.5228610510256291,1
12.968328222538121,77.59422207099955,Suburbs,18,Assault,0.6862481540851901,2
13.029692911380048,77.66374759809094,Park/Isolation Zone,17,Harassment,0.5829176171222226,1
12.913688141848526,77.52492284154151,Suburbs,4,Theft,0.4557693029632614,1
13.079479463664317,77.67153119764836,Downtown,9,Assault,0.5430841165787722,1
12.923876202267639,77.67950176702168,Industrial Area,13,Safe,0.3612639225833494,1
12.965568567577163,77.68934158300678,Downtown,20,Safe,0.32880234950901366,0
13.063149076125224,77.57949759848452,Industrial Area,16,Harassment,0.4303840399323998,1
13.019462475666142,77.54342808080753,Residential Area,2,Assault,0.7917559656742427,2
